4.100199999999999808e-05,5.041295662522316148e-06,3.592954576015472797e-05,-1.750076860189438138e-05
6.190299999999999330e-05,6.817522644996643457e-06,3.583814203739166623e-05,-1.762698739767075087e-05
1.062801260000000025e-01,4.976488277316093484e-06,3.605278134346008584e-05,-1.789060235023499121e-05
1.265221400000000052e-01,7.235175371170043886e-06,3.670348823070526510e-05,-1.811759173870087177e-05
2.479439240000000100e-01,4.531531408429146012e-06,3.704826533794403494e-05,-1.902206987142563324e-05
2.679957290000000159e-01,2.100498974323273015e-06,3.452891409397125717e-05,-1.385428756475448936e-05
3.898508350000000067e-01,4.057085141539574252e-06,3.577524423599243522e-05,-1.865587979555130584e-05
4.100673479999999982e-01,6.178182736039162188e-06,3.426290154457092211e-05,-1.968504935503006457e-05
5.315388340000000156e-01,3.662328422069549920e-06,3.668853640556335753e-05,-1.830898970365524688e-05
5.517453469999999971e-01,7.181618362665176558e-07,3.661326467990875123e-05,-1.512997150421143208e-05
6.733736409999999672e-01,3.907178714871406444e-06,3.629961907863617308e-05,-1.768478006124497045e-05
6.936258560000000406e-01,4.348343238234520426e-06,3.487482666969299777e-05,-1.771352738142013852e-05
8.154494599999999593e-01,4.843288287520408824e-06,3.722684979438781817e-05,-1.776313930749893606e-05
8.355150649999999457e-01,4.693629965186118981e-06,3.571803271770477211e-05,-1.573424488306045987e-05
9.568045429999999518e-01,4.424025863409042188e-06,3.694473206996917665e-05,-1.933728307485580708e-05
9.772623679999999924e-01,6.579993665218353971e-06,3.230178952217102394e-05,-2.032268941402435577e-05
1.098935865000000067e+00,4.456222802400589114e-06,3.635052144527435239e-05,-1.865277290344238584e-05
1.119544896999999928e+00,4.348886013031006452e-06,3.514729738235473802e-05,-2.117452919483185338e-05
1.233475705999999894e+00,4.096838459372521025e-06,3.474389016628265451e-05,-1.724876761436462775e-05
1.273572815000000080e+00,2.986056357622146612e-06,3.449823260307312192e-05,-2.019698470830917712e-05
1.373668230999999906e+00,5.643116682767867948e-06,3.711488246917724504e-05,-1.851520091295242768e-05
1.414294565999999920e+00,2.461885288357734715e-06,3.550130128860473969e-05,-1.814717799425125632e-05
1.515176121000000098e+00,5.225156247615814727e-06,3.555174469947814850e-05,-1.872401386499405172e-05
1.555480940999999895e+00,5.328420549631118734e-06,3.476783037185669122e-05,-1.927568614482880107e-05
1.656442500000000040e+00,2.952690236270427829e-06,3.570672273635864153e-05,-1.989479660987854550e-05
1.696772120999999967e+00,2.932851016521453904e-06,3.744052052497863687e-05,-1.842036396265030467e-05
1.798090997000000080e+00,4.309599101543426923e-06,3.522152006626129650e-05,-1.673348248004913886e-05
1.838295511999999965e+00,3.659642860293388619e-06,3.966425657272339269e-05,-1.812216788530350225e-05
1.939281371999999948e+00,2.499165013432502825e-06,3.652572631835937907e-05,-1.682458221912384448e-05
1.979748800000000086e+00,6.158183515071869253e-06,3.590859472751617892e-05,-2.030719965696335319e-05
2.081136279999999950e+00,4.275438562035560653e-06,3.654353618621826070e-05,-1.857644766569138147e-05
2.121833919000000179e+00,3.304694220423698681e-06,3.411845862865448437e-05,-1.862599700689316362e-05
2.223564216999999843e+00,4.300096258521080590e-06,3.557497859001159795e-05,-1.632294952869415717e-05
2.263515718999999926e+00,4.693294689059257713e-06,3.595386147499084347e-05,-1.989168226718903044e-05
2.365148311000000003e+00,4.093214869499207004e-06,3.589676618576049708e-05,-2.037436068058014451e-05
2.405754745999999944e+00,1.692387089133262798e-06,3.542094826698303291e-05,-1.976423710584641021e-05
2.507874063000000042e+00,3.359194844961166714e-06,3.490691781044006275e-05,-1.752898693084717189e-05
2.548551000999999872e+00,3.533225506544113522e-06,3.398113250732421719e-05,-1.298894584178924922e-05
2.650528410999999807e+00,5.599993467330933102e-06,3.631728589534759580e-05,-1.716635972261429358e-05
2.691139945999999838e+00,4.803845658898353712e-06,3.672099113464355599e-05,-2.033429592847824403e-05
2.792854141999999928e+00,4.622962698340416227e-06,3.594306111335754329e-05,-1.493204832077026919e-05
2.833580883000000217e+00,2.182097360491752591e-06,3.663318157196044934e-05,-1.693985909223557051e-05
2.934422436000000189e+00,3.338447585701942782e-06,3.598502576351166017e-05,-2.206550687551498964e-05
2.974927565000000218e+00,6.245375424623489261e-06,3.567039072513580818e-05,-1.858637183904648311e-05
3.076291544000000044e+00,5.290222167968750125e-06,3.712326586246490675e-05,-1.633732020854950488e-05
3.116801173999999897e+00,4.144666716456413818e-06,3.625710010528564869e-05,-1.797935217618942740e-05
3.217884139000000143e+00,4.010769724845886560e-06,3.655681014060974208e-05,-1.860832571983337709e-05
3.258393768999999995e+00,3.415431082248687853e-06,3.488675951957703069e-05,-2.061894983053207876e-05
3.359767349000000181e+00,3.352116420865058986e-06,3.640187680721283293e-05,-1.803723871707916838e-05
3.400531090999999950e+00,4.138747230172157206e-06,3.462662994861602717e-05,-1.752786189317703759e-05
3.718255110999999946e+00,5.406768620014190916e-06,3.670825362205505399e-05,-1.953821033239365112e-05
3.721619979999999828e+00,4.700628295540809554e-06,3.674215078353882074e-05,-1.634889692068100276e-05
3.732043902000000024e+00,4.720771685242653198e-06,3.679257333278656341e-05,-1.771548688411713228e-05
3.738640032999999807e+00,2.574962377548218057e-06,3.625221848487854309e-05,-1.909869164228439868e-05
3.785790594999999925e+00,4.034133255481720430e-06,3.498555123805999748e-05,-1.605612039566040435e-05
3.826346126999999875e+00,2.537211403250694224e-06,3.841229081153869988e-05,-1.888910382986069256e-05
3.927529997999999800e+00,4.265810176730156327e-06,3.566635549068451072e-05,-1.791694760322571091e-05
3.968043027999999861e+00,3.094546869397163430e-06,3.329036533832550464e-05,-1.705735772848129716e-05
4.069209497000000120e+00,4.762958735227584934e-06,3.517730832099914904e-05,-1.816125959157944140e-05
4.109762829000000117e+00,5.362742766737938324e-06,3.627908527851104868e-05,-1.648201495409012319e-05
4.211075505000000163e+00,4.759943857789040102e-06,3.647979497909545956e-05,-1.659801453351974899e-05
4.252111260999999587e+00,4.415313154458999493e-06,3.634608983993530321e-05,-1.930667310953140806e-05
4.352906511999999672e+00,3.219487145543098578e-06,3.559062480926514070e-05,-1.778585463762283764e-05
4.393357738999999818e+00,4.146727547049522328e-06,3.856328725814819338e-05,-1.565615087747574254e-05
4.494410502000000029e+00,3.830348327755927840e-06,3.810129761695861810e-05,-1.676060408353805965e-05
4.534816227000000310e+00,1.448607724159956086e-06,3.537244200706481914e-05,-1.596473306417465511e-05
4.635882990999999897e+00,4.171875491738319611e-06,3.665715157985687304e-05,-1.555526554584503714e-05
4.676473125000000231e+00,6.882298737764359061e-07,3.570124804973602735e-05,-1.623851805925369824e-05
4.777843004000000171e+00,3.869028389453887789e-06,3.708462715148926205e-05,-1.776599287986755648e-05
4.818241629000000081e+00,3.987065702676773191e-06,3.636761903762817749e-05,-1.745235770940781141e-05
4.920275240999999689e+00,3.659357130527496317e-06,3.516903519630432123e-05,-1.456733793020249043e-05
4.961799921999999974e+00,3.325769677758216885e-06,3.726483583450317355e-05,-1.711621135473251665e-05
5.083912140999999885e+00,4.241299256682396214e-06,3.656634986400604748e-05,-2.062543034553528267e-05
5.104130153999999919e+00,2.747451141476631433e-06,3.559505045413971383e-05,-1.385581940412521863e-05
5.225438431999999800e+00,2.637943997979164174e-06,3.583025634288788285e-05,-1.708306521177292443e-05
5.245556239999999981e+00,9.218709170818329066e-06,3.445848822593689344e-05,-1.637796312570572382e-05
5.367557152999999914e+00,3.293360769748687745e-06,3.581531941890716539e-05,-1.774409413337707945e-05
5.387569056000000245e+00,3.706841170787811660e-06,3.808716833591461451e-05,-2.189227640628815021e-05
5.509236052000000328e+00,3.766577690839767768e-06,3.693147897720336820e-05,-1.670218706130981872e-05
5.529404462999999659e+00,4.701096937060356162e-06,3.469554781913757258e-05,-1.928025186061859509e-05
5.651242867999999753e+00,3.465414419770241148e-06,3.659363985061645376e-05,-1.777948588132858665e-05
5.671372776000000115e+00,3.327102959156036725e-06,3.810762763023376804e-05,-2.294201105833053935e-05
5.792862863999999945e+00,4.693387076258659248e-06,3.641882538795471631e-05,-1.715381741523742942e-05
5.813120378999999893e+00,5.552678927779198003e-06,3.662522435188293312e-05,-1.516267061233521098e-05
5.934656368999999820e+00,3.793816268444061399e-06,3.561867177486420093e-05,-1.916510313749313787e-05
5.954870682000000137e+00,4.024080932140350830e-06,3.599180281162262174e-05,-1.815614402294159351e-05
6.076631182999999936e+00,5.042794719338417011e-06,3.571645021438598971e-05,-1.863803863525391143e-05
6.096492778000000001e+00,1.174840331077575764e-06,3.466689884662628294e-05,-2.091694176197052589e-05
6.218215576999999605e+00,3.480153530836105307e-06,3.582841157913208002e-05,-1.732328683137894051e-05
6.238441790999999625e+00,2.617150731384754351e-06,3.594921231269836452e-05,-2.267334759235382693e-05
6.360044684000000004e+00,4.906387999653816609e-06,3.663876950740814221e-05,-2.012303620576859115e-05
6.380226095000000264e+00,3.801843896508216969e-06,3.525036871433258101e-05,-1.751025766134262348e-05
6.502200906999999752e+00,3.729999810457229888e-06,3.619140982627868687e-05,-1.804753392934799517e-05
6.522210910000000084e+00,6.758375465869903471e-06,3.274191915988922325e-05,-1.969934850931167944e-05
6.643463184999999882e+00,3.287553042173385736e-06,3.583901822566986137e-05,-1.624853163957596085e-05
6.663629996000000055e+00,5.798729881644249378e-06,3.246069550514221177e-05,-1.466105431318283448e-05
6.786088831999999904e+00,3.356404229998588899e-06,3.570995032787323189e-05,-1.676650196313858468e-05
6.806469652999999731e+00,4.763981699943542441e-06,3.425715267658233543e-05,-2.269422560930252412e-05
6.948174952999999654e+00,4.612383618950844201e-06,3.694631159305572781e-05,-1.856759041547775577e-05
6.968399866999999581e+00,5.271942168474197790e-06,3.436895608901977672e-05,-2.016768753528595519e-05
7.090350077000000084e+00,4.199874401092529889e-06,3.649755418300628805e-05,-2.093708962202072487e-05
7.110394776999999777e+00,4.255594313144683796e-06,3.689980208873748984e-05,-1.658716201782226989e-05
7.232043048999999613e+00,3.998499736189842761e-06,3.497263789176941156e-05,-1.790940016508102767e-05
7.252124166999999844e+00,6.980094313621520912e-06,3.395868539810180869e-05,-1.881022155284881866e-05
7.373828642000000322e+00,3.258620202541351287e-06,3.795059621334076326e-05,-1.823601275682449645e-05
7.394180675000000313e+00,7.010781764984131359e-06,3.367386162281036608e-05,-1.255526095628738740e-05
7.516011956999999910e+00,4.944701865315437348e-06,3.593249917030334582e-05,-1.899967342615128127e-05
7.536047671999999586e+00,6.616328656673432117e-06,3.714988529682159557e-05,-1.768218129873276186e-05
7.658335079999999628e+00,5.563333630561828457e-06,3.637633323669434089e-05,-1.814561635255814006e-05
7.678675012000000244e+00,2.526762150228023618e-06,3.963845968246460107e-05,-1.521020829677582384e-05
7.800451791000000412e+00,3.565808385610580785e-06,3.771758675575256491e-05,-1.642726808786392723e-05
7.820659115999999855e+00,6.831292808055878224e-06,3.974089324474335162e-05,-1.845032572746277140e-05
7.942088674999999931e+00,3.804397583007812787e-06,3.677301406860351596e-05,-1.759283989667892933e-05
7.962370503999999904e+00,5.295869335532188918e-06,3.747887313365936375e-05,-2.101077437400818157e-05
8.083851267000000007e+00,4.076108708977699281e-06,3.683328628540039279e-05,-1.717657297849655446e-05
8.104459714000000758e+00,3.636851906776428189e-06,3.903971016407013176e-05,-2.236355394124985032e-05
8.225853671999999506e+00,4.260787740349769477e-06,3.619117140769958417e-05,-1.907112002372742145e-05
8.245979092000000676e+00,7.153050601482392061e-06,3.781031072139740218e-05,-1.419385969638825034e-05
8.367490955999999258e+00,3.280012682080269066e-06,3.678180873394012627e-05,-2.007530182600021805e-05
8.387540973000000122e+00,4.097802191972732610e-06,3.394341468811034473e-05,-2.801415324211121015e-05
8.509461959999999436e+00,4.225806891918182826e-06,3.402703404426574970e-05,-1.725984066724777803e-05
8.529488373999999595e+00,4.310579970479011366e-06,3.439818918704986764e-05,-1.412824243307114037e-05
8.651174347999999625e+00,4.100161418318748402e-06,3.569901585578918687e-05,-1.600457280874252738e-05
8.671405175000000298e+00,6.629207730293274013e-06,4.041080772876739694e-05,-1.400605291128159060e-05
8.792946540000000866e+00,4.070687294006348209e-06,3.627481162548065529e-05,-1.559417992830276997e-05
8.813640592000000495e+00,5.272853747010231295e-06,3.700930476188659583e-05,-2.004517912864685412e-05
8.935050451000000393e+00,4.870958253741264477e-06,3.564769029617310009e-05,-1.793406158685684513e-05
8.955155870000000462e+00,6.037303432822227956e-06,3.598769307136536020e-05,-2.117002159357071433e-05
9.076977952000000016e+00,3.902241960167884733e-06,3.680742681026458917e-05,-1.948889642953873026e-05
9.097177675999999380e+00,8.995678275823594041e-07,3.553964197635650770e-05,-1.937119811773300535e-05
9.218698340999999630e+00,5.113497003912925834e-06,3.516902327537536915e-05,-2.137740403413772894e-05
9.238927766999999847e+00,3.540787473320961353e-06,3.704681396484375258e-05,-2.068549245595932478e-05
9.380597153000000077e+00,2.922535128891468215e-06,3.563347756862640480e-05,-1.607217788696289570e-05
9.400586265999999469e+00,3.040338866412639818e-06,3.764279186725616401e-05,-2.151872366666794434e-05
9.522402346999999878e+00,5.824429914355278198e-06,3.644530177116393944e-05,-1.600307077169418849e-05
9.542626672999999116e+00,2.403833717107773067e-06,3.774893283843994157e-05,-1.246140152215958275e-05
9.664188140000000260e+00,3.871902078390121627e-06,3.553148508071899661e-05,-1.598925590515137070e-05
9.684560473999999530e+00,4.212139174342155457e-06,3.763203620910644771e-05,-1.901369988918304941e-05
9.806276150000000413e+00,4.240135103464126866e-06,3.411354720592499177e-05,-1.807958334684372446e-05
9.826712688000000639e+00,6.123642250895500877e-06,3.559022843837738220e-05,-1.801816523075104039e-05
9.947828030000000155e+00,3.685522451996803547e-06,3.552462756633758813e-05,-1.677488535642624300e-05
9.968096958000000285e+00,6.998330354690552266e-06,3.652277588844299246e-05,-1.904424428939819841e-05
1.008962662299999913e+01,3.676531836390495473e-06,3.658106029033660755e-05,-1.804666668176651409e-05
1.010995955499999965e+01,2.574529871344566353e-06,3.516264259815215929e-05,-1.642890274524689195e-05
1.023145831899999969e+01,4.197709634900093276e-06,3.566102385520935545e-05,-1.668694466352463291e-05
1.025158053900000077e+01,4.969173669815064112e-06,3.672603666782379343e-05,-1.537019312381744817e-05
1.037398195299999948e+01,3.982431814074516641e-06,3.585796058177948253e-05,-1.763184517621994553e-05
1.039416257599999938e+01,6.799390166997909606e-06,3.812367618083953855e-05,-1.895980983972549806e-05
1.051557373500000026e+01,3.469527512788772586e-06,3.646621704101562546e-05,-1.954031586647034181e-05
1.053590396599999934e+01,3.327933698892593569e-06,3.363544940948486522e-05,-1.842996925115585670e-05
1.065751183599999941e+01,6.400124728679657388e-06,3.541992604732513406e-05,-1.760881692171097377e-05
1.067758205300000007e+01,4.720441997051239068e-06,3.633888959884643417e-05,-2.462051361799240726e-05
1.079893870899999975e+01,3.578758239746093900e-06,3.653472661972046029e-05,-1.960108131170273317e-05
1.081916733499999950e+01,5.152917280793189856e-06,3.520100712776184503e-05,-1.466086804866791410e-05
1.094079740599999973e+01,5.083755776286125208e-06,3.702151477336883929e-05,-1.922702342271805391e-05
1.096085572199999980e+01,3.235314786434173658e-06,3.500474989414214947e-05,-2.515039443969726868e-05
1.108245199099999923e+01,3.468625992536544945e-06,3.566916882991790768e-05,-1.694586277008056901e-05
1.110272342000000023e+01,5.158624425530434078e-06,3.481743335723876793e-05,-1.282680779695511400e-05
1.122410697699999993e+01,3.913561627268791432e-06,3.595315814018249423e-05,-1.800163239240646943e-05
1.124443860899999947e+01,7.661148905754088935e-06,3.746987879276275857e-05,-2.184986621141434072e-05
1.136590576999999946e+01,6.557805836200714323e-06,3.508193492889404664e-05,-1.908285617828369413e-05
1.138622520100000024e+01,8.590313792228699527e-06,3.642167150974273828e-05,-1.995253562927246376e-05
1.150764826099999993e+01,3.395898267626762587e-06,3.601220548152923932e-05,-1.772821396589279442e-05
1.152774907999999954e+01,5.492255836725234914e-06,3.707246482372284049e-05,-1.419939100742340725e-05
1.164960326299999949e+01,2.935466356575489037e-06,3.624634444713592562e-05,-1.870352625846863359e-05
1.166989019200000044e+01,3.431263566017150988e-06,3.309981524944305669e-05,-2.173709124326706388e-05
1.179115824299999993e+01,5.337298288941383370e-06,3.541263937950134207e-05,-1.986697316169739108e-05
1.181141527099999955e+01,2.381196431815624156e-06,3.669356703758239809e-05,-1.075872853398323676e-05
1.193288173200000024e+01,4.687257111072540703e-06,3.620840013027191610e-05,-1.853580623865128154e-05
1.195333327099999998e+01,7.566194236278534428e-06,3.364684283733368074e-05,-1.565598845481872971e-05
1.207486643600000065e+01,4.502791538834572156e-06,3.712211251258850107e-05,-1.728889495134354023e-05
1.209515396599999981e+01,3.792490810155868906e-06,3.660123348236084327e-05,-1.799003481864929523e-05
1.221662752800000007e+01,3.592840954661369515e-06,3.668754100799560765e-05,-1.781575083732605435e-05
1.223707736599999940e+01,3.500239551067352639e-06,3.724945187568664445e-05,-1.603905707597733004e-05
1.235920726500000022e+01,2.575901336967945160e-06,3.549356460571289126e-05,-1.649312525987625552e-05
1.237859654400000053e+01,4.400158673524856487e-06,3.428898751735687635e-05,-2.483413368463516604e-05
1.250012280900000050e+01,4.873958602547645566e-06,3.493496775627136100e-05,-2.037173956632614736e-05
1.252053404499999978e+01,3.823620080947876569e-06,3.852157890796661412e-05,-1.436088979244232763e-05
1.264242123100000015e+01,3.169536590576171990e-06,3.441399931907654223e-05,-1.951272636651993307e-05
1.266284636800000030e+01,7.587254047393798996e-07,2.995691895484924052e-05,-2.074940949678421323e-05
1.278421472399999992e+01,2.016324363648891655e-06,3.271209895610809303e-05,-2.301096320152283217e-05
1.280459445800000040e+01,2.419006079435348436e-06,3.014685809612273822e-05,-2.544606924057007138e-05
1.292645134200000001e+01,2.189151244238019221e-07,3.404991626739502453e-05,-2.516607940196991588e-05
1.294631484800000010e+01,5.261175334453582769e-07,3.328908383846283016e-05,-2.519946694374084882e-05
1.306812282799999991e+01,-1.722925156354904305e-06,3.433413803577423096e-05,-2.266175746917725118e-05
1.308799953499999980e+01,-1.581791788339615007e-06,3.616342842578888344e-05,-2.084374874830246469e-05
1.320947729699999940e+01,-2.980564534664154072e-06,3.383466601371765467e-05,-1.987505406141281569e-05
1.322970462299999994e+01,-4.109827429056167913e-06,3.608755469322204773e-05,-1.936655491590500244e-05
1.335102707699999947e+01,-1.219384372234344564e-06,3.658311665058136411e-05,-1.860168725252152078e-05
1.337162212299999986e+01,-2.496427111327648143e-06,3.651923239231109729e-05,-1.912502050399780587e-05
1.349402313699999922e+01,-8.573897182941437444e-07,3.670884370803833131e-05,-1.771787554025650615e-05
1.351427966500000011e+01,-3.063766099512577066e-06,3.493853211402892910e-05,-1.892838329076767449e-05
1.363538150599999987e+01,7.439047098159790449e-07,3.652621507644653655e-05,-2.004268914461136380e-05
1.365592834999999994e+01,1.663351058959961023e-06,3.631038665771484824e-05,-1.976264715194702597e-05
1.377773323000000083e+01,2.237438410520553579e-06,3.622924685478210729e-05,-1.840111166238785135e-05
1.379760993700000071e+01,3.820062056183815112e-06,3.869594931602478473e-05,-1.193952485918999316e-05
1.391909109899999919e+01,2.801296301186084879e-06,3.681536018848419444e-05,-1.884888559579849670e-05
1.393910201299999940e+01,2.385625429451465911e-06,3.560855686664581509e-05,-1.511106640100479636e-05
1.406055777499999948e+01,5.159797146916389431e-06,3.758536577224731593e-05,-1.790006011724472391e-05
1.408123542599999922e+01,2.719097584486007666e-06,3.370155394077301367e-05,-1.668642014265060900e-05
1.420205145100000088e+01,3.158410266041755636e-06,3.515252470970154221e-05,-1.986591666936874821e-05
1.422257239300000009e+01,3.511921316385269151e-06,3.581491410732269283e-05,-1.969777941703796813e-05
1.434404185500000040e+01,3.028989396989345705e-06,3.609183728694916195e-05,-1.673077791929245339e-05
1.436429768300000021e+01,4.808245226740837382e-06,3.924424052238464835e-05,-2.139233946800232400e-05
1.448575594399999922e+01,3.660280629992485295e-06,3.493535816669464346e-05,-1.987494081258774377e-05
1.450594866800000027e+01,3.956449776887893892e-06,3.533976376056671486e-05,-1.512301862239838150e-05
1.462763854199999969e+01,3.867685049772262510e-06,3.584958910942077968e-05,-2.134069055318832720e-05
1.464774756199999928e+01,8.558610081672668815e-06,3.215776681900024887e-05,-1.711426973342895780e-05
1.476930582900000033e+01,3.035198152065277270e-06,3.451928794384002882e-05,-2.110289633274078943e-05
1.478990047499999960e+01,3.915522247552871907e-06,3.903289437294006235e-05,-1.809530705213547271e-05
1.491120032799999962e+01,3.022104315459728322e-06,3.401456475257873740e-05,-2.185797095298767627e-05
1.493172327000000088e+01,3.363864496350288415e-06,3.357031345367431769e-05,-2.261507064104080689e-05
1.503587646799999966e+01,4.288905858993530259e-06,3.441385626792907654e-05,-1.969319730997086160e-05
1.507714806499999938e+01,1.954715885221958232e-06,3.119439482688903767e-05,-2.116286903619766718e-05
1.517719963999999955e+01,2.859665639698505607e-06,3.357182741165161204e-05,-2.201692163944244797e-05
1.521766769599999947e+01,2.597258239984512664e-06,3.291263282299042000e-05,-2.010443955659866857e-05
1.531885963599999911e+01,2.024208568036556445e-06,3.454831838607788007e-05,-2.090909332036972455e-05
1.535951390199999977e+01,1.317128166556358299e-06,3.371865749359130804e-05,-2.181588709354401144e-05
1.546044882700000045e+01,2.180631086230278011e-06,3.416740298271179571e-05,-2.241853475570679196e-05
1.550120399899999946e+01,1.297872699797153570e-06,3.323210775852203852e-05,-2.306496500968933643e-05
1.560244254200000036e+01,2.481327950954437387e-06,3.498592376708984503e-05,-2.295665442943573378e-05
1.564317981199999963e+01,6.490743719041347751e-07,3.510652482509613465e-05,-2.399032860994339354e-05
1.574404573400000018e+01,1.946369186043739448e-06,3.442941904067993436e-05,-2.413586527109146636e-05
1.578501641799999966e+01,2.122110500931740003e-06,3.457953035831451866e-05,-2.074410170316696552e-05
1.588639106800000000e+01,3.349130973219871816e-06,3.546465039253234996e-05,-2.331045269966125776e-05
1.592723074399999916e+01,3.169725462794304032e-06,3.333088159561157718e-05,-2.157994359731674577e-05
1.602851028899999974e+01,1.867547072470188185e-06,3.374111056327819936e-05,-2.413278222084045731e-05
1.606893664200000060e+01,4.936547577381134527e-06,3.283422291278839108e-05,-2.005929350852966761e-05
1.616982526500000006e+01,5.314696463756263360e-08,3.499378859996795548e-05,-2.269815057516098430e-05
1.621055093500000055e+01,-1.481477171182632595e-06,3.339657187461853223e-05,-2.130488157272339197e-05
1.631174337499999893e+01,1.053399220108985902e-06,3.218857944011688417e-05,-2.062505781650543512e-05
1.635218622900000085e+01,3.657989203929901431e-06,3.467730879783630744e-05,-2.169971913099289339e-05
1.645522237200000149e+01,1.673077605664730167e-06,3.576532602310180623e-05,-2.110867351293564410e-05
1.649788655000000048e+01,-7.364456541836262257e-07,3.595018386840820345e-05,-2.174237817525864205e-05
1.661219522100000034e+01,3.550499305129051454e-06,3.716094195842743335e-05,-1.881715506315231702e-05
1.667229927099999998e+01,1.943309977650642613e-06,3.667353093624115202e-05,-2.108497023582458769e-05
1.675176700000000096e+01,1.337068993598222890e-06,3.499580323696136619e-05,-2.107166200876236568e-05
1.681176854499999962e+01,4.089247435331344862e-06,3.570471704006195166e-05,-2.003705203533173002e-05
1.689192891200000091e+01,3.154336661100387723e-06,3.384758234024047861e-05,-2.171307206153869928e-05
1.695208836600000168e+01,3.097534179687500210e-06,3.545588850975036466e-05,-2.297000586986542065e-05
1.703287006800000114e+01,2.831514552235603667e-06,3.769294023513794094e-05,-1.732010543346405304e-05
1.709329243599999870e+01,7.091629784554242925e-07,3.547352254390716915e-05,-2.184312045574188514e-05
1.717391592899999964e+01,1.487146969884634158e-06,3.624804615974426276e-05,-2.233169525861740523e-05
1.723452280700000117e+01,3.341051563620567494e-06,3.416185975074767994e-05,-2.261804938316345809e-05
1.731505629600000162e+01,3.430766612291336400e-06,3.738197684288025293e-05,-2.099773436784744586e-05
1.737562967199999875e+01,3.901862725615501638e-06,3.552805185317993534e-05,-2.236152142286301149e-05
1.745652228100000158e+01,3.553846105933189355e-06,3.614749610424041609e-05,-2.126584202051163175e-05
1.751696264899999989e+01,5.275741219520569369e-06,3.601642549037933476e-05,-2.413917779922485727e-05
1.759814067399999971e+01,2.545613050460815505e-06,3.549328446388244949e-05,-2.087259739637375259e-05
1.765920697800000028e+01,3.706697002053260951e-06,3.148501813411712689e-05,-2.135977447032928826e-05
1.774005288400000069e+01,2.150646597146987899e-06,3.410776555538177330e-05,-1.809450238943100363e-05
1.780100598099999942e+01,4.855792969465256103e-06,3.526680171489715793e-05,-2.031826227903366363e-05
1.788175818199999867e+01,3.530881553888320978e-06,3.431454896926880330e-05,-2.075606733560562685e-05
1.794304059699999954e+01,2.084660343825817267e-06,3.532567024230957430e-05,-1.630788147449493966e-05
1.802363268899999937e+01,3.170609846711158815e-06,3.601491451263427843e-05,-2.001097947359085365e-05
1.808413726099999863e+01,3.225147351622581680e-06,3.636507987976074626e-05,-1.925595402717590772e-05
1.816530558499999870e+01,3.452442586421966695e-06,3.545251488685608414e-05,-2.039802968502045012e-05
1.822612207499999926e+01,1.745257526636123779e-06,3.324865102767944256e-05,-1.938640475273132813e-05
1.830688997700000087e+01,1.777905039489269438e-06,3.431024551391601615e-05,-2.086419761180878177e-05
1.836765556399999966e+01,1.535710226744413428e-06,3.649253249168396155e-05,-2.149516344070435023e-05
1.844898229700000059e+01,5.175625532865524440e-06,3.317738473415374672e-05,-2.124300599098205981e-05
1.850961077599999882e+01,3.473141416907310497e-06,3.511349856853485308e-05,-2.236920893192291562e-05
1.859061549100000121e+01,2.947322651743889148e-06,3.457492291927337879e-05,-1.869227290153503896e-05
1.865137857699999913e+01,2.141354605555534522e-06,3.499302566051483226e-05,-2.076000571250915811e-05
1.873218078100000028e+01,2.062538079917431032e-06,3.534770607948303420e-05,-2.278871536254883294e-05
1.879331568799999985e+01,3.555596247315407051e-06,3.533147573471069695e-05,-2.298870086669922166e-05
1.887447511199999894e+01,3.616999089717865326e-06,3.174108862876892200e-05,-2.361675649881363374e-05
1.893513949300000121e+01,1.009186916053295084e-06,3.357520699501037538e-05,-2.350001633167267328e-05
1.901597569899999840e+01,1.291300728917121876e-06,3.394688665866852061e-05,-2.664559185504913817e-05
1.907692549600000120e+01,2.922457456588745299e-06,3.187141716480255304e-05,-2.527670860290527857e-05
1.915841113700000164e+01,1.756080612540245219e-06,3.332275748252869110e-05,-2.614136338233948368e-05
1.921907441800000171e+01,6.764675490558147312e-07,3.130468726158141586e-05,-2.797814011573791963e-05
1.929995262599999961e+01,4.055407643318176116e-06,3.060790300369262693e-05,-2.325367033481598493e-05
1.936108123300000017e+01,2.467996440827846514e-06,3.454795777797699138e-05,-1.916423738002777580e-05
1.944271108299999895e+01,4.603463038802146996e-06,3.307715952396393248e-05,-2.329166680574417677e-05
1.950352917300000044e+01,8.935084333643317854e-08,3.542452752590179789e-05,-1.910289227962494359e-05
1.958436627800000096e+01,2.861248329281807122e-06,3.444138765335083032e-05,-1.868128478527069600e-05
1.964504525999999984e+01,2.539952471852302650e-06,3.491269052028656038e-05,-1.989291161298752260e-05
1.972626208699999850e+01,2.112690731883049270e-06,3.648097515106201420e-05,-1.863311827182770138e-05
1.981648991599999832e+01,3.565150499343872383e-06,3.654102683067321646e-05,-1.930335462093353771e-05
1.986782567699999902e+01,3.319107741117477684e-06,3.511958718299865552e-05,-2.089207768440246875e-05
1.992852886100000021e+01,2.621953003108501463e-06,3.776946961879730399e-05,-1.921436488628387981e-05
2.000959407899999931e+01,2.945661731064319665e-06,3.699957728385925443e-05,-1.607964485883713203e-05
2.005085637899999895e+01,3.903971984982490702e-06,3.712379336357117207e-05,-1.661599874496460231e-05
2.013147647199999923e+01,2.228772081434726952e-06,3.702585995197296551e-05,-1.816362738609314235e-05
2.019227856099999840e+01,3.027777001261711103e-06,3.882256746292114396e-05,-1.969120800495148085e-05
2.027336048000000090e+01,4.296813532710075820e-06,3.764745891094207786e-05,-1.715465039014816648e-05
2.033395335699999862e+01,4.990684986114501795e-06,3.509959876537323135e-05,-1.824988573789596921e-05
2.041482606499999974e+01,2.464974485337734264e-06,3.590636551380157646e-05,-1.699485629796982126e-05
2.047619898599999999e+01,4.408612474799156696e-06,3.572922646999359276e-05,-1.900211572647095309e-05
2.055638525499999858e+01,3.525019809603691278e-06,3.690311610698700315e-05,-1.934542059898376764e-05
2.061711393999999942e+01,1.327917259186506337e-06,3.760051727294921837e-05,-2.149225175380707145e-05
2.069842477199999919e+01,4.170197248458862817e-06,3.641887903213501424e-05,-2.009838670492172577e-05
2.075924796199999989e+01,1.958385854959487897e-06,3.440191745758056758e-05,-2.299754321575165386e-05
2.084018607300000170e+01,2.759518474340438953e-06,3.544736206531525082e-05,-1.961188614368439037e-05
2.090099556199999853e+01,2.552465721964836358e-06,3.676308095455169686e-05,-1.876892745494842941e-05
2.098209158199999891e+01,1.566065289080142979e-06,3.611820936203003401e-05,-2.041097730398178683e-05
2.104275366299999916e+01,2.599377185106277415e-06,3.350127637386322431e-05,-2.092530727386474930e-05
2.112383658199999914e+01,2.230530977249145529e-06,3.624102473258972244e-05,-2.134731411933899340e-05
2.118469617399999905e+01,2.814934216439723987e-06,3.434249162673950567e-05,-2.241110205650329964e-05
2.126532096800000105e+01,2.440156228840351111e-06,3.461286723613739508e-05,-2.057855725288391461e-05
2.132614995899999855e+01,3.314829617738723881e-06,3.612943887710571769e-05,-2.556062936782837368e-05
2.140715217300000006e+01,4.532945156097412336e-06,3.416829705238342576e-05,-2.419240325689316382e-05
2.146785535700000125e+01,2.784306183457374762e-06,3.635770678520203132e-05,-2.299389690160751645e-05
2.154893987599999861e+01,4.711367934942245642e-06,3.352675437927245955e-05,-2.361185401678085859e-05
2.160998607799999860e+01,-5.259165540337563081e-07,3.258591294288635534e-05,-2.300910651683807725e-05
2.169099479400000163e+01,4.022673889994621748e-06,3.649719953536987541e-05,-2.213860005140305001e-05
2.175169697700000171e+01,2.486111037433147577e-06,3.604265153408050989e-05,-2.386572062969208121e-05
2.183264598899999953e+01,1.820111647248268271e-06,3.284994959831238074e-05,-2.198053300380707189e-05
2.189374989399999905e+01,1.031331717967987074e-06,3.308748602867126528e-05,-2.383871078491211332e-05
2.197442939100000103e+01,3.264271467924118207e-06,3.459435105323791941e-05,-2.347209453582764044e-05
2.203487506000000096e+01,3.707971051335334868e-06,3.417806327342987500e-05,-2.157974839210510793e-05
2.211615739000000147e+01,2.635449171066284102e-06,3.422350883483886826e-05,-2.097506523132324716e-05
2.217686987400000120e+01,2.830245345830917381e-06,3.296686410903930950e-05,-1.955743134021759505e-05
2.225797549500000017e+01,2.902474999427795470e-06,3.572995066642761493e-05,-1.967178881168365768e-05
2.231941951900000021e+01,6.311648990958929490e-07,3.503924608230590761e-05,-1.780468225479126448e-05
2.240069454900000068e+01,1.347343437373638217e-06,3.556044995784759784e-05,-1.924195438623428855e-05
2.246160244400000039e+01,2.940852753818035311e-06,3.528389930725097626e-05,-1.888241469860077294e-05
2.254273586600000101e+01,3.823608160018921095e-06,3.547957539558410856e-05,-2.345334589481354150e-05
2.260337324600000031e+01,1.920010522007942297e-06,3.463082015514374240e-05,-1.673526763916016093e-05
2.268411834600000176e+01,1.731814630329608903e-06,3.573999106884002990e-05,-2.022493332624435893e-05
2.274476742699999932e+01,4.885228723287582453e-06,3.426843285560607903e-05,-1.909252256155014594e-05
2.282588814800000065e+01,2.084437943994999014e-06,3.485330939292907558e-05,-2.107869684696198049e-05
2.288663703399999960e+01,2.780232951045036602e-06,3.583162724971771152e-05,-2.081085294485092725e-05
2.296749704100000145e+01,3.410246223211288601e-06,3.430156409740448453e-05,-1.976867020130157839e-05
2.302855094399999913e+01,1.843916252255439851e-06,3.693155944347381510e-05,-2.070868611335754738e-05
2.310987597600000143e+01,1.600278168916702418e-06,3.439740538597107149e-05,-1.753502339124679880e-05
2.317043498499999998e+01,3.453032672405243169e-06,3.446941375732421762e-05,-2.186280488967895998e-05
2.325123291999999964e+01,2.557593584060669051e-06,3.596398830413818817e-05,-2.038350701332092605e-05
2.331238434899999845e+01,1.254877261817455445e-06,3.289374709129333480e-05,-1.863159835338593098e-05
2.339320128499999996e+01,2.683829516172409278e-06,3.779134154319763205e-05,-2.060082852840423918e-05
2.345397179500000107e+01,4.225474596023559580e-06,3.450799584388733313e-05,-1.983388662338257284e-05
2.353480563100000111e+01,1.335562299937009979e-06,3.430487215518951503e-05,-2.131293416023254860e-05
2.359555684000000042e+01,1.692617312073707764e-06,3.627775311470032106e-05,-1.948897838592529618e-05
2.367704601000000153e+01,1.755366101861000222e-06,3.503317534923553329e-05,-2.070667892694473850e-05
2.373798032799999902e+01,1.030761562287807450e-06,3.534987568855285590e-05,-2.171146273612976452e-05
2.381897247299999876e+01,3.496670722961425814e-06,3.535309433937073220e-05,-2.348254919052124542e-05
2.387963587699999835e+01,5.049522221088409624e-06,3.310135900974273804e-05,-2.141727209091186918e-05
2.396091893699999886e+01,3.892881423234939499e-06,3.367306590080261107e-05,-2.294330000877380888e-05
2.402186345599999839e+01,1.779921166598796827e-06,3.540431857109069914e-05,-2.237911671400070476e-05
2.410248508100000109e+01,2.773152291774749934e-06,3.303355872631072850e-05,-2.465157806873321974e-05
2.416365211100000110e+01,5.347742885351181644e-06,3.347843885421753336e-05,-2.168017029762268579e-05
2.424482386500000075e+01,2.120809629559517117e-06,3.418758511543273872e-05,-2.243116348981857906e-05
2.430534596200000053e+01,3.633756190538406697e-06,3.508349359035491810e-05,-2.282737195491791254e-05
2.438627370400000061e+01,2.574532665312290345e-06,3.411431610584259104e-05,-2.258545756340027337e-05
2.444685230400000009e+01,4.254869744181633570e-06,3.381261527538299789e-05,-2.444775998592377324e-05
2.452847468099999872e+01,2.279670536518096824e-06,3.444676399230956946e-05,-2.447269856929779446e-05
2.458866616099999902e+01,2.837099134922027917e-06,3.482109308242797982e-05,-2.230342328548431678e-05
2.466964950499999887e+01,1.330960635095834871e-06,3.456314504146576364e-05,-2.278798967599869176e-05
2.473080583500000174e+01,2.796722203493118458e-06,3.573108911514282372e-05,-2.172328680753708255e-05
2.483231172900000061e+01,2.097439952194690633e-06,3.514108955860138084e-05,-2.293086051940918356e-05
2.487269909600000162e+01,2.406946197152137664e-06,3.533596396446228208e-05,-1.782904565334320526e-05
2.497520224100000164e+01,1.212804671376943595e-06,3.417528569698334107e-05,-2.186382859945297784e-05
2.501555660600000053e+01,1.900408416986465456e-06,3.505244255065918010e-05,-2.183105051517486935e-05
2.511807135200000118e+01,3.423693403601646480e-06,3.427720963954925443e-05,-2.021359205245972234e-05
2.517910077499999844e+01,1.251690648496151006e-06,3.742686212062835586e-05,-2.326021194458008183e-05
2.526021912599999908e+01,3.230654448270797891e-06,3.409076929092407480e-05,-1.981015801429748986e-05
2.532065341899999922e+01,2.717123180627822953e-06,3.543926477432251371e-05,-1.842279136180877960e-05
2.540171716700000104e+01,2.943041361868381601e-06,3.567519187927246010e-05,-1.889041662216186965e-05
2.546211195800000127e+01,2.707852050662040809e-06,3.552022874355316396e-05,-2.156347483396530581e-05
2.554357752700000006e+01,4.465349391102791220e-06,3.513384163379669668e-05,-2.158633023500442828e-05
2.560376990700000022e+01,3.161838650703430126e-06,3.451349735260009628e-05,-2.194871604442596926e-05
2.568472875000000144e+01,2.617991529405117059e-06,3.522705137729644664e-05,-2.241154164075851961e-05
2.574548335900000140e+01,1.767070963978767541e-06,3.689182996749878351e-05,-2.216216623783112016e-05
2.582654330700000145e+01,1.170350331813096973e-06,3.451272249221802097e-05,-2.113405019044876628e-05
2.588730061600000099e+01,3.371102735400199853e-06,3.290981948375702303e-05,-2.019039094448090129e-05
2.596826155899999833e+01,-9.201370179653167686e-07,3.372920751571655343e-05,-2.093807011842728125e-05
2.602906086999999857e+01,3.392129391431808598e-06,3.378394842147827335e-05,-2.142974138259888149e-05
2.611011961799999881e+01,1.045352406799793198e-06,3.579467833042145188e-05,-1.950321197509766102e-05
2.617073012000000176e+01,2.949483692646026964e-06,3.688171803951263570e-05,-2.149443477392197103e-05
2.625198157799999876e+01,3.292982280254364155e-06,3.644632995128631434e-05,-1.913847327232361258e-05
2.631299900000000136e+01,3.962536156177521209e-06,3.506560325622558956e-05,-2.277307212352753160e-05
2.639391124100000141e+01,3.113364800810814158e-06,3.318482637405395649e-05,-1.764703691005707143e-05
2.645457284500000128e+01,1.395611464977264373e-06,3.560976684093475672e-05,-1.888959705829620708e-05
2.653550198699999996e+01,1.836602762341499314e-06,3.380517363548278813e-05,-2.013297379016876728e-05
2.659633739999999946e+01,2.976979874074459370e-06,3.489407002925872686e-05,-2.006844133138657155e-05
2.667726824100000016e+01,2.301817014813423337e-06,3.584558665752410724e-05,-2.043404281139374063e-05
2.673802105000000040e+01,4.283666145056486160e-07,3.547310829162597575e-05,-1.936540454626083817e-05
2.681908859900000053e+01,4.128234460949898098e-06,3.250798583030700787e-05,-2.050529420375824297e-05
2.687981380600000136e+01,3.849249333143234539e-08,3.494551777839660639e-05,-1.939094960689545261e-05
2.696095885800000147e+01,2.071601524949073965e-06,3.532565832138061544e-05,-1.991413533687591837e-05
2.702148625599999932e+01,-1.878506271168589709e-07,3.529906272888183756e-05,-1.845120787620544936e-05
2.710513113600000068e+01,1.673672534525394484e-06,3.196718692779541393e-05,-1.946872919797897736e-05
2.714561220799999930e+01,1.551387552171945608e-06,3.614057302474975758e-05,-1.702264100313187123e-05
2.724691609199999931e+01,1.547051407396793426e-06,3.568640649318695368e-05,-1.973833292722702610e-05
2.728750656900000138e+01,1.112931314855813981e-06,3.552188277244567921e-05,-2.128024995326996150e-05
2.738901446299999876e+01,3.768611699342727944e-07,3.407824933528900258e-05,-2.192400991916656792e-05
2.742935692800000069e+01,3.999999910593032882e-06,3.411374986171722466e-05,-2.348064035177231158e-05
2.753029629299999925e+01,2.957485429942607947e-06,3.538333475589752508e-05,-2.244009077548981182e-05
2.757113968299999840e+01,5.024936422705650588e-06,3.845570683479309233e-05,-2.298788726329803852e-05
2.767220765500000113e+01,3.293786197900772454e-06,3.463357388973236538e-05,-1.933360248804092904e-05
2.771252811900000168e+01,4.067310690879822047e-06,3.584733009338379023e-05,-1.807012259960175034e-05
2.781440123200000158e+01,1.972081512212753494e-06,3.594482839107513724e-05,-2.037769109010696694e-05
2.785519591899999980e+01,2.076464705169200887e-06,3.108100891113281397e-05,-2.174067497253418251e-05
2.795646690199999895e+01,3.830486536026000813e-06,3.531991243362426678e-05,-2.161159813404083557e-05
2.799538095999999854e+01,9.548854082822800442e-07,3.122619390487670879e-05,-1.962749063968658727e-05
2.809714496799999850e+01,5.004004389047623164e-06,3.382422626018524318e-05,-2.155270576477051164e-05
2.813794605600000054e+01,2.168885804712772574e-06,3.395568430423736894e-05,-2.471778094768524662e-05
2.823873671400000163e+01,2.997200563549995753e-06,3.589974343776703266e-05,-2.143374681472778856e-05
2.827943519600000144e+01,2.868816256523132267e-06,3.091925382614135937e-05,-2.541615962982178358e-05
2.838096599200000014e+01,2.642759121954441142e-06,3.497767150402069015e-05,-2.173400372266769779e-05
2.842112584699999900e+01,3.858032450079918331e-06,3.523157238960266356e-05,-1.926535665988922687e-05
2.852223152099999837e+01,1.459922920912504270e-06,3.673654496669769297e-05,-2.279238700866699691e-05
2.856267379000000162e+01,1.687509939074516498e-08,3.637167811393737912e-05,-2.274854332208633997e-05
2.866415358300000094e+01,2.369035594165325421e-06,3.579690754413604757e-05,-2.088547199964523745e-05
2.870456825200000139e+01,4.126335680484771814e-06,3.465603291988373274e-05,-1.571356058120727811e-05
2.880590633699999970e+01,2.578390203416347495e-06,3.573383986949920868e-05,-2.138164788484573872e-05
2.884645251199999905e+01,2.643692120909690931e-06,3.496450185775757340e-05,-2.170392572879791774e-05
2.894741687899999860e+01,1.490348298102617427e-06,3.589301407337188620e-05,-2.048723697662354118e-05
2.898806625900000000e+01,1.257399190217256589e-06,3.570518791675568102e-05,-1.776529550552368667e-05
2.908921783499999947e+01,1.516070403158664811e-06,3.633697628974915007e-05,-2.144346088171005549e-05
2.912974020900000127e+01,1.640640571713447711e-06,3.461490273475647194e-05,-2.293784320354462283e-05
2.923100399100000146e+01,7.973779924213887061e-07,3.504528999328613295e-05,-2.066072225570679243e-05
2.927153486499999957e+01,2.960699237883091107e-06,3.488456010818481522e-05,-2.093724310398102363e-05
2.937290725300000105e+01,3.247692808508873262e-06,3.530239462852477900e-05,-1.774993836879730654e-05
2.941331432000000135e+01,2.481805533170700176e-06,3.593973517417907790e-05,-2.254098653793335368e-05
2.951442599499999986e+01,1.477860659360885780e-06,3.320783078670501730e-05,-2.143272459506988972e-05
2.955499547100000157e+01,-1.190137118101119987e-08,3.578706383705139622e-05,-2.039144635200501075e-05
2.965640095999999915e+01,2.799849212169647221e-06,3.586630523204803640e-05,-2.100086063146591639e-05
2.969682062800000111e+01,2.126807160675525973e-06,3.752097785472870151e-05,-1.941470503807068455e-05
2.979825911900000079e+01,1.654200814664363904e-06,3.498460650444030752e-05,-2.021626681089401742e-05
2.983877849299999951e+01,2.144056558609008752e-06,3.496580719947815205e-05,-1.985591351985931867e-05
2.994017338100000103e+01,2.404302917420864304e-06,3.482299745082855663e-05,-2.257136553525925182e-05
2.998053224699999930e+01,5.354621447622776662e-07,3.471359014511108765e-05,-2.053948640823364838e-05
3.008169392299999956e+01,2.953948639333248322e-06,3.446814119815826399e-05,-1.999437510967254985e-05
3.012247771099999838e+01,1.221958082169294353e-07,3.259044587612152435e-05,-2.051736712455750017e-05
3.022390490100000093e+01,2.732495777308941209e-06,3.478597104549408132e-05,-1.961401998996734904e-05
3.026420666299999951e+01,2.177663519978523205e-06,3.585309386253357380e-05,-2.007991075515747355e-05
3.036521273199999982e+01,1.365533471107483045e-06,3.421083390712738504e-05,-1.800133734941483077e-05
3.040599741899999842e+01,3.878792375326156818e-06,3.481939435005188070e-05,-2.155399918556213820e-05
3.050777562700000090e+01,3.534502908587456060e-06,3.376537263393402370e-05,-2.284586876630783430e-05
3.054852311300000167e+01,1.827640272676944768e-06,3.399493098258972586e-05,-2.424566149711609200e-05
3.064952628099999998e+01,3.102068975567817983e-06,3.630804121494293584e-05,-2.268743366003036905e-05
3.068978584099999907e+01,2.669027261435985522e-06,3.444910645484924384e-05,-2.327977716922760532e-05
3.079141124199999879e+01,2.475624158978462210e-06,3.414604067802429129e-05,-2.050721943378448932e-05
3.083206602199999935e+01,2.701636776328086878e-06,3.514150381088256746e-05,-2.568996548652649286e-05
3.093326630099999974e+01,3.475445136427879587e-06,3.509366512298583990e-05,-1.978209316730499811e-05
3.097355716299999884e+01,6.207482516765594928e-06,3.564223647117615207e-05,-1.716212481260300126e-05
3.107517856300000147e+01,2.485510520637035487e-06,3.569357991218567375e-05,-2.263251841068268422e-05
3.111578064100000063e+01,3.425148501992225939e-06,3.715056180953978907e-05,-2.785147428512573851e-05
3.121690618399999906e+01,2.357902191579342072e-06,3.520556390285491821e-05,-2.238357067108154587e-05
3.125748614600000153e+01,2.979698404669761830e-06,3.390347957611084223e-05,-2.049904763698578473e-05
3.135865998999999960e+01,3.997957706451416241e-06,3.343012332916260040e-05,-2.150996774435043847e-05
3.139917334900000156e+01,2.793474122881889580e-06,3.411028981208801442e-05,-2.088618427515030415e-05
3.150086191799999824e+01,2.058470621705055308e-06,3.472119569778442247e-05,-2.116115540266037457e-05
3.154197960899999842e+01,1.883495599031448501e-06,3.714091777801513936e-05,-2.251872569322586556e-05
3.164284783600000139e+01,2.310418151319027152e-06,3.698255419731140019e-05,-1.936393231153488628e-05
3.168334339500000141e+01,5.471293628215789899e-06,3.624541163444519452e-05,-2.124475538730621885e-05
3.178470224699999847e+01,2.165121398866176888e-06,3.494077622890472845e-05,-2.111259996891022328e-05
3.182539381599999828e+01,2.129412069916725067e-06,3.689473271369934145e-05,-2.367410957813263336e-05
3.192629444499999991e+01,2.818343043327331803e-06,3.588279187679291126e-05,-2.095264494419098425e-05
3.196695821200000154e+01,3.505438938736915634e-06,3.865964412689209357e-05,-2.096724957227707423e-05
3.206829196399999660e+01,1.354024000465869923e-06,3.472259342670440689e-05,-2.185824662446976102e-05
3.210877122200000144e+01,1.094341278076171841e-06,3.416480422019958372e-05,-2.138789296150207794e-05
3.220979075700000038e+01,1.436759065836668022e-06,3.545060455799103129e-05,-1.881954073905945288e-05
3.225024201299999760e+01,2.746682241559028780e-06,3.334540128707885645e-05,-2.126959413290024263e-05
3.235166556899999790e+01,2.005702070891857307e-06,3.586641848087310832e-05,-2.140169441699982125e-05
3.239229453400000125e+01,1.688421331346035178e-06,3.646998405456543322e-05,-2.088489979505539504e-05
3.249315386199999978e+01,1.756173931062221559e-06,3.479500412940979433e-05,-2.034433633089065900e-05
3.253404113999999936e+01,1.624226570129394531e-06,3.535006046295166067e-05,-1.880996674299240684e-05
3.263540199300000211e+01,2.333221724256873314e-07,3.630877435207367207e-05,-1.890164464712143432e-05
3.267577074500000123e+01,4.108010977506638147e-06,3.566144108772278010e-05,-2.159762680530548438e-05
3.277710249599999770e+01,7.656699512153863775e-07,3.402800559997558864e-05,-2.078945487737655980e-05
3.281740604499999847e+01,9.497850202023983879e-07,3.494106233119964627e-05,-1.982931494712829938e-05
3.291885400200000333e+01,3.898009285330772615e-06,3.367091119289398625e-05,-2.117144912481308574e-05
3.295936736200000183e+01,4.003711417317390558e-06,3.373094797134399840e-05,-1.969926804304123253e-05
3.306050150299999757e+01,3.378703072667121951e-06,3.561421334743499601e-05,-1.942021697759628755e-05
3.310111776800000172e+01,2.741884440183639547e-06,3.363941311836242984e-05,-2.133686840534210587e-05
3.320211540199999689e+01,1.911343447864055740e-06,3.552482724189758300e-05,-2.101965993642807525e-05
3.324303028199999943e+01,5.325964093208312929e-06,3.248232305049896109e-05,-2.369830310344696626e-05
3.334388640899999956e+01,2.592772245407104773e-06,3.535893857479095590e-05,-2.309974282979965535e-05
3.338426606099999816e+01,3.520826995372772438e-06,3.495252728462219463e-05,-2.259410917758942138e-05
3.351970094600000039e+01,2.053281664848327929e-06,3.573780655860901132e-05,-2.235329151153564854e-05
3.352628038099999941e+01,4.496313631534576518e-06,3.596383333206177040e-05,-1.851803958415985460e-05
3.362719000999999963e+01,-4.192419291939586568e-08,3.472773730754852615e-05,-1.767626255750656390e-05
3.366782437599999867e+01,4.040485993027686981e-06,3.598384857177734354e-05,-2.049061954021454254e-05
3.376894321599999671e+01,6.465755403041840148e-06,3.424652218818664991e-05,-1.870436519384384669e-05
3.380990519899999924e+01,8.382024616003036507e-06,3.368165493011475046e-05,-1.914227157831192296e-05
3.391060341800000089e+01,1.225710436701774724e-05,3.680520653724670755e-05,-1.903549879789352901e-05
3.395133418799999703e+01,1.527309268712997528e-05,3.482610583305359225e-05,-1.215603724122048018e-05
3.405242242700000332e+01,1.466845124959945698e-05,3.444964289665222322e-05,-1.494709104299545675e-05
3.409291158500000307e+01,1.351201981306076038e-05,3.559935688972473223e-05,-2.176851332187653042e-05
3.419410232900000324e+01,1.239760667085647689e-05,3.539297878742218156e-05,-1.747799813747406286e-05
3.423460898900000160e+01,1.189077794551849478e-05,3.376825451850891548e-05,-1.677067428827286162e-05
3.433575883099999970e+01,1.243852451443672276e-05,3.513235747814178931e-05,-1.527645736932754851e-05
3.437626989000000322e+01,1.181806102395057779e-05,3.553701639175415352e-05,-1.907570511102676939e-05
3.447739503100000036e+01,1.164544895291328536e-05,3.578712344169617020e-05,-1.917481571435928917e-05
3.451788378900000254e+01,1.205819398164749241e-05,3.648394346237182894e-05,-1.657909899950028019e-05
3.461935054700000336e+01,1.117132380604744088e-05,3.584756255149841689e-05,-1.564266085624695378e-05
3.466051073900000290e+01,1.089249327778816201e-05,3.566068410873413292e-05,-1.613395661115646845e-05
3.476177828699999850e+01,1.200788915157318209e-05,3.454367518424987716e-05,-1.727814376354218096e-05
3.480276707099999811e+01,1.446082592010498095e-05,3.730557560920715190e-05,-1.639581322669983229e-05
3.490374410399999761e+01,1.227476820349693363e-05,3.370927870273590323e-05,-1.673356741666794280e-05
3.494463808300000096e+01,1.599036753177643052e-05,3.392353951930999925e-05,-1.714422404766083286e-05
3.504833745500000219e+01,1.119818314909934972e-05,3.538522422313690501e-05,-1.596862077713012985e-05
3.508843499299999991e+01,1.417095810174942160e-05,3.486844301223754989e-05,-1.639890968799591583e-05
3.516926220199999875e+01,1.241896525025367870e-05,3.476690053939819814e-05,-1.817858666181564837e-05
3.522978937900000318e+01,1.215284690260887187e-05,3.558664321899414118e-05,-2.037734985351562878e-05
3.531053868400000084e+01,1.081369072198867890e-05,3.491846024990082000e-05,-1.521491855382919917e-05
3.537197550700000193e+01,1.003796979784965525e-05,3.515308201313018774e-05,-1.566905826330185241e-05
3.545269670999999789e+01,1.253153383731842174e-05,3.161091506481170874e-05,-2.137193530797958742e-05
3.551325128799999931e+01,1.182660833001136795e-05,3.680780231952667474e-05,-1.761475801467896028e-05
3.559384108500000110e+01,8.875564485788345434e-06,3.702250123023986833e-05,-1.923149675130844555e-05
3.565480068400000135e+01,6.487493216991425058e-06,3.626278936862945462e-05,-2.036970257759094811e-05
3.573580840200000353e+01,3.647347167134285109e-06,3.371825218200683548e-05,-1.887184679508209604e-05
3.579667559600000004e+01,3.488833829760551472e-06,3.335068523883819659e-05,-1.832696050405502910e-05
3.587746930400000167e+01,-1.273357868194580207e-06,3.536890447139740001e-05,-1.994759887456894459e-05
3.593839470100000000e+01,-3.297822177410126029e-06,3.595293164253235039e-05,-2.310747206211090533e-05
3.601935351600000246e+01,-6.652420014142990179e-06,3.567999303340911880e-05,-1.718845963478088788e-05
3.608058602900000267e+01,-6.357260793447494781e-06,3.677257001399994235e-05,-2.196868211030960488e-05
3.616138903699999929e+01,-7.426039874553681022e-06,3.346942961215973130e-05,-2.253265082836151725e-05
3.622235893599999912e+01,-6.580300629138947258e-06,3.357762098312378260e-05,-1.905840486288071139e-05
3.630330035099999719e+01,-7.578202337026596025e-06,3.496578931808471714e-05,-2.044947445392609163e-05
3.636405343900000275e+01,-9.274569153785705556e-06,3.349546790122985687e-05,-2.027328461408615492e-05
3.644510105900000241e+01,-9.050292521715165017e-06,3.413158655166626204e-05,-1.760761141777038917e-05
3.650547402800000185e+01,-9.893986582756042424e-06,3.646582067012787374e-05,-2.168846130371094173e-05
3.658672705899999755e+01,-8.294091373682023168e-06,3.606964945793152231e-05,-1.867839097976684874e-05
3.664747554699999910e+01,-8.453025668859482364e-06,3.500525653362274186e-05,-1.683861911296844909e-05
3.672849296500000094e+01,-1.017348915338516284e-05,3.580289483070373696e-05,-1.901784539222717738e-05
3.679000089200000190e+01,-8.983962982892990047e-06,3.753755986690521338e-05,-1.620154827833176228e-05
3.687055368699999747e+01,-8.068033307790756391e-06,3.306604623794555874e-05,-1.877602487802505960e-05
3.693131657600000040e+01,-8.349067717790604380e-06,3.500939011573791436e-05,-1.871670633554459019e-05
3.701229139200000162e+01,-1.059282049536705067e-05,3.500589728355407910e-05,-1.872286051511764943e-05
3.707320858899999649e+01,-7.215858995914459559e-06,3.529790043830871783e-05,-1.947218924760818761e-05
3.715449632100000343e+01,-7.103084772825241378e-06,3.341636061668396153e-05,-2.138319164514542007e-05
3.721537171599999994e+01,-7.225077599287033447e-06,3.548806309700012134e-05,-1.790705025196075823e-05
3.729665284800000080e+01,-7.376024127006530774e-06,3.453892469406127838e-05,-2.186290919780731784e-05
3.735707471900000343e+01,-9.034040570259095333e-06,3.390013277530670390e-05,-1.941795200109482206e-05
3.743799303299999792e+01,-5.645117536187171878e-06,3.455168604850769132e-05,-1.861984878778458042e-05
3.749900133399999902e+01,-5.965125560760498619e-06,3.499623537063598772e-05,-1.910939514636993944e-05
3.757988374600000014e+01,-7.258513569831848645e-06,3.406684696674347300e-05,-2.139901369810104674e-05
3.764044132400000109e+01,-3.774596005678176980e-06,3.646240830421447861e-05,-1.894667595624924096e-05
3.772232918699999971e+01,-5.032508075237274530e-06,3.599384427070618142e-05,-1.976192444562912282e-05
3.778304767400000230e+01,-3.171144425868988164e-06,3.356347382068634411e-05,-1.886891424655914772e-05
3.786383698099999862e+01,-2.208321355283260268e-06,3.678822517395019916e-05,-2.193623632192612049e-05
3.792476457800000134e+01,-1.256594806909561311e-06,3.556787967681884874e-05,-2.191766500473022787e-05
3.800595720500000141e+01,-3.076505288481712526e-06,3.685084283351898162e-05,-2.114202082157135359e-05
3.806651958399999813e+01,-1.008248887956142575e-06,3.422443568706512332e-05,-2.152270972728729750e-05
3.814769531099999966e+01,7.161153014749288693e-07,3.423060178756714143e-05,-2.029944360256195424e-05
3.820855260399999764e+01,-9.140046313405036871e-09,3.665500879287720030e-05,-2.103407979011536047e-05
3.828942951599999844e+01,2.623106352984905443e-06,3.590841293334961218e-05,-2.156709283590317185e-05
3.835039411500000028e+01,4.174569156020879727e-07,3.605186045169830682e-05,-2.104374468326568987e-05
3.843164264499999661e+01,2.324892021715641336e-06,3.380756080150604638e-05,-2.152175158262253305e-05
3.849239013300000067e+01,2.329368889331817745e-06,3.518456816673279206e-05,-2.122648656368255994e-05
3.857370286700000150e+01,3.184390068054199445e-06,3.625814020633697567e-05,-1.981323659420013849e-05
3.863425464499999862e+01,2.792884781956672612e-06,3.454876542091369848e-05,-2.391673177480698218e-05
3.871558547899999780e+01,4.157597199082375135e-06,3.573471307754516580e-05,-1.867586076259613497e-05
3.877613705699999969e+01,2.722321823239326442e-06,3.648431301116943846e-05,-1.983660906553268982e-05
3.885769260299999672e+01,5.317745357751846800e-06,3.462646901607513336e-05,-1.954298168420791945e-05
3.891855459700000353e+01,3.978419676423073166e-06,3.429258763790130749e-05,-2.142398506402969636e-05
3.899965822000000060e+01,4.796813428401947175e-06,3.411982953548431304e-05,-1.920828372240066903e-05
3.906038110699999777e+01,5.635669827461243341e-06,3.516562581062317091e-05,-1.903709769248962730e-05
3.914145093900000205e+01,3.596142306923866578e-06,3.774036765098571990e-05,-2.226206660270691213e-05
3.920200197799999842e+01,3.755057230591773977e-06,3.372251689434051480e-05,-2.068101167678833470e-05
3.928329849099999649e+01,5.753164738416671623e-06,3.545495867729187158e-05,-2.184684276580810904e-05
3.934436425599999865e+01,1.357293035835027682e-06,3.536745011806487963e-05,-2.252484858036041542e-05
3.942493353199999717e+01,4.576873406767845162e-06,3.648181557655334631e-05,-2.049500942230224925e-05
3.948543696699999828e+01,3.591314703226089507e-06,3.597975671291351690e-05,-2.139900773763657069e-05
3.956652756999999809e+01,3.284981101751327801e-06,3.437114953994750938e-05,-2.033151835203171349e-05
3.962750013000000138e+01,3.167825564742088490e-06,3.331963419914245859e-05,-2.096764147281647231e-05
3.970857383199999902e+01,3.838381916284561148e-06,3.523105382919311908e-05,-1.919754147529602383e-05
3.976895416100000347e+01,1.310607884079217918e-06,3.491166234016418549e-05,-2.144330590963364110e-05
3.985036118099999669e+01,2.811051718890667056e-06,3.461585342884063794e-05,-2.137848436832428276e-05
3.991122093500000290e+01,1.854323595762252905e-06,3.487252593040466247e-05,-1.913537085056305300e-05
3.999272355899999809e+01,3.217797726392746239e-06,3.449408411979675254e-05,-2.466019541025162034e-05
4.005320419299999912e+01,3.343234211206436470e-06,3.194779455661773634e-05,-1.885239183902740983e-05
4.013439560100000136e+01,1.901001296937465710e-06,3.647618889808655238e-05,-2.013185024261475198e-05
4.019474502900000346e+01,4.795827902853489552e-07,3.581223785877227873e-05,-1.967147737741470651e-05
4.027636215900000138e+01,1.836720667779445683e-06,3.414717018604278601e-05,-1.810674816370010673e-05
4.033673608800000210e+01,9.914685040712357320e-07,3.435516059398651285e-05,-1.943425089120865413e-05
4.041749407399999683e+01,-9.104831144213677140e-07,3.500384390354156734e-05,-2.281101942062378253e-05
4.047822752100000088e+01,-3.848969005048274974e-07,3.363076150417327844e-05,-2.045087963342667110e-05
4.056095800899999659e+01,4.268892109394073687e-07,3.525954782962799095e-05,-1.953338533639908148e-05
4.062105872400000095e+01,2.333897538483142905e-06,3.453727960586547719e-05,-2.026165574789047812e-05
4.070185831199999882e+01,1.313723623752593982e-08,3.533140420913696410e-05,-1.944996118545532789e-05
4.076248805400000208e+01,7.986978627741337434e-07,3.542462885379791095e-05,-2.357513010501862040e-05
4.084367376200000166e+01,4.399680998176336260e-07,3.319345414638519694e-05,-1.887576282024383876e-05
4.090464802200000349e+01,5.269437097012996979e-08,3.483498990535736353e-05,-2.097639441490173676e-05
4.098541000699999870e+01,7.496105972677470041e-07,3.401719033718109158e-05,-2.089615762233734670e-05
4.104644447100000093e+01,-2.565929666161537449e-07,3.681829273700714614e-05,-2.147668451070785999e-05
4.112729006099999651e+01,-6.581905763596296666e-07,3.662028908729553635e-05,-2.058024853467941867e-05
4.118820821799999976e+01,-2.004822250455618001e-07,3.611640334129333902e-05,-2.061101049184799745e-05
4.126937632500000319e+01,-8.296115323901177269e-07,3.460366725921631221e-05,-2.011754959821701472e-05
4.132992976300000265e+01,1.313035842031240549e-07,3.424678742885589480e-05,-1.989321559667587872e-05
4.141064644600000122e+01,-3.736338112503290452e-07,3.496089577674865945e-05,-2.044260799884796569e-05
4.147152810200000062e+01,1.957440376281738429e-06,3.536145389080047618e-05,-2.237908691167831777e-05
4.155258860299999668e+01,2.428750507533550367e-06,3.731888532638550309e-05,-2.086913138628006292e-05
4.161328444899999823e+01,-1.224441081285476707e-06,3.544958531856537046e-05,-1.997267901897430909e-05
4.169412283799999841e+01,7.359271403402090903e-07,3.495602905750275072e-05,-1.954396516084671385e-05
4.175572233100000119e+01,1.366802304983139154e-06,3.284423351287841906e-05,-2.054011076688766973e-05
4.183605639400000342e+01,1.482206024229526671e-06,3.506683707237243536e-05,-2.051587700843811337e-05
4.189666243500000320e+01,1.980476081371307356e-06,3.476020991802215951e-05,-2.177123874425888542e-05
4.197740462000000150e+01,1.509742997586727160e-06,3.302151560783386168e-05,-2.389805912971496973e-05
4.203821327200000013e+01,2.484817802906036315e-06,3.605267107486725194e-05,-1.866867542266846281e-05
4.211915786699999842e+01,4.500943701714277679e-07,3.483920097351074491e-05,-2.120293527841568329e-05
4.218024183299999663e+01,2.309398353099822966e-06,3.452863693237304664e-05,-2.064264118671417630e-05
4.226109372300000189e+01,6.625215522944927600e-07,3.405289947986602937e-05,-2.261341810226440727e-05
4.232193987699999838e+01,2.397393062710762014e-06,3.434000611305237238e-05,-2.090030908584595071e-05
4.240304098000000010e+01,1.018957979977130896e-06,3.657068610191345286e-05,-1.912028044462204355e-05
4.246373662599999932e+01,1.434293761849403474e-06,3.408415913581848308e-05,-2.238504141569137875e-05
4.254494413399999786e+01,3.091638535261154123e-06,3.613114953041076890e-05,-1.975112557411194165e-05
4.260562097900000111e+01,2.800216898322105442e-06,3.541803359985351611e-05,-2.048043012619018923e-05
4.268687649000000306e+01,2.048571407794952599e-06,3.313128948211670216e-05,-2.203752547502518282e-05
4.274759423700000127e+01,2.088679932057857490e-06,3.513148427009582541e-05,-2.149755209684372411e-05
4.282861143600000275e+01,1.216309517621994093e-06,3.620983958244323959e-05,-2.309539020061493407e-05
4.288923617799999732e+01,9.695495478808880543e-07,3.369985818862915257e-05,-2.172014564275741853e-05
4.297058089400000114e+01,1.513855904340744145e-06,3.503824472427368168e-05,-2.013962417840958245e-05
4.303153485299999659e+01,-3.093824256211519617e-07,3.566909730434418162e-05,-2.271526008844376149e-05
4.311229243900000085e+01,4.000946879386902102e-07,3.624492883682251307e-05,-1.970953494310379473e-05
4.317328510000000108e+01,2.325325831770897175e-06,3.468019366264343725e-05,-2.069814652204513846e-05
4.325402498399999729e+01,1.027097366750240434e-06,3.462669253349304595e-05,-2.085077762603760346e-05
4.331477313300000276e+01,-2.600076608359813829e-07,3.634550571441650871e-05,-1.948031783103943410e-05
4.339648346799999956e+01,5.848573520779610055e-07,3.410433530807495004e-05,-1.865429133176804062e-05
4.345710030899999765e+01,1.663695089519024019e-06,3.452052772045135744e-05,-1.694895625114441453e-05
4.353805140499999737e+01,3.474459052085876594e-07,3.386013805866241387e-05,-2.063309401273727924e-05
4.359905326599999853e+01,-9.246300905942917334e-08,3.596510291099548601e-05,-2.495871931314468982e-05
4.368015417000000156e+01,7.329316809773445643e-07,3.585259914398193350e-05,-2.185360938310623754e-05
4.374038969099999719e+01,1.303450576961040578e-06,3.355998396873474009e-05,-2.052729576826095885e-05
4.382125098200000224e+01,1.140511967241764195e-06,3.614650964736938705e-05,-2.000084817409515870e-05
4.388224414300000120e+01,1.341261342167854327e-06,3.576752841472625972e-05,-2.160539478063583881e-05
4.396303803100000351e+01,2.114263921976089551e-06,3.509086072444915700e-05,-2.323265671730042050e-05
4.402379278000000085e+01,4.049822688102722326e-07,3.462913632392883339e-05,-2.076145261526108344e-05
4.410493438499999996e+01,1.624299027025699639e-06,3.529237508773803696e-05,-2.048117518424988093e-05
4.416567003299999783e+01,7.989394478499890245e-07,3.428738117218017623e-05,-2.360982149839401637e-05
4.424696734599999814e+01,9.855587966740130928e-07,3.389717340469360323e-05,-2.149635702371597597e-05
4.430751818400000275e+01,3.429118543863296561e-07,3.326885402202606526e-05,-1.991783976554871075e-05
4.438870859200000041e+01,2.179028838872909822e-06,3.475521206855774396e-05,-2.383841127157211763e-05
4.444912032300000249e+01,3.065445274114609089e-06,3.500766754150391106e-05,-2.063556313514710002e-05
4.453035323299999959e+01,1.053176447749137896e-06,3.377634882926940779e-05,-1.836791783571243723e-05
4.459115248399999842e+01,5.254812538623810355e-07,3.350618779659271691e-05,-2.078896611928940231e-05
4.467188816899999892e+01,3.504483029246330232e-07,3.475127518177032832e-05,-2.412474900484085460e-05
4.473261681599999662e+01,2.179782837629318132e-06,3.412681221961975231e-05,-2.397363632917404777e-05
4.481376842200000254e+01,4.141406342387199291e-06,3.704035580158234061e-05,-2.280742973089218447e-05
4.487444826699999822e+01,2.730717509984970410e-06,3.338131606578827193e-05,-1.943537741899490745e-05
4.495614550100000173e+01,1.192139089107513479e-06,3.408483564853668335e-05,-2.172280102968216308e-05
4.504034236500000077e+01,8.706470020115375497e-07,3.378413915634155415e-05,-2.215458899736404992e-05
4.510292970900000142e+01,3.178017958998680250e-06,3.588250577449798666e-05,-2.197847366333008408e-05
4.518338407800000311e+01,1.411426812410354650e-06,3.458824455738067528e-05,-1.926639080047607780e-05
4.524437874000000193e+01,2.198938094079494615e-06,3.462896347045898749e-05,-1.953083723783493618e-05
4.532497811700000057e+01,9.276918135583401137e-08,3.600451946258545081e-05,-2.114013284444809268e-05
4.538539434799999839e+01,5.008003674447536995e-07,3.423582911491393884e-05,-1.826906949281692771e-05
4.546623523800000299e+01,3.665510937571525809e-06,3.574901521205902207e-05,-1.885431408882141477e-05
4.552720789800000034e+01,2.590167522430420133e-06,3.561022281646728920e-05,-1.705965250730514965e-05
4.560799778500000201e+01,1.839714683592319494e-06,3.615813851356506725e-05,-1.917918175458908494e-05
4.566866953000000251e+01,2.412459068000316736e-06,3.575073480606079412e-05,-1.706981062889099696e-05
4.574966812800000326e+01,9.520249441266060265e-07,3.466352224349975763e-05,-2.184201627969742376e-05
4.581130602199999657e+01,2.928162366151809734e-06,3.650086820125580136e-05,-1.813160926103592245e-05
4.589141987400000033e+01,1.874123886227607723e-06,3.680491447448730691e-05,-1.417264193296433061e-05
4.595228282899999783e+01,2.379837445914745453e-06,3.867337107658386263e-05,-5.263046547770505872e-06
4.603331842800000118e+01,3.793087601661682199e-06,4.007056951522827216e-05,-2.085619606077676055e-06
4.609392557000000323e+01,3.709826618432998830e-06,4.044942259788513069e-05,7.253499934449297523e-08
4.617469855600000272e+01,3.374556452035904301e-06,4.100858271121978930e-05,7.497511804103802028e-07
4.623545140499999917e+01,2.954260259866714789e-06,4.015146195888519634e-05,-3.109677694737960762e-07
4.631642090100000075e+01,1.194077171385288200e-06,4.140039086341857960e-05,-2.442015707492833405e-06
4.637731175700000108e+01,1.692109182476997419e-06,3.974561393260955664e-05,-3.675865009427075547e-06
4.645831085500000057e+01,7.027559448033572072e-07,4.118714332580566837e-05,-8.286872506141668187e-06
4.652022026299999879e+01,-5.347495898604392938e-07,4.076156318187713532e-05,-1.096331998705864465e-05
4.660055192699999793e+01,2.595389261841773900e-07,3.983366191387176599e-05,-8.909540623426443471e-06
4.666130917600000316e+01,3.061510622501373654e-07,3.776291310787201021e-05,-1.102122142910957912e-05
4.674225057099999958e+01,2.186796441674232377e-06,3.990228772163391076e-05,-7.837631553411489175e-06
4.680297921799999727e+01,2.901014126837253575e-06,4.052417874336243053e-05,-8.503415435552601711e-06
4.688388781100000102e+01,3.235701471567153924e-06,4.091678857803345188e-05,-7.015453279018407330e-06
4.694450315299999943e+01,2.432411722838878727e-06,3.790663182735443256e-05,-5.564346909523014936e-06
4.702593607400000053e+01,3.192394971847534173e-07,3.945543169975280980e-05,-4.860029742121701430e-06
4.708672682400000298e+01,2.084122598171234174e-06,4.023481607437134287e-05,-2.824179828166966803e-06
4.716822995599999757e+01,3.491439297795296042e-06,4.132867753505707213e-05,-5.383282527327543004e-06
4.722932833800000196e+01,3.440917283296585272e-06,3.988697826862335253e-05,-4.631455242633825114e-06
4.731034895700000220e+01,1.271862164139747754e-06,4.193832576274872343e-05,-4.674509912729268526e-06
4.737057689400000271e+01,7.455419749021530917e-07,4.012736976146697988e-05,-5.161403119564061500e-06
4.745153661100000164e+01,3.430336341261864060e-06,4.252303838729858815e-05,-1.482555828988557398e-06
4.751235387799999899e+01,3.724892064929008499e-06,4.154827594757079946e-05,-3.288305178284650365e-06
4.759344000099999761e+01,3.422800824046135021e-06,3.986201286315917895e-05,-5.555659905076031953e-06
4.765411856099999710e+01,4.320172965526580717e-06,4.058983027935028452e-05,-1.467239391058688335e-06
4.773535079199999842e+01,3.136065602302551570e-06,4.057155847549438760e-05,-2.171870693564420197e-06
4.779596704899999793e+01,1.747024059295654405e-06,4.118083417415619135e-05,2.484806347638318481e-07
4.787718217900000184e+01,9.929070249199867496e-07,4.140042960643768743e-05,-3.261141106486325905e-06
4.793843776899999654e+01,1.162495836615562583e-06,3.979263603687286304e-05,-3.265682980418210673e-06
4.802009832200000261e+01,2.819559164345264779e-06,4.137420654296875033e-05,-6.299927830696111127e-06
4.808155792299999831e+01,3.648310154676437612e-06,4.133256673812866588e-05,-1.300474703311920805e-05
4.816256314200000332e+01,2.339005842804908923e-06,3.765578269958496559e-05,-1.923307180404663629e-05
4.822324950299999813e+01,2.821108791977167485e-07,3.380965888500213524e-05,-2.173551917076111116e-05
4.830406481100000349e+01,1.105357147753238785e-06,3.420493006706238059e-05,-2.327309995889664118e-05
4.836473727100000275e+01,2.624463103711605207e-06,3.343483805656432937e-05,-2.124605774879455948e-05
4.844576129099999662e+01,2.395245619118213560e-06,2.968838810920715056e-05,-2.870801389217377160e-05
4.850650915500000337e+01,1.841426454484462923e-06,2.579234838485717672e-05,-2.850344479084015396e-05
4.858773978600000021e+01,3.629918023943901346e-06,2.458651661872863630e-05,-3.367777764797210880e-05
4.864853165200000262e+01,4.444000124931335764e-06,2.358485460281371701e-05,-3.265424668788909947e-05
4.872923455499999790e+01,3.331084921956062609e-06,2.339699119329452301e-05,-3.623616695404052778e-05
4.879056554900000009e+01,3.954614326357841657e-06,2.109414190053939580e-05,-3.592519462108612570e-05
4.887130975400000210e+01,2.912977710366249139e-06,2.112757414579391263e-05,-3.288220167160034631e-05
4.893234213299999880e+01,5.800228938460350241e-06,2.335758954286575170e-05,-3.406738936901092843e-05
4.901316404199999965e+01,3.850435465574264430e-06,2.583873569965362192e-05,-3.260162472724914811e-05
4.907414691799999673e+01,3.304655849933624414e-06,2.733487784862518138e-05,-2.990220785140991776e-05
4.915500162899999737e+01,3.231134265661239621e-06,2.699587047100066777e-05,-3.264779150485992552e-05
4.921567328900000149e+01,8.678104728460312826e-07,2.747831046581268252e-05,-2.946447134017944936e-05
4.929682001599999808e+01,1.351069286465644972e-06,2.806126475334167413e-05,-2.960177659988403684e-05
4.935770998699999978e+01,2.723918668925762371e-06,2.545973658561706307e-05,-2.966275215148926291e-05
4.943864450200000249e+01,2.469659037888050307e-06,2.602656781673431331e-05,-3.220306336879730040e-05
4.949971968300000214e+01,1.199242286384105689e-06,2.617182135581969956e-05,-2.876267731189728264e-05
4.958056069300000246e+01,1.537930779159069057e-06,2.616558074951171736e-05,-3.077472150325775388e-05
4.964146756499999924e+01,1.075495965778827727e-06,2.811673283576965085e-05,-2.736994326114655068e-05
4.972257548999999699e+01,1.558086276054382415e-06,2.820485234260558966e-05,-3.278857171535492690e-05
4.978336785599999814e+01,-7.199116516858340004e-07,2.515590190887450787e-05,-3.082116544246673505e-05
4.986463538800000350e+01,2.580628730356693349e-06,2.889699935913085850e-05,-3.062206804752350711e-05
4.992509483700000317e+01,1.885126344859600182e-06,2.559197247028350555e-05,-3.074960708618164535e-05
5.000598184999999773e+01,1.081232540309429186e-06,2.750740945339202520e-05,-3.282168209552765271e-05
5.006712203400000050e+01,5.304693710058928142e-07,2.842483222484588537e-05,-2.986283004283905401e-05
5.014804504899999671e+01,9.305080398917198305e-07,2.574054896831512256e-05,-2.775985002517700559e-05
5.020996737400000143e+01,-1.232955511659383775e-06,2.585659325122832884e-05,-2.679879665374756460e-05
5.029057147200000344e+01,6.753948517143726415e-07,2.816868722438811939e-05,-3.113944232463837757e-05
5.035132303599999659e+01,-4.070862662047147693e-07,2.859148681163787710e-05,-2.902006506919861187e-05
5.043292028500000157e+01,8.350090123713016835e-07,2.693583071231841759e-05,-2.969511151313782097e-05
5.049318252399999807e+01,2.186404541134834462e-07,2.642307281494140446e-05,-2.782846093177796025e-05
5.057464346599999772e+01,-1.267017796635627789e-06,2.609147131443023419e-05,-3.167390525341033875e-05
5.063493230600000317e+01,1.424671337008476250e-06,2.594789266586303611e-05,-3.440409302711487210e-05
5.071603542999999803e+01,1.926957070827484119e-06,2.326011806726455366e-05,-3.264344632625579929e-05
5.077730542100000122e+01,3.287845849990845034e-06,2.244139313697814567e-05,-3.294830024242401194e-05
5.085816773300000193e+01,-9.824673645198346042e-07,2.618277370929717948e-05,-3.336352407932281842e-05
5.091888739499999872e+01,6.574102211743593660e-07,2.552465796470641885e-05,-3.437497317790985310e-05
5.099996651800000080e+01,1.329840626567602121e-07,2.839301228523254133e-05,-3.112528920173645626e-05
5.106095509400000054e+01,-2.262295596301555628e-06,3.033581972122192095e-05,-3.035886585712433439e-05
5.114271635200000077e+01,9.879339486360550469e-07,3.083238899707794269e-05,-2.622840106487274626e-05
5.120391824000000014e+01,1.603548228740692209e-06,3.152672648429870615e-05,-2.384304255247116506e-05
5.128484435499999705e+01,1.597456820309162173e-06,3.399888575077056964e-05,-2.327543944120407415e-05
5.134587673299999722e+01,1.391451619565486904e-06,3.592496812343597509e-05,-2.312486022710800529e-05
5.142756228799999718e+01,1.328929141163825949e-06,3.446268737316131596e-05,-2.217813879251480418e-05
5.148880697700000297e+01,3.982356283813715227e-07,3.394696116447449148e-05,-1.894389092922211198e-05
5.156984849799999893e+01,-1.336660142987966622e-06,3.468085527420044063e-05,-1.861433833837509644e-05
5.163087667700000338e+01,3.159868530929088522e-07,3.586075305938720657e-05,-1.883064806461334719e-05
5.171194279899999913e+01,1.070641912519931863e-06,3.712584376335143903e-05,-1.763935685157776235e-05
5.177245955000000066e+01,-1.980819972231984248e-07,3.756062984466553099e-05,-1.836619526147842716e-05
5.185385178899999659e+01,1.532667316496372296e-06,3.642905056476592927e-05,-1.728127300739288613e-05
5.191461155399999683e+01,1.205978728830814485e-06,3.837977349758148264e-05,-1.494693011045456463e-05
5.199604029500000024e+01,1.008256804198026672e-07,3.595232367515563816e-05,-1.494036763906479480e-05
5.205655024600000047e+01,-5.655968561768532061e-09,3.849346637725830386e-05,-1.462085843086243226e-05
5.213740075700000176e+01,2.229350619018078022e-07,3.650285899639130112e-05,-1.496650129556656416e-05
5.219828292799999758e+01,5.602599121630192204e-08,3.853426873683929422e-05,-1.518932878971100425e-05
5.227918734099999654e+01,1.017778925597667841e-06,3.601681292057037242e-05,-1.566519886255264565e-05
5.233997560699999951e+01,-1.286335755139589411e-06,3.725905120372772383e-05,-1.487406343221664979e-05
5.242084391899999929e+01,1.595790311694145341e-06,3.978308439254761233e-05,-1.616327464580536330e-05
5.248156538199999943e+01,5.782517604529857673e-07,3.748606443405151872e-05,-1.864794045686722114e-05
5.256275830999999954e+01,7.525206543505192350e-07,3.808875083923339691e-05,-1.775866001844406499e-05
5.262336336700000317e+01,3.287946805357933421e-07,3.605451881885528601e-05,-1.816547960042954024e-05
5.270440688699999754e+01,1.643839757889509320e-07,3.874492049217224504e-05,-1.553929299116134973e-05
5.276488253699999831e+01,4.732631146907806842e-07,3.636831045150756787e-05,-1.752329617738724018e-05
5.284595375899999681e+01,1.029245927929878358e-06,3.685407936573028605e-05,-1.671223193407059073e-05
5.290742646100000002e+01,-4.883837886154651637e-07,3.618297576904297202e-05,-1.778721958398819366e-05
5.298773024300000145e+01,1.082830503582954373e-06,3.612299859523773385e-05,-1.812472492456436500e-05
5.304852461000000119e+01,5.583938676863909364e-07,3.632590174674987739e-05,-1.884757876396179566e-05
5.312965633499999996e+01,3.801049198955297908e-07,3.621076643466949465e-05,-1.844269037246704619e-05
5.319036829699999913e+01,2.353318966925144168e-06,3.631449043750763374e-05,-2.055682092905045040e-05
5.327124590900000101e+01,5.193544551730156008e-07,3.622401058673858904e-05,-2.039172053337097649e-05
5.333198787300000276e+01,8.496895432472229409e-07,3.359217643737793168e-05,-2.201027423143387421e-05
5.341340801300000152e+01,-1.932318555191159435e-07,3.506876230239868510e-05,-2.237476855516434051e-05
5.347449999500000217e+01,2.327636070549488207e-06,3.635348677635192910e-05,-2.009489685297012853e-05
5.353606430100000324e+01,1.555874571204185530e-06,3.564904332160950064e-05,-2.119685858488083293e-05
5.361675210399999969e+01,1.542295515537261957e-06,3.411971628665924112e-05,-1.928801834583283051e-05
5.367731135799999720e+01,1.924865879118442612e-07,3.489236533641815169e-05,-2.373796105384827178e-05
5.375825327300000112e+01,1.489726081490516738e-06,3.499137461185455503e-05,-2.260244339704513879e-05
5.381935335499999695e+01,3.471972420811653093e-06,3.453874588012695643e-05,-2.261640876531601394e-05
5.390000855600000307e+01,1.776346005499362935e-06,3.524773120880126797e-05,-2.276669442653656315e-05
5.396067861600000271e+01,2.844151668250561057e-06,3.592592477798462391e-05,-2.218698412179947440e-05
5.404156692899999825e+01,9.446570649743080454e-07,3.608950972557067768e-05,-2.530248463153839727e-05
5.410243599900000078e+01,2.308740839362144740e-06,3.545355498790741112e-05,-2.271938920021057695e-05
5.418405514999999895e+01,1.136813499033451039e-06,3.410518467426300299e-05,-2.123062163591385483e-05
5.424456890100000095e+01,4.333615303039550752e-07,3.320440649986267009e-05,-2.183397859334946064e-05
5.432566042500000236e+01,3.260218724608421526e-06,3.510484099388122564e-05,-2.112995088100433781e-05
5.438624787999999910e+01,-5.462786648422480214e-07,3.322604000568390222e-05,-2.245543897151947450e-05
5.446748211100000248e+01,1.847166754305362756e-06,3.329671025276184469e-05,-2.156923711299896698e-05
5.452845728700000194e+01,4.662728402763605241e-07,3.452189564704895487e-05,-2.557345032691956061e-05
5.460924209400000251e+01,2.238443493843078723e-06,3.460116386413574402e-05,-2.081914246082306418e-05
5.466974064499999741e+01,1.594572141766548302e-06,3.276728987693786939e-05,-1.951850205659866872e-05
5.475072536300000081e+01,3.756030276417732343e-06,3.271173238754272831e-05,-2.094946354627609677e-05
5.481199955400000334e+01,-1.511094858869910308e-07,3.259401023387909245e-05,-1.943778097629547482e-05
5.489278926200000086e+01,3.262721747159957851e-06,3.440115153789520633e-05,-2.297532409429550482e-05
5.495360562900000190e+01,1.164847705513239065e-06,3.461464643478393433e-05,-2.182968258857727532e-05
5.503597521900000089e+01,2.296974882483482523e-06,3.337396085262298511e-05,-2.128134965896606923e-05
5.509704079899999840e+01,6.883072666823864010e-07,3.241495788097381787e-05,-2.069403529167175790e-05
5.520018983899999654e+01,3.692725300788879586e-06,3.329688906669616663e-05,-2.283846735954285137e-05
5.524064132099999824e+01,2.802944555878639383e-06,3.723098933696746671e-05,-1.956063359975815206e-05
5.534139660600000354e+01,1.839337684214115127e-06,3.606219291687011566e-05,-2.109460532665253011e-05
5.538160817499999666e+01,3.247535601258278245e-06,3.651881515979767264e-05,-2.219382971525192742e-05
5.548261927299999741e+01,1.735304296016693167e-06,3.599156141281128102e-05,-2.179903984069824790e-05
5.552272893699999656e+01,1.431886944919824707e-06,3.549117147922516374e-05,-1.852224916219711697e-05
5.562437816799999979e+01,3.273953683674335877e-07,3.688698112964630292e-05,-1.958875954151154019e-05
5.566485505100000353e+01,1.932963728904724033e-06,3.626830875873565945e-05,-1.510135680437088646e-05
5.576581664700000118e+01,2.189261838793754788e-06,3.425039350986480876e-05,-2.155029028654098879e-05
5.580637513399999960e+01,6.796028465032578209e-07,3.498902022838592857e-05,-1.966548115015030306e-05
5.590736503099999766e+01,1.569919660687446596e-06,3.584631979465485025e-05,-1.899993419647217252e-05
5.594819193200000029e+01,3.112637996673584146e-06,3.655572235584259321e-05,-2.099336832761765009e-05
5.604950374500000265e+01,-1.079882495105266598e-08,3.587877750396728673e-05,-2.196272909641266291e-05
5.608936349599999716e+01,1.300573069602251140e-06,3.466853797435760808e-05,-1.990992575883865939e-05
5.619064980899999995e+01,-2.437755465507507347e-08,3.723521232604980695e-05,-1.950676143169403562e-05
5.623156481400000217e+01,-1.162761822342872699e-06,3.586620986461639261e-05,-2.167500406503677799e-05
5.633273032000000313e+01,2.293039485812187159e-06,3.580473661422729499e-05,-1.944637149572372984e-05
5.637329610799999813e+01,1.381369773298501992e-06,3.847926557064056742e-05,-2.045363038778305606e-05
5.647444751300000121e+01,1.500886771827936247e-06,3.459605872631073259e-05,-1.906689256429672756e-05
5.651487449300000065e+01,1.434664521366357789e-06,3.469743132591247646e-05,-2.202274501323700552e-05
5.661616560600000270e+01,2.238565310835838342e-06,3.399371802806854621e-05,-2.167392671108246219e-05
5.665678269600000050e+01,1.737533882260322628e-06,3.388588130474090755e-05,-2.430857270956039750e-05
5.675864763799999935e+01,1.179542299360036980e-06,3.434328734874725391e-05,-2.068598568439483930e-05
5.679941503599999919e+01,-6.809800863265991704e-07,3.460584580898284798e-05,-1.917054355144501141e-05
5.690057214200000146e+01,1.615570858120918396e-06,3.322566747665405468e-05,-2.115311920642853384e-05
5.694120733300000126e+01,1.155223418027162654e-06,3.476280868053436472e-05,-1.552665084600449153e-05
5.704226083300000028e+01,2.207344397902488651e-06,3.594021499156952132e-05,-2.205418646335602259e-05
5.708265891199999942e+01,1.498521212488412965e-06,3.475342690944671512e-05,-2.357652932405472382e-05
5.718420353700000192e+01,2.112792432308197162e-06,3.608952760696411259e-05,-1.981339156627655627e-05
5.722485062900000230e+01,2.635201811790466490e-06,3.607015311717986990e-05,-2.209497243165970383e-05
5.730583919699999740e+01,1.159812603145837871e-06,3.379729688167571882e-05,-2.117013186216354823e-05
5.736758357400000108e+01,2.389198169112205563e-06,3.619007766246795925e-05,-2.285853922367096387e-05
5.744831602899999723e+01,1.920336857438087382e-06,3.506014049053192069e-05,-1.816215366125107145e-05
5.750904745399999740e+01,1.846547424793243497e-06,3.427564203739166213e-05,-2.490578144788742687e-05
5.758986731299999917e+01,3.229716047644615418e-06,3.481827080249786879e-05,-1.892740726470947853e-05
5.765058453700000030e+01,2.128155156970024008e-06,3.490084409713745041e-05,-2.277287691831589037e-05
5.773197642600000279e+01,2.065958082675933969e-06,3.427708148956299240e-05,-2.110085636377334877e-05
5.779285465899999963e+01,9.569182060658933125e-07,3.428077697753906732e-05,-1.900353729724884506e-05
5.787371071999999828e+01,1.504592876881361027e-06,3.528425991535187172e-05,-2.135688215494156340e-05
5.793422123399999890e+01,-7.399908266961575091e-07,3.673357963562011626e-05,-2.155254334211349881e-05
5.801378317100000004e+01,-4.692376032471657214e-06,3.540721535682678103e-05,-1.634150743484497531e-05
5.807484441300000100e+01,-7.436240464448929458e-06,3.454343378543853644e-05,-2.138244360685349034e-05
5.815592948599999801e+01,-8.786574751138687530e-06,3.462999165058136238e-05,-1.983210891485214582e-05
5.821672261399999826e+01,-1.128880232572555581e-05,3.372062444686889685e-05,-1.870469301939011036e-05
5.829778628599999735e+01,-8.800952881574631981e-06,3.615894615650177435e-05,-1.616678982973099050e-05
5.835836490300000179e+01,-1.092144995927810698e-05,3.528355062007903966e-05,-1.464069485664368177e-05
5.843989099800000275e+01,-1.150922700762748803e-05,3.587881624698638778e-05,-1.547048836946487963e-05
5.850036590999999930e+01,-1.005663424730300975e-05,3.314735889434814559e-05,-1.785375028848648420e-05
5.858134277799999978e+01,-9.995684772729874839e-06,3.368290066719055513e-05,-1.966348737478256528e-05
5.864201270000000221e+01,-1.057222187519073575e-05,3.377200961112976439e-05,-1.885729134082794696e-05
5.872332468399999783e+01,-1.141915470361709610e-05,3.757014870643615668e-05,-2.112492024898529386e-05
5.878438312600000160e+01,-1.103631108999252398e-05,3.412717878818512381e-05,-2.011861652135849406e-05
5.886479826400000093e+01,-1.056600138545036358e-05,3.437513411045074692e-05,-1.891207396984100934e-05
5.892585210600000067e+01,-1.004289090633392311e-05,3.538072407245636101e-05,-1.994896233081818159e-05
5.900677367000000118e+01,-7.679034769535065527e-06,3.582299351692200181e-05,-1.999979615211487286e-05
5.906774860800000226e+01,-7.694243639707565129e-06,3.630972802639007610e-05,-2.063944786787033674e-05
5.914865577199999791e+01,-7.572437822818756338e-06,3.593922555446624748e-05,-2.093928605318069893e-05
5.920965421100000015e+01,-8.144769072532654944e-06,3.371920883655548431e-05,-2.023308724164963200e-05
5.929127911100000148e+01,-6.960616260766983265e-06,3.555063605308532670e-05,-2.216047644615173849e-05
5.935151571099999757e+01,-8.327472209930420570e-06,3.613054156303405667e-05,-2.112192064523697312e-05
5.943223436499999934e+01,-6.166529282927513232e-06,3.481453061103820999e-05,-1.892196238040924457e-05
5.949330410700000016e+01,-7.294240593910217953e-06,3.472234904766082815e-05,-2.200811356306076657e-05
5.957423337200000191e+01,-6.218183413147926573e-06,3.609985411167145216e-05,-1.908857524394989383e-05
5.963502189999999814e+01,-7.232406735420227409e-06,3.614633977413177917e-05,-2.327227890491485960e-05
5.971684981100000300e+01,-7.157859951257706168e-06,3.475333154201507810e-05,-1.848297119140625405e-05
5.977755473500000249e+01,-7.487647980451583845e-06,3.557460606098175040e-05,-2.115892916917801352e-05
5.985889192100000145e+01,-5.917608737945556993e-06,3.482851088047027863e-05,-2.039973884820938570e-05
5.991928022799999809e+01,-1.941617950797081158e-06,3.223071992397308496e-05,-1.799575239419937592e-05
6.000095463099999904e+01,4.343315958976746196e-09,3.595893085002899186e-05,-1.833045631647110577e-05
6.006144444400000282e+01,1.452512387186288808e-06,3.653619289398193275e-05,-1.781034022569656780e-05
6.014255401799999845e+01,3.992587327957153144e-06,3.579588234424591070e-05,-2.088341563940048767e-05
6.020338574899999884e+01,6.741023063659668241e-06,3.574199080467224373e-05,-1.979585736989975260e-05
6.028446172099999956e+01,6.365021318197250765e-06,3.618891537189483952e-05,-1.945986747741699802e-05
6.034509344100000305e+01,7.728774100542068983e-06,3.295917212963104495e-05,-2.050079554319382137e-05
6.042615281199999799e+01,8.274865895509720518e-06,3.527610003948211583e-05,-1.627275496721268075e-05
6.048675393100000264e+01,8.689690381288528795e-06,3.600148260593414803e-05,-1.692696809768677314e-05
6.056769619599999999e+01,1.132804080843925479e-05,3.625076115131378469e-05,-1.645704507827759259e-05
6.062885304299999945e+01,9.960597008466720370e-06,3.571076691150665305e-05,-1.771199703216553165e-05
6.071003912100000122e+01,1.054412871599197432e-05,3.351951837539672747e-05,-1.639024168252945532e-05
6.077053173400000219e+01,1.154464259743690617e-05,3.646204471588135191e-05,-1.516918241977692258e-05
6.085178061500000268e+01,1.276902705430984480e-05,3.388150632381439433e-05,-1.632310748100281297e-05
6.091278005400000239e+01,1.319925785064697412e-05,3.498867154121399197e-05,-1.261700540781021612e-05
6.099323969499999976e+01,1.072442978620529159e-05,3.537656366825103955e-05,-1.668501645326614854e-05
6.105389071599999795e+01,8.467940986156464011e-06,3.560563027858734621e-05,-1.894967108964920466e-05
6.113497228800000016e+01,8.113052695989609253e-06,3.615788817405700569e-05,-1.757157146930694969e-05
6.119576631700000036e+01,7.510817050933838536e-06,3.616576194763183698e-05,-2.023136317729950292e-05
6.127682358799999918e+01,9.051918983459473483e-06,3.772205412387848389e-05,-1.898195594549179524e-05
6.133755061299999767e+01,8.350664377212524162e-06,3.612267673015594622e-05,-2.033185809850693263e-05
6.141870138899999887e+01,8.888157457113266121e-06,3.252584338188171817e-05,-1.913960278034210731e-05
6.147974483000000134e+01,9.297629445791244512e-06,3.827904164791107601e-05,-1.953959017992020064e-05
6.156062259200000142e+01,1.129980459809303276e-05,3.584871292114257777e-05,-1.606256067752838480e-05
6.162150082499999826e+01,1.023874059319496251e-05,3.455680012702942359e-05,-2.234124243259430229e-05
6.170223487999999890e+01,1.101590842008590810e-05,3.438378274440765352e-05,-2.108945101499557778e-05
6.176333042400000295e+01,1.169851943850517245e-05,3.507001698017120383e-05,-2.063053548336029409e-05
6.184408247900000077e+01,9.359452128410339936e-06,3.448007106781005889e-05,-2.202768027782440568e-05
6.190504151599999716e+01,8.421068638563157150e-06,3.455068469047546540e-05,-1.963162124156952174e-05
6.198602258399999698e+01,7.427614927291870066e-06,3.754830658435821561e-05,-1.970156133174896600e-05
6.204680671199999864e+01,8.293081074953079793e-06,3.439942002296448220e-05,-1.646231412887573585e-05
6.212753606599999756e+01,6.595673412084579544e-06,3.357251882553100920e-05,-1.755655854940414912e-05
6.218829089300000135e+01,5.310635641217232223e-06,3.609688878059387544e-05,-2.295930832624435932e-05
6.226943336800000139e+01,6.130621582269668982e-06,3.357322514057159646e-05,-1.964268535375595458e-05
6.233013019199999860e+01,4.074613749980926545e-06,3.446072041988372715e-05,-2.179344892501831362e-05
6.241112515999999744e+01,4.062429443001747038e-06,3.482763767242431474e-05,-2.021104842424393069e-05
6.247163547400000283e+01,3.904677554965019306e-06,3.541039824485778752e-05,-1.893845051527023843e-05
6.255282115100000340e+01,4.480326920747756810e-06,3.516498506069183367e-05,-2.080906778573990179e-05
6.261357487800000143e+01,3.613482415676117005e-06,3.435366451740265339e-05,-2.315415889024734962e-05
6.269481805899999927e+01,1.537375524640083352e-06,3.464237451553345173e-05,-1.997764706611633765e-05
6.275502455699999871e+01,1.377429440617561346e-06,3.597165346145630375e-05,-1.956278979778290267e-05
6.283665015700000112e+01,-3.189697628840804085e-07,3.780516088008880688e-05,-2.126420885324478604e-05
6.289792761100000007e+01,2.334052696824073965e-07,3.423168063163757623e-05,-2.104371935129165991e-05
6.297862306300000057e+01,9.152708575129509780e-07,3.646440207958221639e-05,-2.239715754985809743e-05
6.303976551000000228e+01,6.069976370781660800e-07,3.432442843914032445e-05,-2.100211828947067653e-05
6.312018974800000137e+01,1.118415500968694791e-07,3.503854274749755837e-05,-1.998031884431839472e-05
6.318090787500000260e+01,-4.429384134709835066e-08,3.537199199199676948e-05,-1.976446211338043503e-05
6.326190314800000181e+01,2.368622459471225780e-07,3.494855463504791595e-05,-2.159764021635055887e-05
6.332286838899999992e+01,-1.749846525490284120e-06,3.464090228080749645e-05,-2.601839303970337409e-05
6.340363155099999659e+01,1.081387326121330388e-06,3.279451131820678762e-05,-2.151497900485992851e-05
6.346453118899999879e+01,1.136557664722204250e-07,3.582639992237091411e-05,-2.123634219169617015e-05
6.354564626799999871e+01,1.234346255660057153e-06,3.589489459991455206e-05,-2.286782413721085067e-05
6.360630659400000297e+01,-9.202588349580764937e-07,3.485079705715179332e-05,-2.091921865940094347e-05
6.368756648099999751e+01,-9.378748945891857799e-08,3.512210845947265862e-05,-2.126180678606033768e-05
6.374855672399999662e+01,7.980754598975181774e-08,3.317900896072388176e-05,-2.052581161260605148e-05
6.382958339900000055e+01,-2.037744224071502608e-06,3.481107354164123777e-05,-2.271724343299866280e-05
6.389019542199999790e+01,-7.418263703584671825e-07,3.319896757602691894e-05,-2.185766100883484411e-05
6.397140220600000049e+01,-4.237681161612272527e-07,3.665058314800262717e-05,-2.051985710859299049e-05
6.403243285099999582e+01,5.101061891764402444e-07,3.368399143218994202e-05,-1.945084780454635950e-05
6.411324601500000142e+01,-3.510628826916217712e-07,3.445859551429748932e-05,-2.257082611322403442e-05
6.417385523800000158e+01,4.996648058295249899e-08,3.566826879978180159e-05,-2.373360097408295206e-05
6.425497751800000401e+01,-2.327119000256061509e-08,3.218573331832886219e-05,-2.262805700302124466e-05
6.431565354500000353e+01,-4.804079420864582387e-07,3.586078584194183835e-05,-2.188930511474609746e-05
6.439652971200000309e+01,1.960206218063831337e-06,3.569241762161254723e-05,-1.943946182727814242e-05
6.445768276299999400e+01,2.152692899107933090e-06,3.535394668579101639e-05,-2.170730829238891909e-05
6.453849962699999310e+01,8.317349478602409925e-07,3.752188682556152844e-05,-2.162142992019653822e-05
6.459924275699999896e+01,-1.020722277462482582e-06,3.536909818649291884e-05,-1.918446123600006466e-05
6.468082446100000027e+01,5.217515863478184289e-08,3.450984954833984325e-05,-2.194151878356934162e-05
6.474127957599999661e+01,1.772374659776687755e-06,3.317203223705291853e-05,-2.258964180946350578e-05
6.482238365499999588e+01,1.207773853093385828e-06,3.628181517124176071e-05,-2.092601060867309854e-05
6.488321288900000638e+01,2.587242051959037967e-06,3.418246805667877520e-05,-2.078159004449844934e-05
6.496458448200000646e+01,9.053051471710205807e-07,3.393234908580779966e-05,-1.784826815128326820e-05
6.502603064800000254e+01,3.076979331672191818e-06,3.511922061443329080e-05,-1.772896200418472754e-05
6.511331924600000320e+01,3.960596024990082213e-06,3.631066381931305199e-05,-2.182192206382751933e-05
6.517432398900000123e+01,5.098929256200790682e-06,3.546677231788635654e-05,-1.833101809024811172e-05
6.525507815000000278e+01,1.093062013387680116e-06,3.703495562076569052e-05,-2.309092432260513749e-05
6.531549106299999607e+01,1.897558383643627266e-06,3.632057309150696014e-05,-2.069540470838547095e-05
6.539655444000000273e+01,2.460102736949920912e-06,3.411778211593628410e-05,-2.007241845130920726e-05
6.545711376100000223e+01,1.770386658608913470e-06,3.559271395206451549e-05,-2.212688475847244686e-05
6.553845715200000654e+01,2.615503594279289529e-06,3.404290974140167431e-05,-2.039867788553238241e-05
6.559890286700000672e+01,2.660677023231983240e-06,3.755887746810913393e-05,-2.268533557653427680e-05
6.567989973999999620e+01,1.833715848624706292e-06,3.625023365020751937e-05,-2.269500046968460621e-05
6.574042305899999405e+01,2.950398065149784037e-06,3.512731492519378988e-05,-2.138283550739288841e-05
6.582124312300000213e+01,2.698436006903648450e-06,3.361424505710601659e-05,-2.034053355455399159e-05
6.588212565999999981e+01,3.563330695033073572e-06,3.716742694377899429e-05,-2.004766166210174939e-05
6.596331294399999479e+01,2.459318563342094588e-06,3.570421934127808011e-05,-1.944138407707214736e-05
6.602414807799999608e+01,1.995424926280975637e-06,3.458410203456878872e-05,-1.647574901580811104e-05
6.610589238999999395e+01,2.595503628253937089e-06,3.671538531780242821e-05,-2.304817140102387082e-05
6.616680892899999833e+01,3.959616646170615933e-06,3.607489168643951660e-05,-1.914473921060562474e-05
6.624791070800000625e+01,7.214681245386601062e-07,3.424280881881714008e-05,-1.993209421634674512e-05
6.630880384600000355e+01,1.378241926431656021e-07,3.718082904815673770e-05,-2.214425206184387728e-05
6.638992542600000490e+01,1.709700096398592047e-07,3.594354093074798672e-05,-1.991328895092011022e-05
6.645051944799999433e+01,1.661940664052963320e-06,3.462461233139038522e-05,-1.848095804452896574e-05
6.653160592599999745e+01,1.887847110629081793e-06,3.315139412879944305e-05,-1.899391710758209614e-05
6.659236855700000035e+01,1.421638391911983543e-06,3.478368818759918093e-05,-2.140111625194549941e-05
6.667322492300000647e+01,1.258079707622528184e-06,3.543593585491180352e-05,-2.098990827798843985e-05
6.673386684800000523e+01,1.736883632838726061e-06,3.550248146057128756e-05,-1.798804253339767985e-05
6.681531174500000247e+01,3.161659464240074195e-06,3.632917404174805162e-05,-1.878810077905655482e-05
6.687595876899999325e+01,3.877716511487960878e-06,3.451830744743347582e-05,-1.963086277246475555e-05
6.695678673400000491e+01,3.616252541542053340e-06,3.533149063587188706e-05,-2.012349218130112023e-05
6.701736635599999659e+01,1.901267841458320668e-06,3.518837094306946287e-05,-1.898997128009796643e-05
6.711509239100000457e+01,1.274801604449749033e-06,3.453831970691681095e-05,-2.179222702980041990e-05
6.715975529300000346e+01,2.103275619447231293e-06,3.269616961479187049e-05,-1.908027827739715846e-05
6.724063146000000302e+01,3.573339432477951097e-06,3.600974082946777218e-05,-1.902869045734405804e-05
6.730143349300000466e+01,5.491222720593213893e-07,3.521651327610016011e-05,-2.059838771820068638e-05
6.738257517399999585e+01,-1.085572317242622516e-06,3.379041552543640616e-05,-1.997383087873459237e-05
6.744335200599999780e+01,2.577652037143707485e-06,3.712834715843200723e-05,-2.141202092170715743e-05
6.752417916999999647e+01,1.772723533213138595e-06,3.475416302680969614e-05,-1.820780634880066480e-05
6.758479659399999662e+01,1.812431961297988948e-06,3.449800312519073328e-05,-1.889221221208572818e-05
6.766604857999999467e+01,1.900658756494522148e-06,3.316032886505127425e-05,-2.167822271585465090e-05
6.772672410699999546e+01,2.139953896403312930e-06,3.385859131813049450e-05,-1.989209651947022045e-05
6.780786628799999960e+01,1.493029855191707617e-06,3.367903232574462753e-05,-2.023682296276093037e-05
6.786859211700000571e+01,-6.781616248190403817e-08,3.634404242038726749e-05,-2.252320796251297465e-05
6.794945348299999921e+01,-1.955771818757057269e-07,3.452415168285369952e-05,-2.228313982486725394e-05
6.801024931599999945e+01,1.234010234475135957e-06,3.492648005485534822e-05,-2.054278403520584580e-05
6.809116348499999560e+01,-6.091176066547632863e-07,3.442976176738739492e-05,-2.256334573030472360e-05
6.815206922400000167e+01,1.211258023977279758e-06,3.470979928970336893e-05,-2.156144529581070500e-05
6.823375543299999890e+01,1.228928193449974067e-06,3.570346832275390897e-05,-2.273645699024200829e-05
6.829453886500000692e+01,2.063386887311935539e-06,3.504705727100372690e-05,-2.205306887626648334e-05
6.837585685499999499e+01,1.525635644793510599e-06,3.627637624740600957e-05,-2.209175974130631035e-05
6.843631306999999708e+01,8.044440299272537696e-07,3.642870187759399267e-05,-2.067930251359939911e-05
6.851753615500000194e+01,2.163630723953247154e-06,3.412460386753082278e-05,-2.193913459777832478e-05
6.857821168099999909e+01,3.701251000165939426e-06,3.529386520385742037e-05,-2.198961377143860340e-05
6.865952887199999566e+01,2.180607989430427839e-06,3.364206254482269496e-05,-2.346326112747192908e-05
6.872036540599999910e+01,2.617681771516800203e-06,3.556291162967682018e-05,-2.090678513050079758e-05
6.880141888299999664e+01,1.643843948841095044e-06,3.604643940925598381e-05,-2.044165581464767729e-05
6.886183189599999821e+01,4.067788366228342381e-07,3.650085926055908052e-05,-1.801649034023285222e-05
6.894292977400000666e+01,4.503487795591354401e-06,3.316530883312225489e-05,-1.944290250539780214e-05
6.900363150200000462e+01,1.798436604440212359e-06,3.500347137451171979e-05,-2.057243585586548376e-05
6.908462557500000401e+01,1.325198635458946227e-06,3.402880430221557489e-05,-2.022958993911743632e-05
6.921595544299999858e+01,3.280173987150192210e-06,3.566252291202545293e-05,-2.232493460178375615e-05
6.922711241700000073e+01,2.666323632001876981e-06,3.556797206401825451e-05,-2.260521054267883626e-05
6.926736019099999453e+01,2.298818156123161259e-06,3.714873194694518990e-05,-1.896847784519195858e-05
6.936864190999999380e+01,3.947658464312553900e-06,3.463065922260284859e-05,-2.068635970354080586e-05
6.940916729799999985e+01,1.238841749727726066e-06,3.523883819580078263e-05,-2.126277238130570057e-05
6.951153247300000260e+01,2.254394255578517980e-06,3.466575145721436009e-05,-2.270473390817642705e-05
6.957212919500000226e+01,3.229551762342452982e-06,3.541889786720275917e-05,-2.010923624038696685e-05
6.965305046500000685e+01,3.720966726541519421e-06,3.326629698276519913e-05,-2.068624496459961493e-05
6.971376079300000583e+01,1.420255750417709403e-06,3.540835976600647264e-05,-2.127487361431122236e-05
6.979518898899999613e+01,2.390173450112342869e-06,3.546274304389953512e-05,-2.241317629814148433e-05
6.985581321200000104e+01,2.495872043073177315e-06,3.360328674316406740e-05,-1.947039514780045147e-05
6.993661497600000132e+01,1.018895953893661617e-06,3.610664606094360384e-05,-2.263305783271790162e-05
6.999752681500000051e+01,2.408768609166145591e-06,3.433104157447815420e-05,-2.042927742004394835e-05
7.007832697800000687e+01,1.538789365440607272e-07,3.080248236656188952e-05,-2.450296282768249829e-05
7.013963533700000141e+01,1.399364694952964938e-06,2.630084156990051053e-05,-3.100980818271636817e-05
7.022016198599999370e+01,1.932510361075401520e-06,2.242439836263656280e-05,-3.588824570178985929e-05
7.028117582999999513e+01,2.640638314187526780e-06,1.944612115621566488e-05,-3.575650155544280893e-05
7.036198679400000344e+01,-9.656894952058792274e-07,1.950063556432723758e-05,-3.761446774005890002e-05
7.042327895200000398e+01,-6.455251481384038725e-07,1.800973862409591383e-05,-3.395867049694061181e-05
7.050382650299999909e+01,1.560576446354389308e-06,2.100974470376968089e-05,-3.522338867187500350e-05
7.056461083499999631e+01,1.125206239521503486e-06,2.162046581506728757e-05,-3.498553633689880738e-05
7.064548880200000269e+01,1.910267584025859800e-06,2.447890788316726387e-05,-3.144771456718444783e-05
7.070622143100000301e+01,2.302415296435356064e-06,2.330525815486907858e-05,-3.177214264869689803e-05
7.078709759900000620e+01,1.051691547036171023e-06,2.495890557765960343e-05,-2.943056821823120657e-05
7.084789713199999994e+01,2.305532991886138893e-06,2.409387379884719713e-05,-3.281753957271575937e-05
7.092851258499999290e+01,1.311898138374090311e-06,2.343286722898483065e-05,-3.486347794532775935e-05
7.098960653299999990e+01,9.961060248315334293e-07,2.400535792112350322e-05,-3.567643761634827155e-05
7.107050170200000139e+01,2.396662160754203876e-06,2.350849360227584621e-05,-3.276585638523102194e-05
7.113112772600000255e+01,1.591125130653381519e-06,2.193473577499389384e-05,-3.370055854320526379e-05
7.121782140199999844e+01,-1.130551565438508938e-06,2.250269204378127838e-05,-3.191784918308258212e-05
7.127275844400000437e+01,2.293491177260875785e-06,2.431756407022476126e-05,-3.146989643573761144e-05
7.135390624000000059e+01,1.791061460971832294e-06,2.506550550460815148e-05,-3.286077678203582988e-05
7.141454757699999334e+01,6.636918056756257906e-07,2.341360747814178229e-05,-3.284436762332916391e-05
7.149549606300000448e+01,9.608380496501922675e-07,2.386380285024642653e-05,-3.405129015445709122e-05
7.155643361500000310e+01,1.689733378589153398e-06,2.383730709552764609e-05,-3.357806503772735622e-05
7.163744420400000479e+01,8.463034406304359678e-07,2.279330641031265014e-05,-3.142077326774597138e-05
7.169846875999999725e+01,1.359956152737140667e-06,2.402852475643157685e-05,-3.351823985576629780e-05
7.177964785899999356e+01,1.007101126015186368e-06,2.378604561090469032e-05,-3.111743032932281507e-05
7.183996767799999361e+01,3.696056827902794239e-06,2.549412846565246335e-05,-3.315417766571045302e-05
7.192111067499999422e+01,8.356640115380287616e-07,2.527925372123717907e-05,-3.300498723983764774e-05
7.198190701900000477e+01,2.161227911710739288e-06,2.545746266841888351e-05,-3.344865441322326618e-05
7.206301431400000013e+01,-1.065058261156082206e-06,2.436374723911285118e-05,-3.218401968479156619e-05
7.212344733899999483e+01,-4.535533022135496538e-07,2.636034786701202273e-05,-3.162297010421752765e-05
7.220437772500000051e+01,7.299358025193214606e-07,2.700731754302978461e-05,-3.214147090911865482e-05
7.226552558699999906e+01,-1.710618659853935426e-06,2.849973440170287876e-05,-2.779389619827271068e-05
7.234655127800000685e+01,5.475073121488095016e-07,3.209122121334075805e-05,-2.548841238021851184e-05
7.240757343299999604e+01,-5.036278627812862406e-07,3.329969048500061151e-05,-1.867558211088180881e-05
7.248814319999999611e+01,1.687799207866191927e-06,3.767033219337463862e-05,-1.687849611043930339e-05
7.254897274600000401e+01,2.536874264478683770e-06,3.767368495464325299e-05,-1.227821856737137370e-05
7.262993493300000125e+01,-1.090144179761409786e-06,4.042233526706695730e-05,-9.493979066610342451e-06
7.269098499099999344e+01,-7.787915877997876073e-07,4.061067998409271374e-05,-9.638565033674245880e-06
7.277270611699999847e+01,-9.506785310804844404e-07,3.979938626289367565e-05,-6.858829408884053619e-06
7.283377987599999415e+01,8.939633145928383036e-07,4.076065421104431517e-05,-4.095507785677914960e-06
7.291449405000000183e+01,-4.790345206856728071e-07,4.024083912372589529e-05,-6.023246794939046464e-06
7.297532399600000019e+01,1.095638796687126318e-06,4.365696907043457154e-05,-2.960025100037509295e-07
7.305616227699999854e+01,1.949465647339820868e-06,4.068233072757720920e-05,-1.279042847454553086e-06
7.311706612700000107e+01,-8.634114637970924538e-07,3.949922621250152584e-05,-3.901678696274762310e-06
7.319811621799999557e+01,-1.218336261808872186e-06,3.990747630596161390e-05,-5.643411725759511691e-06
7.325866874999999823e+01,-5.754256155341863973e-07,4.178358614444732633e-05,-6.175688654184347127e-06
7.333959983600000498e+01,8.605664595961570899e-07,4.103550016880035481e-05,-9.677757322788243665e-06
7.340032977600000663e+01,-1.095978170633316135e-06,3.977600336074829125e-05,-1.115805953741074154e-05
7.348153857600000549e+01,1.197026483714580678e-06,3.830713927745818938e-05,-7.321164011955266279e-06
7.354234842099999980e+01,4.358998965471982912e-07,3.836882412433624751e-05,-9.698205441236501233e-06
7.362297149100000127e+01,2.540055476129055100e-06,3.840966820716858372e-05,-1.033128947019577536e-05
7.368380603699999654e+01,1.452136971056461313e-06,3.854297399520874355e-05,-9.462523460388189703e-06
7.376498673499999370e+01,2.680416405200958459e-06,3.972172141075134183e-05,-9.121775627136236201e-06
7.382537915899999348e+01,1.468693744391202994e-06,3.981610536575317717e-05,-1.103923246264458310e-05
7.390659575899999822e+01,2.140860259532928627e-06,3.860029280185699576e-05,-1.051244363188744141e-05
7.396704408499999772e+01,1.788771711289882741e-07,3.897524476051330845e-05,-9.099423140287405212e-06
7.404843439500000102e+01,3.674727305769920334e-06,3.970026969909668321e-05,-1.212517991662026101e-05
7.410899282699999446e+01,4.104239493608475042e-06,4.046907424926757713e-05,-1.173457130789757419e-05
7.419073675399999956e+01,4.668147861957550535e-06,3.849587440490722826e-05,-9.489256888628011646e-06
7.425066585400000463e+01,3.262791782617569143e-06,3.859201073646545388e-05,-1.078463271260262087e-05
7.433178194900000335e+01,3.523650392889976535e-06,3.982985913753509519e-05,-1.088323444128036975e-05
7.439279190400000630e+01,1.571514829993248002e-06,4.032416045665741003e-05,-9.815631806850438928e-06
7.447407020699999691e+01,2.288932539522647911e-06,4.052248299121856943e-05,-1.197595521807671171e-05
7.453462953899999377e+01,1.595066860318183950e-06,3.916499614715576337e-05,-9.795969724655157718e-06
7.461561362800000552e+01,4.058291390538215817e-06,3.981856405735016149e-05,-7.687392830848698968e-06
7.467654487900000504e+01,1.193957403302192644e-06,3.833695650100708157e-05,-5.331045761704449936e-06
7.475749326499999370e+01,3.320717811584472797e-06,4.175648987293243889e-05,-1.197810992598534161e-05
7.481802879599999301e+01,3.818194940686226276e-06,4.175308942794800262e-05,-6.009828671813016917e-06
7.489924199600000065e+01,2.991019189357757787e-06,3.908607959747314884e-05,-7.453948259353642764e-06
7.496005814199999406e+01,1.780997402966022520e-06,3.795460462570190497e-05,-8.077614754438405950e-06
7.504233249700000385e+01,1.064784545451402816e-06,3.906457424163818550e-05,-1.181531473994255664e-05
7.510536045599999966e+01,1.838884316384792402e-06,3.874340951442718870e-05,-1.596138179302215976e-05
7.518565620900000113e+01,2.298057824373245459e-06,3.819308578968047947e-05,-1.458070278167725179e-05
7.522605699800000423e+01,2.226715162396431268e-06,3.832045495510101661e-05,-1.828670650720596683e-05
7.532686661200000344e+01,3.187174722552299523e-06,3.800809085369110616e-05,-1.613997817039490186e-05
7.536743180999999936e+01,3.164178133010864368e-06,3.393155634403228945e-05,-2.001476287841797393e-05
7.546848533600000053e+01,3.528127074241638491e-06,3.677770793437957879e-05,-2.176048755645752276e-05
7.550893062800000166e+01,2.992883510887623054e-06,3.418384492397308669e-05,-1.988228857517242875e-05
7.561047457899999813e+01,1.649338938295841328e-06,3.487506806850433849e-05,-2.159137427806854671e-05
7.565088336899999888e+01,5.013550072908402067e-06,3.556257188320159765e-05,-1.931874454021454286e-05
7.575186159199999736e+01,4.391929879784584495e-06,3.458313941955566386e-05,-2.327589094638824959e-05
7.579273660600000539e+01,3.449231013655662898e-06,3.259957134723663635e-05,-2.346525490283966347e-05
7.589368222599999569e+01,3.805927187204360993e-06,3.424323201179504754e-05,-2.328947931528092016e-05
7.593402561300000286e+01,1.870448328554630285e-06,3.046207726001739149e-05,-2.506161928176880253e-05
7.603552376199999685e+01,6.964541506022215117e-07,3.223200440406799746e-05,-2.444137930870056677e-05
7.607577174399999365e+01,3.255442250519991034e-07,3.053521215915679771e-05,-2.215247154235840376e-05
7.617711468500000649e+01,1.043288037180900555e-06,3.165946006774901679e-05,-2.793746888637543271e-05
7.621846972299999834e+01,3.885736688971519701e-06,3.308586478233337504e-05,-2.599284946918487866e-05
7.631911682899999505e+01,4.863843321800232516e-06,3.087148070335388184e-05,-2.558206915855408022e-05
7.635974652999999535e+01,5.582880694419145999e-07,3.101225793361663165e-05,-2.780045866966248050e-05
7.646253524600000162e+01,3.445192053914070454e-06,2.948862314224242963e-05,-2.612715661525726781e-05
7.650330105400000491e+01,2.110133320093155078e-06,3.404211401939391930e-05,-2.339488863945007711e-05
7.662661833200000672e+01,2.206892333924770273e-06,3.073807358741760217e-05,-2.648369967937470071e-05
7.664605713699999967e+01,4.777032136917114614e-06,3.449105322360992580e-05,-2.231356203556061356e-05
7.676697169099999485e+01,2.094390615820884785e-06,3.082402646541595391e-05,-2.754495739936828978e-05
7.678721573800000044e+01,9.700726717710495439e-07,3.306007087230682822e-05,-2.571698427200317820e-05
7.690857071400000677e+01,2.824665606021881187e-06,3.174969553947448953e-05,-2.562383711338043685e-05
7.692885246299999835e+01,2.790853753685951515e-06,2.945845723152160423e-05,-2.367896139621735198e-05
7.705004543100000092e+01,1.957255229353904761e-06,3.058922588825225744e-05,-2.454927712678909842e-05
7.707030167800000697e+01,2.544235251843929209e-06,3.480749428272247279e-05,-2.327113300561905237e-05
7.719191906800000424e+01,1.629980839788913902e-06,3.248706161975860779e-05,-2.278958112001419501e-05
7.721214421400000560e+01,3.995710611343383957e-06,3.401652872562408142e-05,-2.839072644710541308e-05
7.733411762199999373e+01,2.629632130265236158e-06,3.596269786357879963e-05,-2.147771120071411587e-05
7.735445677399999909e+01,6.381449755281209825e-07,3.322196304798126569e-05,-2.356480211019516520e-05
7.747579514900000675e+01,2.867823094129562597e-06,3.448660671710967974e-05,-2.184033989906311319e-05
7.749590588899999943e+01,3.593247011303902003e-06,3.556660115718841906e-05,-2.236410081386566617e-05
7.761750767799999551e+01,1.449548639357090025e-06,3.305252790451049862e-05,-2.207405269145966078e-05
7.763770342300000493e+01,-5.866433959454297979e-07,3.610812723636627319e-05,-2.167261093854904708e-05
7.775901429699999312e+01,1.323423907160759137e-06,3.581096827983856312e-05,-2.421855926513672173e-05
7.777951465700000711e+01,2.634626626968383934e-06,3.508188128471374871e-05,-1.843810677528381727e-05
7.790093933699999695e+01,2.111944183707237284e-06,3.494484424591064414e-05,-1.997369378805160950e-05
7.792110408000000632e+01,1.814832352101802998e-06,3.665431737899780315e-05,-2.221845984458923888e-05
7.804269616800000620e+01,1.597511395812034705e-06,3.542135655879974349e-05,-2.009977400302887372e-05
7.806282130900000027e+01,-1.873505301773548127e-07,3.571836352348328058e-05,-2.254620492458344041e-05
7.818436879499999748e+01,1.183056645095348500e-06,3.599578440189361449e-05,-1.958623528480530246e-05
7.820436342899999715e+01,-2.767243795096874415e-06,3.586734235286712536e-05,-1.913467496633530220e-05
7.832618192900000054e+01,6.984021514654159388e-07,3.590318560600280800e-05,-1.650265455245972107e-05
7.834655208300000595e+01,3.400290012359619332e-06,3.507770597934723036e-05,-1.974895298480987854e-05
7.846816097200000684e+01,1.179083064198493957e-06,3.641912639141083101e-05,-1.721199899911880906e-05
7.848817170700000645e+01,4.178727511316537974e-07,3.827485144138336078e-05,-1.264484226703644333e-05
7.860995000500000174e+01,1.108315773308277198e-06,3.670532107353210907e-05,-1.522267311811447741e-05
7.863051306799999907e+01,1.822246611118316835e-06,3.795926868915558080e-05,-1.441380828619003836e-05
7.875226456500000438e+01,1.608234457671642351e-06,3.650528490543365366e-05,-1.742636114358902491e-05
7.877216709399999672e+01,3.461071848869324037e-06,3.732390999794006761e-05,-2.471423447132111003e-05
7.889394319199999472e+01,1.675995066761970532e-06,3.729139268398285037e-05,-1.848235130310058974e-05
7.891398362900000052e+01,1.041331607848405856e-06,3.354366123676300385e-05,-1.566340327262878712e-05
7.903550991400000214e+01,1.138509251177311079e-06,3.780807554721832368e-05,-1.874500513076782761e-05
7.905578486199999588e+01,-3.748085815459489916e-07,4.007305204868316743e-05,-1.525963991880417196e-05
7.917741885300000604e+01,3.600443247705698027e-07,3.631433248519897795e-05,-1.980725526809692854e-05
7.919770380200000659e+01,2.597934938967228235e-06,3.678919672966003809e-05,-1.797129809856415177e-05
7.931911298299999658e+01,2.796844206750392953e-06,3.588598370552063181e-05,-1.856772899627686104e-05
7.933920052300000236e+01,1.243438012897968278e-06,3.532951176166534616e-05,-2.156295627355576133e-05
7.946082761499999947e+01,7.583872415125369902e-07,3.459220528602600188e-05,-1.898088306188583648e-05
7.948093755499999702e+01,1.494027860462665553e-06,3.372302055358886917e-05,-2.347725480794907220e-05
7.960251234499999384e+01,2.288698963820934536e-06,3.291589617729187339e-05,-2.315729111433029619e-05
7.962291369999999802e+01,-1.400588080286979713e-08,3.750021159648895722e-05,-2.369829565286636782e-05
7.974418817500000500e+01,2.448922395706176868e-06,3.568334281444549515e-05,-2.057368755340576447e-05
7.976480744100000209e+01,6.161076016724110260e-07,2.991883158683776532e-05,-2.227670252323151151e-05
7.988709876800000131e+01,1.742763072252273672e-06,3.522723913192748942e-05,-2.262590527534485448e-05
7.990724600999999438e+01,1.617096737027168440e-06,3.507450520992278897e-05,-2.256381511688232717e-05
8.002861218900000040e+01,8.279651403427124101e-07,3.497011661529540846e-05,-2.251991629600525328e-05
8.004940286500000468e+01,1.461779605597257702e-06,3.957135975360870275e-05,-2.065942436456680883e-05
8.017060613499999988e+01,2.273710072040558101e-06,3.483458459377289097e-05,-2.296152561903000292e-05
8.019068017399999349e+01,6.970614194869995634e-07,3.353363871574401700e-05,-1.756130754947662890e-05
8.031230556600000625e+01,3.908925876021385271e-06,3.361645042896270811e-05,-2.243464142084122082e-05
8.033259451600000034e+01,-5.253984592854976444e-07,3.378147184848785412e-05,-1.783498525619507276e-05
8.045384658800000466e+01,1.483981776982546004e-06,3.514668047428131173e-05,-2.261827588081360193e-05
8.047414053800000033e+01,3.661458566784858880e-06,3.144253194332122752e-05,-2.434739470481873133e-05
8.059572482800000159e+01,3.128822892904281830e-06,3.331840336322784403e-05,-2.077382355928421393e-05
8.061597737600000357e+01,1.406828407198190725e-06,3.178129792213440379e-05,-2.267480343580246293e-05
8.073741475900000353e+01,1.687391102313995376e-06,3.480319976806640648e-05,-2.187193781137467043e-05
8.075788381799999627e+01,-6.264106370508670715e-07,3.096167147159576392e-05,-2.426136583089828972e-05
8.087946440800000403e+01,1.497374568134546440e-06,3.468471765518188542e-05,-2.282340377569199089e-05
8.089957724799999994e+01,4.440913349390030031e-06,3.444027304649353247e-05,-2.366096675395965880e-05
8.102098792900000035e+01,1.427042018622160113e-06,3.482474088668823284e-05,-2.348472028970718952e-05
8.104129738000000316e+01,-6.405427120625973044e-07,3.781554400920868241e-05,-2.689295113086700791e-05
8.116276056399999561e+01,1.123550254851579708e-06,3.447520732879638818e-05,-2.180696129798889769e-05
8.118339873200000056e+01,1.648583635687828248e-06,3.586595058441162376e-05,-2.253298759460449499e-05
8.130456019999999739e+01,1.044146716594696050e-06,3.457038104534149571e-05,-2.000072449445725032e-05
8.132477944599999375e+01,-1.306703407317400072e-06,3.760420680046081725e-05,-1.943482458591461556e-05
8.144603701900000203e+01,3.376096487045288229e-07,3.500513136386871786e-05,-2.002848386764526694e-05
8.146652267899999345e+01,5.173407495021820488e-06,3.646602034568786861e-05,-1.264635473489761868e-05
8.158785565600000211e+01,-5.707237869501113780e-09,3.574154675006866334e-05,-1.967114210128784779e-05
8.160819210799999723e+01,3.963868319988250520e-06,3.484622240066528523e-05,-2.355127334594726862e-05
8.172975119699999880e+01,9.117081761360168718e-07,3.689605295658111698e-05,-2.222703099250793998e-05
8.175010785000000624e+01,6.627086549997330322e-06,3.367296755313873603e-05,-1.866030693054199799e-05
8.189243811299999720e+01,2.813975512981414911e-06,3.432505726814270283e-05,-2.054281681776047081e-05
8.191251435200000230e+01,6.514674425125122377e-06,3.516659736633300984e-05,-2.044019252061844285e-05
8.203422674899999834e+01,1.706335321068763815e-06,3.505808413028717091e-05,-2.043502926826477645e-05
8.205398667100000409e+01,-1.857692375779151932e-06,3.846064507961273390e-05,-2.215722799301147859e-05
8.217556446099999334e+01,2.419114112854003818e-06,3.541300594806671357e-05,-2.201540470123291559e-05
8.219582810900000425e+01,2.461497485637664767e-06,3.783994615077972763e-05,-2.110694646835327700e-05
8.231725899100000277e+01,1.700749248266220130e-06,3.589055240154266386e-05,-1.801505237817764774e-05
8.233740563400000667e+01,2.036427147686481616e-07,3.698700964450836031e-05,-2.094631344079971868e-05
8.245947284899999374e+01,1.442798506468534643e-06,3.547915518283843912e-05,-1.984708309173584533e-05
8.247945088199999475e+01,-7.629941217601300123e-07,3.374704122543335279e-05,-1.840025782585144476e-05
8.260109247500000151e+01,7.788773626089096550e-07,3.419203758239746082e-05,-2.006446570158005146e-05
8.262107860899999423e+01,-3.034613095223903939e-07,3.822259008884429810e-05,-1.366742402315140397e-05
8.274366575099999466e+01,1.573881879448890718e-06,3.652875721454620580e-05,-1.973595768213272670e-05
8.276407740700000204e+01,1.136492658406496076e-06,3.399952054023743083e-05,-2.448238581418991580e-05
8.288575120199999446e+01,2.289397269487381268e-06,3.391332328319550035e-05,-1.803318709135055841e-05
8.290588004299999625e+01,-7.934560999274254495e-08,3.558769822120666504e-05,-2.117241919040680227e-05
8.302728312399999311e+01,9.994006715714932498e-07,3.648578822612762499e-05,-2.176015526056290206e-05
8.304744156700000701e+01,-8.878919295966625559e-07,3.705291152000427587e-05,-2.125532180070877674e-05
8.316894985300000087e+01,1.374411676079034872e-06,3.558355867862701650e-05,-2.122623920440674318e-05
8.318916729900000462e+01,3.783078491687774921e-06,3.329656422138214098e-05,-1.980352550745010959e-05
8.331220826499999532e+01,1.845337450504303134e-06,3.440213203430175933e-05,-1.923922449350357652e-05
8.341398732999999766e+01,-8.059339597821236006e-08,3.289791345596313908e-05,-2.252156734466553050e-05
8.345335406700000647e+01,2.849811315536499107e-06,3.485306799411774163e-05,-2.298213243484497579e-05
8.347351340999999536e+01,2.439959719777107445e-06,3.610233366489410263e-05,-2.306472510099411472e-05
8.359515970299999310e+01,3.115715924650430923e-07,3.378396332263947023e-05,-2.282816916704178317e-05
8.361552595700000268e+01,2.095811069011688351e-06,3.099373579025267993e-05,-2.781368494033813999e-05
8.373694133799999406e+01,1.917120814323425282e-06,3.358732759952545109e-05,-2.420221120119095214e-05
8.375735309399999551e+01,2.463207766413688762e-06,3.507843315601349055e-05,-2.354480028152466315e-05
8.387865967000000467e+01,2.533879131078720066e-06,3.415018320083618462e-05,-2.301144450902939460e-05
8.389883551399999817e+01,6.055077165365219345e-06,3.144061863422393664e-05,-2.165613323450088967e-05
8.402046980599999415e+01,2.947877347469329801e-06,3.542362749576568503e-05,-2.075352072715759718e-05
8.404036953600000004e+01,3.244902193546295448e-06,3.305943310260772900e-05,-2.341637313365936752e-05
8.416209073299999943e+01,2.830552682280540422e-06,3.418021500110626180e-05,-2.166276723146438895e-05
8.418233838000000446e+01,3.819253295660018758e-06,3.314937055110931828e-05,-1.903741657733917691e-05
8.430413648200000409e+01,1.051254849880933754e-06,3.364729881286621321e-05,-2.297972440719604800e-05
8.432463834200000008e+01,2.840160205960273939e-06,3.588376939296722624e-05,-1.940788775682449613e-05
8.444542069099999537e+01,1.536721643060445849e-06,3.432033061981201499e-05,-2.082318514585495330e-05
8.446593255199999817e+01,2.795121446251869279e-06,3.828446567058563704e-05,-2.697583138942719045e-05
8.458771145199999353e+01,3.103493899106979428e-06,3.570130169391632529e-05,-2.149197012186050728e-05
8.460747617500000217e+01,1.867488957941532261e-07,3.423266708850860527e-05,-2.668590545654297443e-05
8.472914386899999784e+01,1.470409985631704302e-06,3.504449129104614670e-05,-1.937383860349655641e-05
8.474917400600000406e+01,3.449905663728713982e-06,3.782739341259003040e-05,-1.986003220081329767e-05
8.487125952200000256e+01,3.302437812089920039e-06,3.574241399765015119e-05,-1.884687989950180345e-05
8.489118665200000180e+01,-2.361268736422062159e-07,3.430116474628448802e-05,-2.212018072605133375e-05
8.501420771700000500e+01,5.830030888319016013e-07,3.510738611221313969e-05,-2.228817343711853591e-05
8.505570846400000562e+01,3.409973531961441031e-06,3.395674526691436885e-05,-1.927703469991684458e-05
8.515736472300000059e+01,4.028643295168877078e-06,3.534034788608550936e-05,-1.937448829412460771e-05
8.519761260500000333e+01,-2.209960483014583819e-07,3.696855604648590342e-05,-2.110164761543274336e-05
8.529879064000000710e+01,2.252841740846634055e-06,3.639931678771972877e-05,-1.940795332193374955e-05
8.533990386700000386e+01,-1.600700244307518083e-06,3.631287515163421955e-05,-1.851634979248047294e-05
8.544024985800000138e+01,3.031107783317566251e-06,3.585785627365112467e-05,-2.186489701271057619e-05
8.548090286100000412e+01,1.235593017190694910e-06,3.598725497722625585e-05,-1.719623804092407538e-05
8.558210089700000367e+01,2.972142398357391312e-06,3.349620997905731394e-05,-2.138498127460480256e-05
8.562234067800000048e+01,9.971404448151587962e-07,3.639205992221832377e-05,-2.217180281877518158e-05
8.572356341500000099e+01,2.475197985768318419e-06,3.385477066040039557e-05,-2.169366627931595398e-05
8.576466844200000139e+01,2.106472477316856471e-06,3.258529603481292905e-05,-1.965300589799881472e-05
8.586547195699999691e+01,1.506458315998315976e-06,3.457030653953552485e-05,-2.009127885103226250e-05
8.590593205000000410e+01,2.699808031320571885e-06,3.527165651321411457e-05,-1.741798073053360462e-05
8.600726749199999688e+01,7.861968129873276118e-07,3.572380542755126975e-05,-1.693602949380875074e-05
8.604774158600000078e+01,5.073715001344680799e-08,3.568353950977325877e-05,-2.249501347541809509e-05
8.614938684499999511e+01,2.310703322291374402e-06,3.548611700534820546e-05,-2.183981537818909267e-05
8.618993544299999598e+01,-7.396714761853218746e-07,3.349839746952057055e-05,-1.950560957193375234e-05
8.629098917100000676e+01,1.329057943075895337e-06,3.475961685180664417e-05,-2.071542143821716650e-05
8.633196679099999926e+01,-3.321311436593532769e-07,3.738703131675720444e-05,-2.033937722444534790e-05
8.643341873900000394e+01,8.678407408297062052e-07,3.529157042503356788e-05,-1.837311387062073203e-05
8.647394393599999773e+01,5.033600144088268312e-07,3.288797438144683716e-05,-2.032583206892013880e-05
8.657509406900000215e+01,1.402367372065782616e-06,3.455696105957031740e-05,-1.971915513277054365e-05
8.661543965600000661e+01,1.081656664609909086e-08,3.653302788734436116e-05,-1.963550448417663945e-05
8.671678809899999862e+01,3.170586749911308643e-06,3.370646536350250627e-05,-2.114784717559814917e-05
8.675731059599999639e+01,7.262933067977428318e-07,3.285757303237915047e-05,-2.196553051471710779e-05
8.685865413899999510e+01,2.409287914633750845e-06,3.369354605674743753e-05,-2.072224915027618799e-05
8.689882711699999618e+01,2.668504044413566594e-06,3.299989402294158840e-05,-1.949328482151031796e-05
8.699998085000000003e+01,1.508470345288515239e-06,3.517975807189941252e-05,-2.179670184850693055e-05
8.704063435300000151e+01,1.204813178628683140e-06,3.256324827671051029e-05,-2.634292542934418214e-05
8.714262363000000278e+01,7.177986204624176318e-07,3.466719388961792160e-05,-2.122606784105301290e-05
8.718313982600000145e+01,2.890901267528533917e-06,3.512283861637115683e-05,-2.122501879930496508e-05
8.728449393900000075e+01,2.627634257078171098e-06,3.413418233394622923e-05,-1.924086958169937431e-05
8.732485061500000256e+01,1.478573773056268782e-06,3.590904176235199056e-05,-2.016767561435699971e-05
8.742619422699999632e+01,1.811098679900169531e-06,3.528821766376495352e-05,-2.240242511034012168e-05
8.746674411200000065e+01,2.520302310585975644e-06,3.228492438793182550e-05,-2.080699652433395851e-05
8.756788031400000705e+01,2.924657985568046640e-06,3.434224426746368891e-05,-1.929197907447815371e-05
8.760846160100000191e+01,2.259453386068344362e-06,3.494344651699066650e-05,-1.964672058820724865e-05
8.770967250600000398e+01,1.057639718055725155e-06,3.580763339996338366e-05,-2.156945765018463478e-05
8.775024519299999781e+01,3.211999684572219918e-06,3.501342236995697379e-05,-1.935819089412689804e-05
8.785180631599999401e+01,3.165210038423538480e-06,3.519854545593261591e-05,-1.888593435287476055e-05
8.789232619999999940e+01,1.250695157796144535e-06,3.312076032161712970e-05,-1.796754747629165989e-05
8.799226574799999412e+01,2.268943190574645963e-06,3.554620146751403951e-05,-2.017434835433960344e-05
8.803298414200000366e+01,4.081251472234725893e-06,3.448021113872527978e-05,-2.518425881862640703e-05
8.813398593700000561e+01,1.785885542631149436e-06,3.532839715480804832e-05,-2.079010605812073350e-05
8.817461982700000078e+01,1.774390786886215356e-06,3.453244864940643150e-05,-2.335320562124252781e-05
8.827632585700000334e+01,3.257966041564941682e-06,3.494479656219482902e-05,-1.961894333362579712e-05
8.831656572699999685e+01,1.593817770481109603e-06,3.610818982124328519e-05,-2.125094383955002212e-05
8.841805614700000149e+01,1.190266478806734097e-06,3.498881459236145088e-05,-1.839745640754699988e-05
8.845887504600000284e+01,2.092075720429420574e-06,3.574025332927704355e-05,-2.043270319700241457e-05
8.855995414500000606e+01,9.657599963247777095e-07,3.601987361907959292e-05,-1.931180357933044944e-05
8.860069923999999730e+01,2.180292829871177875e-06,3.506237864494323722e-05,-1.924389451742172840e-05
8.870170073500000285e+01,1.447948347777128249e-06,3.597087264060974562e-05,-1.875276416540146458e-05
8.874247223199999723e+01,2.001031115651130625e-06,3.600677549839020224e-05,-2.213659733533859816e-05
8.884379124299999830e+01,3.342454507946968449e-06,3.407010138034820556e-05,-1.918552666902542499e-05
8.888478075099999387e+01,1.471586059778928913e-06,3.497871160507202390e-05,-2.167389541864395619e-05
8.898591065200000116e+01,1.218230929225683358e-06,3.697085380554199392e-05,-2.232684642076492802e-05
8.902619272399999772e+01,1.618523523211479283e-06,3.609721362590790109e-05,-2.349978536367416902e-05
8.912760553900000104e+01,1.147502567619085283e-06,3.639941513538361059e-05,-2.178018391132355308e-05
8.916795231400000432e+01,6.223809905350208799e-07,3.507038950920105138e-05,-2.435239106416702787e-05
8.926914471899999626e+01,1.808399334549903993e-06,3.588800728321075658e-05,-2.386253178119659868e-05
8.930969060399999648e+01,1.933386549353599626e-06,3.244383037090301333e-05,-2.203960567712784355e-05
8.941078540300000554e+01,1.403315272182226324e-06,3.445406854152679635e-05,-2.081362754106521977e-05
8.945126908599999638e+01,4.232824966311455373e-06,3.623754084110260125e-05,-2.185548394918442058e-05
8.955289311200000668e+01,1.305621955543756571e-06,3.544774949550628848e-05,-2.137909978628159004e-05
8.959433664399999486e+01,-5.021770484745502612e-08,3.444536030292510900e-05,-2.024665623903274865e-05
8.969565505500000313e+01,1.201245840638875961e-06,3.336171507835388540e-05,-2.096479535102844694e-05
8.973587362300000336e+01,5.189154297113418484e-07,3.547615706920623739e-05,-2.494346052408218811e-05
8.983751995100000443e+01,2.126703411340713594e-06,3.624999821186066147e-05,-1.887778043746948749e-05
8.987806993600000283e+01,4.667212255299091419e-07,3.487280905246734904e-05,-1.859067678451538588e-05
8.997911913299999753e+01,2.238212898373603793e-06,3.443683385848999516e-05,-2.097912877798080921e-05
9.001944870699999512e+01,-6.430805660784245046e-08,3.518246114253998236e-05,-1.921522170305252442e-05
9.012118494000000624e+01,1.077783200889825814e-06,3.596513271331787300e-05,-1.943808346986771192e-05
9.016161851900000102e+01,3.517991304397583114e-06,3.515179455280304400e-05,-2.109681516885757865e-05
9.026261761400000694e+01,2.305021136999130387e-06,3.417377173900604671e-05,-2.339105606079101932e-05
9.030334300799999880e+01,2.951434999704361081e-06,3.395907580852508437e-05,-2.144569009542465795e-05
9.040531725300000687e+01,9.211793541908264975e-07,3.550437688827515030e-05,-2.001069784164429287e-05
9.044534311200000332e+01,8.669820614159107103e-07,3.182516396045685268e-05,-2.206418961286545213e-05
9.054632940499999449e+01,1.187151577323675260e-06,3.520545363426208431e-05,-1.933665424585342870e-05
9.058673898399999302e+01,-7.785277906805277111e-07,3.338562548160552834e-05,-2.255272418260574876e-05
9.068794968900000697e+01,2.664149180054664681e-06,3.387296199798583881e-05,-2.386665940284729513e-05
9.072871008500000301e+01,-1.481261011213064182e-06,3.481431007385254220e-05,-2.356190234422684190e-05
9.083024700699999698e+01,8.617363870143890869e-07,3.430311083793640390e-05,-1.978268325328827205e-05
9.087045767499999727e+01,-3.601424396038055413e-09,3.579075038433075030e-05,-2.426844686269760741e-05
9.097174308499999995e+01,1.787646487355232289e-06,3.484901785850525406e-05,-2.049213200807571789e-05
9.101244517799999301e+01,-3.462029621005058203e-07,3.480866253376007534e-05,-1.892501562833786324e-05
9.111365438299999653e+01,7.696293294429778941e-07,3.423402607440948864e-05,-2.262712717056274820e-05
9.115408306300000163e+01,1.836461946368217650e-06,3.516644239425659207e-05,-2.610414922237396559e-05
9.125544177499999421e+01,2.581590786576271047e-06,3.493327498435974470e-05,-2.143918126821518267e-05
9.129585485399999811e+01,3.410733863711357254e-06,3.512131571769714841e-05,-2.065256983041763837e-05
9.139709766100000365e+01,9.410143829882145402e-07,3.746449947357178141e-05,-1.723970919847488817e-05
9.143759244400000341e+01,3.847949206829071634e-06,3.604561984539032463e-05,-1.855200678110123180e-05
9.153885435200000131e+01,3.956803306937218123e-06,3.675656318664551091e-05,-1.722154468297958712e-05
9.157968115100000261e+01,1.154514122754335465e-06,3.582144081592559962e-05,-1.893370002508163965e-05
9.168111366799999473e+01,1.630249619483947799e-06,3.653246164321899479e-05,-2.043477594852448025e-05
9.172163785200000063e+01,3.408106416463852194e-06,3.690274357795715561e-05,-2.240692824125290370e-05
9.182272545099999661e+01,3.606832399964332854e-06,3.657421469688415793e-05,-2.134810239076614659e-05
9.186320073299999933e+01,3.667547926306724642e-06,3.800055086612701458e-05,-1.939394921064377335e-05
9.196465115099999821e+01,3.845440968871116654e-06,3.744056224822998272e-05,-1.959190964698791828e-05
9.200514703300000008e+01,4.723381996154784976e-06,3.766711652278900035e-05,-1.863370388746262167e-05
9.210616212899999766e+01,4.341324791312218126e-06,3.734552562236785806e-05,-1.994505673646927195e-05
9.214707283299999574e+01,4.568895697593689156e-06,3.528711199760436974e-05,-1.700232177972793858e-05
9.224842354499999431e+01,4.287603497505187938e-06,3.426678478717803982e-05,-1.792032122611999820e-05
9.228914123900000277e+01,3.690089285373688097e-06,3.697198331356048865e-05,-1.924887597560883144e-05
9.238997092500000008e+01,2.305469289422035515e-06,3.560313880443573010e-05,-2.197298109531403161e-05
9.243098463399999787e+01,1.497302483767271085e-06,3.550036251544952577e-05,-1.458749026060104984e-05
9.253219934000000535e+01,5.476119741797447112e-06,3.835138380527496185e-05,-1.884997189044952657e-05
9.257246191100000487e+01,1.813169941306114293e-06,3.625173866748809966e-05,-1.816800385713577797e-05
9.267344170399999825e+01,3.506870940327644497e-06,3.469712138175964770e-05,-1.791773587465286748e-05
9.271392558600000200e+01,2.970872074365616192e-06,3.516812026500701826e-05,-1.669973134994507243e-05
9.281543570700000600e+01,3.608117625117302316e-06,3.575930893421172985e-05,-1.761783361434937089e-05
9.285580648299999496e+01,3.362885117530822982e-06,3.559046089649200886e-05,-2.006921619176865024e-05
9.295712949500000377e+01,7.174134254455566942e-07,3.737437725067138737e-05,-2.041417360305786442e-05
9.299770068099999776e+01,3.559957444667816454e-06,3.537851870059966950e-05,-1.874183267354965758e-05
9.309946581500000207e+01,2.723318710923194910e-06,3.769156634807586747e-05,-1.695003509521484934e-05
9.314034261700000172e+01,3.656334057450294809e-06,3.556459844112396722e-05,-1.425490677356720587e-05
9.324138051399999938e+01,2.215103805065154953e-06,3.420644104480743692e-05,-1.775325387716293886e-05
9.328189029700000390e+01,2.364361286163330117e-06,3.687672913074493421e-05,-1.534723490476608686e-05
9.341567547799999716e+01,2.663385123014450083e-06,3.513852357864380064e-05,-1.986376792192459605e-05
9.342384189800000627e+01,1.731830090284347663e-06,3.678447306156158828e-05,-2.044952958822250858e-05
9.354533204599999863e+01,1.502813864499330511e-06,3.666674792766571440e-05,-1.855521798133850627e-05
9.356553118499999755e+01,3.645311668515205711e-06,3.455028831958770690e-05,-2.095708400011063186e-05
9.368676512000000400e+01,3.430124372243881422e-06,3.633742630481719973e-05,-1.757642030715942690e-05
9.370721377200000290e+01,4.638582095503807466e-06,3.855574131011963254e-05,-1.859719455242157522e-05
9.382902883699999563e+01,4.155052453279495075e-06,3.703319132328033460e-05,-1.943844109773636258e-05
9.384944468700000186e+01,1.897788047790527391e-06,3.628503382205963023e-05,-1.779374629259110045e-05
9.397035860600000490e+01,3.287611156702041977e-06,3.667222559452057337e-05,-1.865712404251099150e-05
9.399056904500000087e+01,4.631632566452026352e-06,3.875967860221862701e-05,-1.498285681009293219e-05
9.411212629700000321e+01,3.643863275647163494e-06,3.517182767391205205e-05,-1.888849735260010273e-05
9.413226943300000471e+01,-5.769589915871620665e-08,3.616163432598114053e-05,-1.692995727062225741e-05
9.425370397800000433e+01,3.860097751021385567e-06,3.495210409164428716e-05,-1.985120624303818136e-05
9.427387291600000196e+01,2.391679584980011150e-06,3.443026840686798053e-05,-1.763347685337067223e-05
9.439526805900000284e+01,2.544496208429336605e-06,3.608452081680298297e-05,-1.850821375846863138e-05
9.441550069999999550e+01,5.602642893791199076e-06,3.860346674919128818e-05,-1.653215140104294126e-05
9.453690544399999851e+01,3.542907536029815786e-06,3.794296979904174873e-05,-1.857328563928604452e-05
9.455746810099999777e+01,3.192322701215744365e-06,3.916804194450378699e-05,-1.503650397062302211e-05
9.467884844399999622e+01,2.260982245206833063e-06,3.677172362804412742e-05,-1.798441261053085834e-05
9.469927559399999950e+01,-1.745636574923992315e-07,3.938361108303069968e-05,-1.406503170728684087e-05
9.482055333200000291e+01,3.222821280360221924e-06,3.642021715641021790e-05,-1.795517951250076742e-05
9.484110078800000565e+01,1.553335692733526404e-06,3.317373991012573172e-05,-1.990276128053665677e-05
9.496345338099999367e+01,3.272290527820587349e-06,3.620335161685944063e-05,-2.033693343400955707e-05
9.498357061599999440e+01,4.501920565962791858e-06,3.547128736972809064e-05,-2.306753844022751168e-05
9.508617349300000399e+01,1.879834756255149895e-06,3.759399354457855638e-05,-1.774097979068756440e-05
9.512669327700000110e+01,3.508184477686882363e-06,3.567365705966949959e-05,-2.097728550434112878e-05
9.522827381199999763e+01,2.478723600506782499e-06,3.787397742271423246e-05,-1.961056590080261823e-05
9.526876510699999301e+01,3.495087474584579670e-06,3.694548904895782383e-05,-1.438906937837601201e-05
9.536988113900000030e+01,3.392441198229789941e-06,3.650546073913574436e-05,-1.912667751312256253e-05
9.541052714299999593e+01,3.881447762250900529e-06,3.747316300868988489e-05,-1.850442588329315747e-05
9.551183388500000149e+01,3.017153963446617250e-06,3.601696193218231415e-05,-1.716134995222092256e-05
9.555197746199999642e+01,3.747470676898956539e-06,3.684323728084564680e-05,-1.746972054243088140e-05
9.565367512400000294e+01,2.723177894949913245e-06,3.709968328475952070e-05,-1.613305807113647798e-05
9.569404971400000193e+01,4.834806919097900988e-06,3.264008462429047086e-05,-1.967489868402481570e-05
9.579532275399999719e+01,4.424731060862541039e-06,3.715003132820129250e-05,-1.871811747550964909e-05
9.583571314399999608e+01,4.794246703386306624e-06,3.712134957313537785e-05,-1.756880134344101420e-05
9.593719889499999454e+01,3.242057934403419695e-06,3.622134625911712703e-05,-1.751147359609604454e-05
9.597794030400000054e+01,2.220545895397663228e-07,3.577438890933990623e-05,-2.134360820055008541e-05
9.607916834200000267e+01,3.727233782410621680e-06,3.649288415908813618e-05,-2.131007462739944875e-05
9.611957173199999716e+01,3.431268781423568796e-06,3.894464373588562011e-05,-2.330907732248306866e-05
9.622064436200000159e+01,3.399024531245231845e-06,3.542630672454834392e-05,-1.703406721353531176e-05
9.626107375399999455e+01,3.727960214018821939e-06,3.573234975337982527e-05,-2.174626141786575637e-05
9.636239099700000565e+01,2.960246428847313223e-06,3.611041307449341161e-05,-2.255230695009232073e-05
9.640281538899999703e+01,3.871981054544448676e-06,3.658563792705536044e-05,-1.482118070125580379e-05
9.650384721700000057e+01,3.623744100332260127e-06,3.550895452499389641e-05,-1.797165274620056441e-05
9.654465632900000571e+01,1.494999323040247048e-06,3.644708693027496829e-05,-1.866572052240372256e-05
9.666685935200000301e+01,3.413360938429832561e-06,3.531418740749359104e-05,-2.073078900575638309e-05
9.668724250699999345e+01,4.203568771481513860e-06,3.394745290279388699e-05,-1.776344329118729218e-05
9.680878229600000395e+01,2.993128448724746850e-06,3.574867546558380631e-05,-1.764007210731506707e-05
9.682888813600000333e+01,2.960758656263351482e-06,3.504700064659119094e-05,-2.042791545391083036e-05
9.695028911800000060e+01,3.385706245899200580e-06,3.600242435932159320e-05,-1.908485442399979233e-05
9.697066007200000115e+01,6.099377572536469118e-06,3.734047412872314457e-05,-1.508504003286362287e-05
9.709197944999999663e+01,4.080946743488311968e-06,3.360245227813721134e-05,-1.767128854990005930e-05
9.711253351400000611e+01,3.138579055666923511e-06,3.593223690986633217e-05,-1.977528631687164616e-05
9.725443705600000044e+01,3.591290861368179407e-06,3.697378635406494562e-05,-2.115864157676697330e-05
9.727490971599999625e+01,2.660531923174858149e-06,3.793271481990814200e-05,-1.762880384922027894e-05
9.739642910400000630e+01,1.664160937070846635e-06,3.732044398784637454e-05,-1.828555315732956454e-05
9.741644644000000142e+01,-1.538232620805501974e-06,3.650066554546356170e-05,-1.762164682149887476e-05
9.753869966599999941e+01,3.101639822125434901e-06,3.839802443981170664e-05,-1.942080259323120445e-05
9.755884750799999949e+01,3.373212739825248846e-06,3.480431139469146630e-05,-2.012393474578857822e-05
9.768031879400000150e+01,3.035414218902588034e-06,3.670469522476196194e-05,-1.565191298723221219e-05
9.770073365000000365e+01,4.084279760718346055e-06,3.761157989501953219e-05,-2.046954482793808511e-05
9.782222853700000087e+01,2.127375081181526234e-06,3.558869659900665294e-05,-1.538110226392746323e-05
9.784249048499999901e+01,2.251692116260528873e-06,3.818326890468597709e-05,-1.652706563472748375e-05
9.796369605700000704e+01,2.872759476304054555e-06,3.542609512805939019e-05,-1.781616806983948238e-05
9.798403240999999753e+01,1.279412116855382885e-06,3.523719310760498144e-05,-1.902134269475937305e-05
9.810619773099999463e+01,3.553527593612671194e-06,3.676781356334686752e-05,-1.702844649553299388e-05
9.812613956299999529e+01,3.432058542966842681e-06,3.471907973289489871e-05,-1.979473829269409773e-05
9.824769765300000302e+01,4.143819212913513021e-06,3.631099760532379171e-05,-1.757257729768753603e-05
9.826765458600000613e+01,1.636479049921035931e-06,3.743269741535187227e-05,-2.092324346303940107e-05
9.838913517199999603e+01,4.555659741163254409e-06,3.690480887889861946e-05,-1.840298622846603778e-05
9.840960053099999527e+01,3.199907019734382863e-06,3.707724511623382627e-05,-2.128831148147583558e-05
9.853139013300000215e+01,2.430808544158935733e-06,3.539051115512848318e-05,-1.712300777435303215e-05
9.855167068199999392e+01,2.723082527518272419e-06,3.640396296977996970e-05,-1.483560800552368746e-05
9.867327867500000593e+01,3.409948945045471425e-06,3.601096868515014872e-05,-1.952303797006607576e-05
9.869331241199999738e+01,3.491799160838127339e-06,3.724200427532196541e-05,-2.028480470180512023e-05
9.881534592600000622e+01,2.934785187244415587e-06,3.608148396015167341e-05,-1.980777233839035401e-05
9.883579848499999798e+01,7.285057008266449288e-06,3.427495062351227175e-05,-1.962590813636780148e-05
9.895682154700000410e+01,2.607092633843421890e-06,3.622483909130096906e-05,-1.805604100227356526e-05
9.897729810699999575e+01,3.117509186267852868e-06,3.940860927104949826e-05,-1.458895057439804625e-05
9.909915111200000126e+01,3.268198668956756895e-06,3.635952472686767841e-05,-1.819688081741333385e-05
9.911955106700000329e+01,9.779359214007854519e-07,3.641627728939056424e-05,-1.652507036924362696e-05
9.924090474700000186e+01,2.289064973592758446e-06,3.689354956150054879e-05,-1.743575781583786463e-05
9.926126540100000284e+01,1.402322296053171319e-06,4.012228846549987940e-05,-1.950328797101974750e-05
9.938322711099999651e+01,3.669036924839020065e-06,3.733215630054473967e-05,-1.967092007398605759e-05
9.940333345199999826e+01,4.470067098736763299e-06,3.996531963348388662e-05,-2.164573818445206206e-05
9.952519845800000553e+01,3.486970067024231257e-06,3.603028357028961065e-05,-1.857612282037735582e-05
9.954514498999999716e+01,5.736199393868446835e-06,3.611091971397400400e-05,-1.872741878032684840e-05
9.966718330499999468e+01,2.818988263607025226e-06,3.625793159008025996e-05,-1.827924251556396851e-05
9.968748495500000217e+01,2.056498825550079287e-06,3.361580073833465680e-05,-1.952727735042572512e-05
9.980915355099999431e+01,-3.923740703612565933e-07,3.547197580337524300e-05,-2.009049654006958536e-05
9.982974311700000669e+01,7.777281105518342257e-06,3.691837787628173950e-05,-2.130562961101532509e-05
9.995135621000000015e+01,3.087339550256729087e-06,3.714766502380371395e-05,-1.816478222608566704e-05
9.997172086300000160e+01,1.302221324294805644e-06,3.627773523330688615e-05,-1.530513167381287150e-05
1.000731634119999995e+02,3.648487851023674109e-06,3.610667586326599083e-05,-1.849554777145386223e-05
1.001137412119999937e+02,1.778028905391693120e-06,3.565903007984161767e-05,-2.093285173177719452e-05
1.002145227270000021e+02,3.750879690051078808e-06,3.578321337699890352e-05,-1.842201501131058189e-05
1.002551425289999969e+02,2.245629951357841410e-06,3.581198155879974790e-05,-1.802137494087219585e-05
1.003565384759999972e+02,2.158099412918091090e-06,3.669396042823791856e-05,-1.923521161079407100e-05
1.003966822529999945e+02,3.916960209608078084e-06,3.547927439212799386e-05,-1.670505255460739462e-05
1.004976273770000006e+02,3.866067528724670649e-06,3.567614555358887091e-05,-1.902618706226349323e-05
1.005388712110000000e+02,1.808277517557144162e-06,3.645188212394714417e-05,-1.977621763944626163e-05
1.006399386399999969e+02,3.000388294458389450e-06,3.689781129360199008e-05,-1.873821616172791055e-05
1.006800811180000039e+02,4.410042613744735525e-06,3.433491885662078908e-05,-2.240537852048874292e-05
1.007817565790000032e+02,2.777907252311706598e-06,3.661686182022095111e-05,-1.873446553945541868e-05
1.008217251469999951e+02,3.661112487316131821e-06,3.514667451381683569e-05,-1.899874508380890382e-05
1.009231577959999981e+02,3.542657569050789058e-06,3.786132633686066019e-05,-1.975285410881042776e-05
1.009635582859999943e+02,4.186739213764667700e-07,3.433058857917785974e-05,-2.124894410371780829e-05
1.010649964349999976e+02,3.947412967681885052e-06,3.668350577354431019e-05,-1.881809532642364995e-05
1.011052950199999998e+02,4.539150372147560403e-06,3.875869810581207401e-05,-1.894692778587341814e-05
1.012070395850000040e+02,2.380183711647987389e-06,3.718760013580322323e-05,-1.987275630235672518e-05
1.012473141690000062e+02,5.041794851422310099e-06,3.753884732723236390e-05,-2.103793472051621020e-05
1.013484326020000026e+02,2.023959532380104099e-06,3.510995805263519593e-05,-1.772832870483398874e-05
1.013887525880000027e+02,1.968513801693916350e-06,3.612683117389679164e-05,-1.916778832674026942e-05
1.014904021480000011e+02,2.988149970769882252e-06,3.641797900199890138e-05,-1.812498718500137865e-05
1.015312371610000071e+02,4.022195190191269277e-06,3.588073551654816148e-05,-1.718398183584213582e-05
1.016532101730000051e+02,2.103583142161369633e-06,3.610170185565948623e-05,-1.819114536046982164e-05
1.016730967019999952e+02,4.439346492290497240e-06,3.499379158020020028e-05,-1.622807532548904873e-05
1.017949134050000026e+02,2.313683182001114012e-06,3.548667132854461975e-05,-1.944339722394943567e-05
1.018148752379999991e+02,1.860149949789047418e-06,3.864296078681946187e-05,-2.457293719053268996e-05
1.019362946210000018e+02,4.238710552453995174e-06,3.524215221405029594e-05,-1.846367865800858067e-05
1.019565137670000041e+02,4.095776379108429322e-06,3.752602636814117697e-05,-1.732931882143021039e-05
1.020781530609999948e+02,4.035573452711105123e-06,3.457869589328766259e-05,-2.012838870286941934e-05
1.020982747030000013e+02,-2.746469341218471549e-07,3.683060705661774068e-05,-2.081704735755920995e-05
1.022195947799999942e+02,3.047753870487213371e-06,3.550666570663451997e-05,-1.742839217185974474e-05
1.022397514230000013e+02,4.559256508946418614e-06,3.210112452507019016e-05,-1.837321221828461045e-05
1.023615483260000047e+02,2.726329118013382285e-06,3.614127933979034485e-05,-1.864675432443619045e-05
1.023817128689999976e+02,5.185465142130851897e-06,3.622386157512664731e-05,-1.636099666357040893e-05
1.025028157360000023e+02,1.470259297639131651e-06,3.604006469249725677e-05,-1.895476728677750202e-05
1.025231716889999944e+02,-1.035658176988363357e-06,3.913481533527374446e-05,-2.283986359834671339e-05
1.026445926720000017e+02,3.256215900182723986e-06,3.686023950576782133e-05,-1.856012791395187647e-05
1.026650480299999941e+02,2.681049704551696832e-06,3.441828787326812572e-05,-2.005651444196701467e-05
1.027864045099999970e+02,3.535438701510429418e-06,3.643088042736053521e-05,-1.957397460937500587e-05
1.028070839800000016e+02,3.610377013683319403e-06,3.454466462135315100e-05,-1.831351965665817787e-05
1.029281618450000053e+02,2.616912871599197550e-06,3.683665096759796602e-05,-1.716035008430481226e-05
1.029485461000000015e+02,4.164174199104309550e-06,3.439012467861175554e-05,-1.517810374498367760e-05
1.030698401770000032e+02,5.796542391180992770e-06,3.802910745143890523e-05,-1.891741603612900107e-05
1.030899371170000052e+02,3.447582945227623270e-06,3.245374262332916627e-05,-1.722503453493118774e-05
1.032113002969999940e+02,3.456871211528778273e-06,3.593330383300781490e-05,-1.925263255834579936e-05
1.032316692509999996e+02,6.375843286514282523e-06,3.500731885433197446e-05,-1.486271619796753546e-05
1.033532025420000053e+02,2.222968265414238193e-06,3.462201356887817323e-05,-2.002100497484207513e-05
1.033736537000000055e+02,5.655977129936218821e-06,3.892579078674316670e-05,-2.423061877489090444e-05
1.034948417730000045e+02,2.980911359190941061e-06,3.449028730392456456e-05,-1.710441559553146660e-05
1.035151967259999992e+02,5.174874514341354998e-06,3.675690591335296469e-05,-2.275065630674362571e-05
1.036374929570000063e+02,5.023404210805893267e-06,3.601053059101105115e-05,-2.129912525415421023e-05
1.036576268989999932e+02,4.686850309371948287e-06,3.666031956672668942e-05,-1.964246332645416777e-05
1.037795528099999984e+02,3.860914334654808421e-06,3.545680940151215045e-05,-1.708993762731552641e-05
1.037997221539999941e+02,2.405066043138504096e-06,4.003816843032837163e-05,-2.655373215675354396e-05
1.039215263579999942e+02,2.555140107870102114e-06,3.717824220657349135e-05,-1.748765707015991622e-05
1.039415964970000061e+02,1.411671657115221008e-06,3.559862375259399599e-05,-1.823287159204483581e-05
1.040631536890000035e+02,2.062205970287323085e-06,3.523463904857635333e-05,-1.772875785827637225e-05
1.040833589350000068e+02,4.727318137884140269e-06,3.852545917034149380e-05,-1.768992841243744336e-05
1.042044919049999976e+02,2.543240413069725228e-06,3.673807084560394619e-05,-1.618992239236832011e-05
1.042249175620000017e+02,4.824577644467353973e-06,3.367042541503906678e-05,-1.904092580080032806e-05
1.043461988389999959e+02,1.769655942916870207e-06,3.742062747478484971e-05,-1.718941181898117629e-05
1.043664915899999954e+02,1.689123362302780285e-06,3.372746706008911523e-05,-2.154191881418228595e-05
1.044881679880000007e+02,4.101576656103134584e-06,3.569819629192352769e-05,-1.946048289537430191e-05
1.045083052300000048e+02,4.221749305725097666e-06,3.908875882625580095e-05,-1.594505906105042012e-05
1.046295894080000011e+02,1.648936420679092550e-06,3.564403057098388820e-05,-1.744376271963119936e-05
1.046496688470000009e+02,2.344843000173569017e-06,3.323684930801391646e-05,-1.676234006881714421e-05
1.047715071540000054e+02,1.901500672101974537e-06,3.501812219619751266e-05,-1.758801341056824067e-05
1.047918388060000012e+02,2.339323610067367579e-06,3.790712058544159005e-05,-2.222845703363418899e-05
1.049129160730000052e+02,2.898861095309257560e-06,3.579665124416351674e-05,-1.748266071081161968e-05
1.049333130290000042e+02,3.849533945322036789e-06,3.466381728649139629e-05,-2.019314914941788131e-05
1.050570203319999933e+02,4.035699367523193716e-06,3.590989410877228153e-05,-1.864589601755142683e-05
1.050772440789999962e+02,7.227922230958938952e-06,3.758899867534637885e-05,-1.573871523141861348e-05
1.052192568290000025e+02,4.098831489682197607e-06,3.551158308982849539e-05,-2.137817293405533159e-05
1.052394917769999978e+02,1.644250750541687036e-06,3.491528332233428955e-05,-1.902694255113602140e-05
1.053605546430000004e+02,3.316260874271392815e-06,3.648229539394378973e-05,-1.942021697759628755e-05
1.053811600089999985e+02,8.132862858474254634e-07,3.519897460937499941e-05,-2.254428267478943208e-05
1.055023406819999963e+02,2.793617546558380361e-06,3.628951013088226328e-05,-2.006709575653076606e-05
1.055225242270000052e+02,9.446500800549984886e-07,3.615237176418304566e-05,-2.047078907489777077e-05
1.056438540070000016e+02,4.633079096674919382e-06,3.393636047840118617e-05,-1.919764876365661970e-05
1.056641134550000061e+02,1.386488322168588750e-06,3.693275451660156663e-05,-1.752898246049881486e-05
1.057857353499999959e+02,3.818952292203903208e-06,3.676734864711761420e-05,-1.775869131088257099e-05
1.058064811240000012e+02,5.211392417550087449e-06,3.877407014369965103e-05,-2.364362478256226173e-05
1.059274218839999975e+02,3.036262840032577665e-06,3.592356443405151463e-05,-1.878151148557663264e-05
1.059476076290000037e+02,4.402236640453338703e-06,3.766571879386902271e-05,-1.377062052488327605e-05
1.060691808220000070e+02,3.154029697179794436e-06,3.614048063755035859e-05,-1.673925966024399352e-05
1.060895188740000066e+02,2.203003689646721151e-06,3.642890453338623233e-05,-2.034420818090439359e-05
1.062109336590000055e+02,3.930785506963729800e-06,3.654031753540039118e-05,-2.021905779838562584e-05
1.062314725220000042e+02,9.750270284712315158e-07,3.627316653728485411e-05,-1.833646744489670271e-05
1.063525473889999944e+02,4.095631837844848860e-06,3.630962371826171824e-05,-1.780874580144882653e-05
1.063727721359999947e+02,2.107642590999603556e-06,3.728722631931305286e-05,-1.870615929365158621e-05
1.064940771140000066e+02,2.513705193996429502e-06,3.677546679973602424e-05,-1.864907890558243332e-05
1.065143899659999960e+02,2.255500480532646387e-06,3.942131102085113723e-05,-1.948984116315842022e-05
1.066357522480000029e+02,3.201739490032196230e-06,3.632305562496185541e-05,-2.010862827301025801e-05
1.066560896000000014e+02,3.071704506874084424e-06,3.772550225257873528e-05,-2.151118218898773714e-05
1.067776801939999984e+02,4.506061598658561946e-06,3.614473342895507905e-05,-2.016028314828873086e-05
1.067977132310000030e+02,4.825907945632934520e-06,3.655604422092438083e-05,-1.960788816213608174e-05
1.069192613219999970e+02,4.339860007166862980e-06,3.501250743865967082e-05,-1.894978433847427658e-05
1.069393494619999956e+02,2.135759964585304409e-06,3.492304384708404892e-05,-2.159504145383835366e-05
1.070608898530000062e+02,1.196303125470876725e-06,3.551461994647979817e-05,-1.789794564247131916e-05
1.070811314009999933e+02,5.164736509323120258e-06,3.697326779365539437e-05,-1.965350508689880867e-05
1.072978358170000064e+02,4.206481575965881894e-06,3.593788444995880580e-05,-2.047576159238815636e-05
1.072991558859999941e+02,6.580217182636261482e-06,3.655309081077575621e-05,-1.954942792654037933e-05
1.073455619880000000e+02,3.878487274050713141e-06,3.689867556095123314e-05,-2.080854922533035732e-05
1.073659267419999992e+02,3.583052381873130880e-06,3.357686698436737345e-05,-1.775582432746887609e-05
1.074871612169999935e+02,3.163871169090271080e-06,3.626145422458648898e-05,-2.043070048093796273e-05
1.075076306760000051e+02,1.674567535519599971e-06,3.601341247558593616e-05,-1.906836777925491748e-05
1.076296453920000005e+02,2.402891218662262044e-06,3.573439419269561619e-05,-1.932655125856399834e-05
1.076494456169999978e+02,4.784527234733104475e-07,3.307790458202362080e-05,-2.271207422018051698e-05
1.077706612909999961e+02,3.079878911375999396e-06,3.777508437633514583e-05,-1.795741468667984593e-05
1.077912075539999961e+02,1.270598266273736927e-06,3.865636289119720527e-05,-2.380657643079758009e-05
1.079129733569999985e+02,2.587597817182541138e-06,3.522473275661468998e-05,-1.901780366897583491e-05
1.079336939300000040e+02,3.155078738927841407e-06,3.775788247585296965e-05,-1.922977417707443548e-05
1.080548022979999985e+02,4.330433905124664334e-06,3.744170665740966756e-05,-1.756195425987244218e-05
1.080751715530000041e+02,-1.459335815161466664e-06,3.793897330760955910e-05,-1.669198125600815290e-05
1.081965630360000006e+02,2.798797935247421310e-06,3.660322427749634303e-05,-1.822112798690796469e-05
1.082168768869999980e+02,6.950393319129944586e-06,3.854651153087616268e-05,-2.258721441030502747e-05
1.083382186679999961e+02,3.068998083472251891e-06,3.592897355556487878e-05,-1.792654842138290930e-05
1.083582860070000038e+02,1.387022528797388135e-06,3.425811231136322227e-05,-1.689329594373703460e-05
1.084803183230000059e+02,3.019285202026367227e-06,3.720787465572357201e-05,-1.853656619787216674e-05
1.085005385700000033e+02,3.487881645560264762e-06,3.724865317344665819e-05,-2.210587114095688242e-05
1.086223379740000041e+02,2.765267714858055391e-06,3.661793172359466508e-05,-1.822659224271774579e-05
1.086430732470000038e+02,1.596694439649581886e-06,3.812095522880554058e-05,-1.339669674634933994e-05
1.087640242079999950e+02,3.173515200614929253e-06,3.483580648899078469e-05,-1.968399435281754071e-05
1.087844713660000053e+02,2.789404988288879546e-06,3.506948351860046247e-05,-2.024447172880173006e-05
1.089059857560000069e+02,2.130360528826713827e-06,3.536199331283569359e-05,-1.768285781145096213e-05
1.089260831959999933e+02,2.889339998364448687e-06,3.733166754245758218e-05,-1.599846333265304862e-05
1.090479585039999932e+02,3.739944845438003612e-06,3.641868829727173344e-05,-1.672657579183578947e-05
1.090679038370000029e+02,7.177583873271942416e-06,3.547149002552032354e-05,-2.251238971948623958e-05
1.091895428330000044e+02,4.276399314403534216e-06,3.548445999622345219e-05,-2.089945077896118708e-05
1.092095685689999982e+02,4.552430287003516977e-06,3.401647508144379025e-05,-1.742084324359894249e-05
1.093312326669999948e+02,3.869436308741569463e-06,3.569377362728119258e-05,-1.834600120782852530e-05
1.093513774089999941e+02,3.373853117227554637e-06,3.684436380863189672e-05,-2.414272278547287484e-05
1.094728016939999975e+02,2.438902854919433550e-06,3.661930263042450053e-05,-1.894157379865646755e-05
1.094929604379999972e+02,2.403118088841438600e-06,3.455632925033569423e-05,-1.833198666572571263e-05
1.096147849439999931e+02,2.015135437250137401e-06,3.452498912811279361e-05,-1.739654093980789470e-05
1.096349031849999989e+02,3.191548585891723905e-06,3.785249292850494882e-05,-1.482134759426117535e-05
1.097566068840000071e+02,2.800160646438598811e-06,3.606592118740082237e-05,-1.922636181116104713e-05
1.097766260209999984e+02,5.527638830244541438e-07,3.508626520633697599e-05,-2.080056667327881452e-05
1.098982695170000028e+02,4.779529571533203378e-06,3.572115600109100462e-05,-1.917550712823868294e-05
1.099183310549999959e+02,3.667357563972473166e-06,3.549215197563171674e-05,-1.954326331615448362e-05
1.100402979680000044e+02,3.154969960451126096e-06,3.662499487400055126e-05,-1.909880489110947060e-05
1.100606659230000020e+02,3.429120033979416207e-06,3.858198821544647382e-05,-1.759687513113022340e-05
1.101816869870000062e+02,2.695928886532783575e-06,3.680705726146697964e-05,-1.758308410644531655e-05
1.102018034280000052e+02,2.979242429137230201e-06,3.847376704216003552e-05,-1.689217090606690030e-05
1.103244037740000039e+02,1.680560410022735648e-06,3.671441972255707210e-05,-1.890369057655334764e-05
1.103443312050000031e+02,5.205131694674491834e-06,3.308462202548980840e-05,-1.743967682123184537e-05
1.104658869969999984e+02,3.541840612888336451e-06,3.614077270030975245e-05,-1.801524609327316657e-05
1.104858124280000027e+02,3.716723993420601016e-06,3.822883665561676312e-05,-2.000564485788345698e-05
1.106073958209999972e+02,2.182795479893684448e-06,3.686015903949737443e-05,-2.030424475669861294e-05
1.106275960669999989e+02,3.091853484511375629e-06,3.575055897235870342e-05,-1.827053874731064158e-05
1.107493102669999985e+02,2.903486788272857856e-06,3.631767332553864023e-05,-1.799661964178085700e-05
1.107693792059999964e+02,2.841321378946304418e-06,3.318421840667725104e-05,-1.826251894235611335e-05
1.108910252019999945e+02,1.772573590278625661e-06,3.549267947673797528e-05,-1.809270381927490708e-05
1.109111662450000040e+02,2.025906369090080337e-06,3.579249083995819528e-05,-2.043655663728714529e-05
1.110326677340000003e+02,2.779451012611389217e-06,3.670722544193267910e-05,-1.984673589468002774e-05
1.110526148659999990e+02,4.637294262647628889e-06,3.752921819686889753e-05,-1.899845749139786360e-05
1.111744910750000059e+02,1.271795202046632769e-06,3.499281704425811655e-05,-2.127972692251205999e-05
1.111946124159999982e+02,-8.048518560826779000e-07,3.707306385040283188e-05,-1.923792213201523251e-05
1.113162712230000011e+02,3.585511445999145801e-06,3.604185879230499290e-05,-1.925058364868164463e-05
1.113360843319999987e+02,2.930434793233871553e-06,3.762589097023010253e-05,-1.705474555492401408e-05
1.114581749459999997e+02,2.957122772932052658e-06,3.612768650054932063e-05,-1.973259896039963291e-05
1.114784430769999943e+02,3.455824777483940418e-06,3.617152273654938253e-05,-1.282810121774674056e-05
1.115996787480000023e+02,2.308333665132522571e-06,3.440309762954712222e-05,-1.812421679496765698e-05
1.116197450690000039e+02,4.991483688354492285e-06,3.727130293846130636e-05,-1.991659104824066467e-05
1.117412947560000021e+02,4.173645377159118434e-06,3.558330833911896172e-05,-1.855220645666123006e-05
1.117615932890000039e+02,3.557788953185081468e-06,3.338157236576080276e-05,-2.042158842086792521e-05
1.118836359010000052e+02,2.341429889202118198e-06,3.702815473079681800e-05,-1.846993416547775636e-05
1.119035249129999983e+02,5.479384958744049271e-06,3.771747052669525497e-05,-2.021614760160446607e-05
1.120249046910000033e+02,2.864424884319305697e-06,3.577818870544433901e-05,-1.639077067375183626e-05
1.120452405260000006e+02,2.976624667644500829e-06,3.685376942157745728e-05,-2.005583792924881440e-05
1.121672300350000029e+02,3.570709377527236922e-06,3.529725372791290455e-05,-1.823146939277649436e-05
1.121874432639999952e+02,3.475945442914962796e-06,3.391382992267608597e-05,-1.520874649286270502e-05
1.123087024350000007e+02,3.996041417121887345e-06,3.747835159301758125e-05,-1.742562204599380925e-05
1.123289894680000032e+02,4.668842256069183171e-06,3.545781373977661440e-05,-2.180307656526566098e-05
1.124504385489999976e+02,2.439321205019950840e-06,3.638608455657959325e-05,-1.992570310831070219e-05
1.124707798849999989e+02,2.468433231115341220e-06,3.786032795906067228e-05,-1.910899877548218094e-05
1.125921869640000068e+02,3.117524832487106292e-06,3.642359673976898124e-05,-2.090678066015244055e-05
1.126122299839999954e+02,-4.511947743594646482e-07,3.662963211536407812e-05,-1.961067318916321072e-05
1.127541583080000009e+02,2.670705318450927863e-06,3.491107225418090817e-05,-1.913083940744400300e-05
1.127748592610000031e+02,5.686035752296448352e-06,3.613959252834320459e-05,-1.604151576757431436e-05
1.128963535449999966e+02,2.537694573402404998e-06,3.682450950145721739e-05,-1.870614141225815131e-05
1.129165201720000056e+02,5.803258717060089415e-06,3.572442531585693406e-05,-1.857746094465256286e-05
1.130380697580000060e+02,2.652245014905929492e-06,3.629188835620880069e-05,-1.971695423126221256e-05
1.130582720860000023e+02,1.469220872968435384e-06,3.157200515270233634e-05,-1.984124332666397527e-05
1.131795430589999967e+02,2.321539446711540151e-06,3.628525435924530480e-05,-2.222290039062500551e-05
1.132002266110000051e+02,3.170571848750114724e-06,3.817763328552246233e-05,-1.566335856914520663e-05
1.133214449809999991e+02,3.544201701879501430e-06,3.544929921627044587e-05,-1.849178224802017686e-05
1.133417686159999960e+02,6.639994680881500549e-06,3.585842847824096709e-05,-2.033960372209549512e-05
1.134629790850000006e+02,4.892334342002868903e-06,3.604014813899994170e-05,-1.807241439819336481e-05
1.134834299259999995e+02,2.247378230094909919e-06,3.361557424068451296e-05,-1.945568770170212264e-05
1.136050537160000005e+02,3.891105577349662939e-06,3.719539642333984564e-05,-1.852823942899704438e-05
1.136252961459999966e+02,-1.510713901370763813e-06,3.694810271263122592e-05,-1.171453744173050494e-05
1.137463419070000015e+02,3.570994734764099471e-06,3.522429466247558563e-05,-2.035671472549438794e-05
1.137668037490000046e+02,4.704879969358444141e-06,3.998635411262512737e-05,-2.188616245985031442e-05
1.138890380699999980e+02,2.773648500442505016e-06,3.536370098590850677e-05,-1.948750615119934428e-05
1.139096351179999971e+02,2.803339436650276326e-06,3.557034432888030910e-05,-2.213363498449325947e-05
1.140304705690000020e+02,3.883568197488784714e-06,3.566551506519317861e-05,-1.959547549486160878e-05
1.140508378050000005e+02,7.438537664711475547e-07,3.730271160602569502e-05,-1.600625663995743300e-05
1.141720116730000001e+02,3.146391734480858000e-06,3.545446693897247607e-05,-1.755438297986984799e-05
1.141924800150000010e+02,2.398750931024551460e-06,3.481430113315582136e-05,-2.154113799333572782e-05
1.143141146050000003e+02,3.524789214134216348e-06,3.539535701274871898e-05,-1.699431091547012781e-05
1.143344559410000016e+02,4.768317192792892556e-06,3.858219683170318953e-05,-1.822995990514755704e-05
1.144556248079999961e+02,2.681569755077362015e-06,3.514703810214996239e-05,-1.667906045913696854e-05
1.144763414619999935e+02,7.526572793722153137e-06,3.822614550590515214e-05,-1.533891558647156294e-05
1.145975098290000034e+02,3.740666434168815816e-06,3.604790866374969429e-05,-1.844766885042191122e-05
1.146180238740000021e+02,-5.983407609164715440e-07,3.371287584304809634e-05,-2.397510260343552023e-05
1.147390334330000030e+02,3.881997987627983302e-06,3.684596717357635883e-05,-2.024611979722977265e-05
1.147593188649999973e+02,3.131896257400512655e-06,3.921488821506500269e-05,-1.879587471485138529e-05
1.148809859579999966e+02,2.598323300480842812e-06,3.565549850463867459e-05,-1.736044734716415727e-05
1.149014633000000032e+02,4.887861199676990656e-07,3.540292084217071472e-05,-1.616637557744980387e-05
1.150238764300000014e+02,3.804926201701164399e-06,3.674558103084564400e-05,-1.854660063982010228e-05
1.150443648730000064e+02,3.063698485493660014e-06,3.592664003372192524e-05,-1.750582307577133628e-05
1.151682532789999982e+02,2.241045236587524495e-06,3.756890296936035202e-05,-1.623212099075317926e-05
1.151881471909999988e+02,4.953423514962196648e-06,3.658187091350555267e-05,-1.759205013513565375e-05
1.153092562549999940e+02,4.673991352319717272e-06,3.622852563858032314e-05,-1.952227354049683013e-05
1.153295542890000007e+02,5.570262670516968092e-06,3.422434031963348630e-05,-1.738549470901489677e-05
1.154509355659999983e+02,3.961125016212463154e-06,3.656603991985321193e-05,-1.918506622314453548e-05
1.154708429800000005e+02,3.318417444825172752e-06,3.563075959682464485e-05,-1.678263098001480549e-05
1.155921287529999972e+02,2.173311635851860160e-06,3.483123481273651462e-05,-1.980106681585312188e-05
1.156122996790000030e+02,3.389544785022735684e-06,3.641424477100372540e-05,-1.825884878635406839e-05
1.157343423909999984e+02,4.189223796129226714e-06,3.524300754070281815e-05,-1.869519948959351123e-05
1.157538978860000043e+02,3.917909413576125927e-06,3.691800534725189195e-05,-1.715928167104721391e-05
1.158754395729999942e+02,2.218800783157348888e-06,3.698608577251434327e-05,-1.756520271301269869e-05
1.158954878929999950e+02,2.233280614018440385e-06,3.620139360427856588e-05,-2.104810476303100959e-05
1.160374961210000038e+02,2.667129412293434466e-06,3.655974864959716982e-05,-1.866278052330017580e-05
1.160576791480000054e+02,3.367057070136070590e-06,3.506569564342498855e-05,-1.526989787817001671e-05
1.161790479250000061e+02,2.505277842283248934e-06,3.695299625396728362e-05,-1.795431822538376239e-05
1.161993041559999966e+02,2.605565637350082376e-06,3.648675084114074986e-05,-1.835310161113739351e-05
1.163210845549999988e+02,2.733234688639641148e-06,3.632037937641144132e-05,-2.065473198890686502e-05
1.163414121889999961e+02,2.556435018777847264e-06,3.532590866088867023e-05,-1.684507131576538501e-05
1.164624667509999938e+02,2.859058603644371151e-06,3.534279763698577962e-05,-1.873517632484436298e-05
1.164833383130000044e+02,3.102810680866241491e-06,3.662399649620056336e-05,-1.924886852502823300e-05
1.166043309709999960e+02,3.411652147769928001e-06,3.589715957641601755e-05,-1.827637702226639262e-05
1.166247987130000041e+02,-2.758633717894554417e-06,3.266101181507110896e-05,-2.117491513490677202e-05
1.167465323090000027e+02,3.150775656104087821e-06,3.705494403839111470e-05,-1.721984595060348800e-05
1.167666391319999946e+02,4.204463958740234859e-06,3.776605129241943282e-05,-1.777710914611816824e-05
1.168876227899999947e+02,4.762984439730644645e-06,3.755194842815399260e-05,-1.986750960350037047e-05
1.169080215280000061e+02,2.454952150583267377e-06,3.521738946437835525e-05,-1.668042689561844357e-05
1.170294640089999945e+02,4.146283119916916421e-06,3.563457727432251253e-05,-1.882466822862625624e-05
1.170499931540000063e+02,3.274799138307571658e-06,3.442426323890686302e-05,-1.846909373998642425e-05
1.171713526310000049e+02,2.734570950269699433e-06,3.695925474166870072e-05,-1.819340735673904912e-05
1.171917846709999935e+02,4.482172057032585156e-06,3.444657623767852667e-05,-1.808065176010132280e-05
1.173132739539999960e+02,4.155188053846359779e-06,3.623459339141845944e-05,-1.826094537973404501e-05
1.173336836929999976e+02,3.084891662001610135e-06,3.840125501155853502e-05,-1.963979005813599169e-05
1.174551158740000005e+02,3.225408121943473777e-06,3.587373793125152533e-05,-1.880167573690414752e-05
1.174753014009999958e+02,2.919011935591697951e-06,3.264371454715728899e-05,-2.150923609733582125e-05
1.175975398230000053e+02,4.082923382520676044e-06,3.596794903278350799e-05,-2.020781785249710569e-05
1.176179660619999936e+02,8.614148013293744069e-07,3.499807119369506970e-05,-2.091011106967926298e-05
1.177389627209999929e+02,2.689274773001670874e-06,3.526077270507812947e-05,-1.788796633481979718e-05
1.177597419789999975e+02,1.183111127465963382e-06,3.474685847759246925e-05,-1.560946106910706023e-05
1.178814531729999970e+02,2.297261357307434331e-06,3.670108616352081674e-05,-1.770357042551041186e-05
1.179019195150000030e+02,1.438272465020418175e-06,3.465827703475952531e-05,-1.606931835412979585e-05
1.180217159249999952e+02,2.303371950984001078e-06,3.732318580150604544e-05,-1.986165493726730691e-05
1.180421026629999943e+02,2.311903238296508902e-06,3.656966090202331599e-05,-2.031346410512924633e-05
1.181634718399999997e+02,5.078198760747909432e-06,3.695611655712127810e-05,-2.139271497726440957e-05
1.181837555719999955e+02,3.359491378068923962e-06,3.484308421611786262e-05,-1.643240451812744466e-05
1.183049749420000012e+02,2.754945680499077089e-06,3.756730854511261075e-05,-1.972353309392929489e-05
1.183253591790000030e+02,4.522843658924102676e-06,3.897275924682617516e-05,-1.778376549482345946e-05
1.184475208970000040e+02,3.347399085760116660e-06,3.510148525238037325e-05,-2.058023959398270122e-05
1.184676165200000071e+02,3.392456844449043365e-06,3.874722421169281159e-05,-1.808546036481857656e-05
1.192993698079999945e+02,3.327582031488418948e-06,3.578999340534210312e-05,-1.770794242620468706e-05
1.193015944060000066e+02,7.856628857553005417e-07,3.718039095401764013e-05,-2.290334850549698370e-05
1.193131602140000069e+02,2.478469908237457397e-06,3.646037280559540175e-05,-2.043696194887161785e-05
1.193157882290000060e+02,2.084932476282119786e-06,3.627057671546936296e-05,-1.855404525995255007e-05
1.193275435460000011e+02,2.849832922220230268e-06,3.569065630435943611e-05,-1.952548623085022361e-05
1.193314075149999951e+02,3.369840234518051234e-06,3.265464305877685796e-05,-1.430125683546066733e-05
1.193443730839999972e+02,2.123583853244781578e-06,3.641551434993744101e-05,-1.890142709016800454e-05
1.193454621319999944e+02,4.601498693227768146e-06,3.544361889362335400e-05,-1.881103515625000519e-05
1.193580790860000036e+02,1.851819828152656651e-06,3.584510087966919455e-05,-2.136666923761368217e-05
1.193593419420000004e+02,6.922566890716552997e-06,3.831053674221038762e-05,-1.829835474491119755e-05
1.193738521789999965e+02,3.115498647093772828e-06,3.469179570674896170e-05,-1.989697068929672762e-05
1.193766908040000061e+02,4.577004164457321387e-06,3.565709888935089189e-05,-1.834047734737396683e-05
1.194402884959999938e+02,3.795620054006576609e-06,3.659760653972625639e-05,-1.786811500787735248e-05
1.194605382849999984e+02,4.895257204771041953e-06,3.362165093421936332e-05,-9.872397780418399243e-06
1.195821546260000048e+02,4.326131567358970677e-06,3.616249263286590754e-05,-1.897203475236893162e-05
1.196022065060000017e+02,2.037195488810539269e-06,3.609461784362793391e-05,-1.539882570505142530e-05
1.197239737529999957e+02,2.208296954631805538e-06,3.626134097576141707e-05,-2.163226455450058581e-05
1.197440685349999967e+02,2.567835524678230199e-06,3.254795372486114893e-05,-1.871876865625381940e-05
1.198655828710000009e+02,3.913836926221848118e-06,3.593690693378448405e-05,-1.899088472127914701e-05
1.198859289650000051e+02,2.282207459211349537e-06,3.868646919727325331e-05,-1.439451873302460300e-05
1.200075311039999946e+02,1.881405711174011236e-06,3.512699306011200225e-05,-1.983705013990402541e-05
1.200280994069999991e+02,1.847525686025619671e-06,3.863376080989837900e-05,-1.974736452102661671e-05
1.201492873290000034e+02,2.804580330848693784e-06,3.696999251842498889e-05,-1.664366722106933895e-05
1.201694495139999930e+02,5.490862578153610070e-06,3.846676647663116813e-05,-2.449818104505539350e-05
1.202920952999999997e+02,3.187585622072220065e-06,3.729524910449981911e-05,-1.667407751083374310e-05
1.203120934779999942e+02,5.413912236690521457e-06,3.501105904579162649e-05,-1.593040227890015121e-05
1.204337302189999974e+02,3.586339205503463777e-06,3.648237884044647466e-05,-1.954148411750793760e-05
1.204542339190000035e+02,5.893789231777191494e-06,3.514077961444855207e-05,-1.443676650524139967e-05
1.205759008619999975e+02,4.247845336794853533e-06,3.588969409465789684e-05,-1.912304610013962201e-05
1.205964998660000020e+02,4.414045065641403736e-06,3.572334945201873727e-05,-2.054488211870193805e-05
1.207174937789999944e+02,4.100099205970764458e-06,3.669737875461578295e-05,-1.785036474466324144e-05
1.207376077619999961e+02,4.288300499320030536e-06,3.582816720008850128e-05,-1.901164203882217723e-05
1.208594670129999997e+02,4.065788537263870589e-06,3.471875488758087306e-05,-1.996590495109558554e-05
1.208799003099999965e+02,3.445893898606300684e-06,3.446268439292907794e-05,-2.521354556083679589e-05
1.210013168419999943e+02,2.633548155426979301e-06,3.812507092952728495e-05,-1.781534701585770080e-05
1.210216142329999940e+02,1.148269232362508785e-06,3.855392038822174066e-05,-1.638803035020828776e-05
1.211430744660000016e+02,2.771542221307754821e-06,3.619792461395264158e-05,-2.258476465940476060e-05
1.211632918539999935e+02,3.102577850222587621e-06,3.466447293758392363e-05,-1.840361803770065757e-05
1.212847808890000039e+02,3.489162027835846168e-06,3.692890405654907394e-05,-1.918205618858337828e-05
1.213052277870000069e+02,-1.304773613810539247e-08,3.537000119686126972e-05,-1.968098878860474055e-05
1.214260346909999981e+02,3.989404439926147503e-06,3.677572906017303789e-05,-1.883126497268677348e-05
1.214464757890000044e+02,4.446900635957717723e-06,3.480758368968964053e-05,-1.630246639251709269e-05
1.215681848330000037e+02,4.283531010150909283e-06,3.668395280838012860e-05,-1.706428676843643510e-05
1.215884407230000051e+02,4.421485215425491948e-06,3.425692617893219159e-05,-1.766377538442612008e-05
1.217098572539999992e+02,2.702074497938156390e-06,3.678201735019684198e-05,-1.955463737249374861e-05
1.217304826600000069e+02,6.254740059375763468e-06,3.898693323135376263e-05,-1.880996078252792741e-05
1.218520212969999932e+02,2.900374680757522588e-06,3.565599620342254614e-05,-1.717245429754257546e-05
1.218723071879999935e+02,6.214036047458648995e-06,3.322219848632812359e-05,-1.621196419000625944e-05
1.219934151049999969e+02,3.436845913529396298e-06,3.712827265262603636e-05,-1.746156960725784636e-05
1.220140853129999954e+02,3.532063961029052866e-06,3.639142215251922456e-05,-1.831762343645096337e-05
1.221354081399999956e+02,2.926662564277648943e-06,3.560835421085357542e-05,-2.070064097642898920e-05
1.221557840349999964e+02,3.791644424200058214e-06,3.391223847866058273e-05,-1.821613311767578716e-05
1.222772227680000015e+02,3.496435284614563252e-06,3.524616658687592047e-05,-2.036439031362533998e-05
1.222974857570000040e+02,1.487615518271923169e-07,3.925946056842803884e-05,-1.830464601516723966e-05
1.224189991930000048e+02,3.096546232700347925e-06,3.685510158538818489e-05,-1.998815983533859761e-05
1.224392380820000028e+02,9.149056859314442231e-07,3.453512787818909039e-05,-1.512310057878494742e-05
1.225607099159999933e+02,4.133692383766174250e-06,3.668687641620635946e-05,-1.798140257596970114e-05
1.225811378129999980e+02,3.121066465973854396e-06,3.883192241191864459e-05,-1.558235138654709152e-05
1.227025373430000030e+02,3.160115703940391576e-06,3.566639721393585657e-05,-1.858671456575394028e-05
1.227229944420000010e+02,3.166124969720840606e-06,3.700740039348602580e-05,-1.884662061929703121e-05
1.228443862719999942e+02,3.782303258776664779e-06,3.593566119670867938e-05,-1.967598050832748853e-05
1.228648655709999957e+02,9.647928923368453806e-06,3.563273251056671648e-05,-1.461747139692307048e-05
1.229860599929999978e+02,3.495208919048309536e-06,3.595253527164459189e-05,-2.040644735097885584e-05
1.230063778850000062e+02,3.219163417816162185e-06,3.541479706764221169e-05,-1.773800402879715461e-05
1.231279228220000022e+02,1.623787730932235761e-06,3.640705049037933240e-05,-1.820282936096191879e-05
1.231480706069999940e+02,4.595623165369034209e-06,3.609529435634613418e-05,-1.245701983571053059e-05
1.232693823339999994e+02,2.275792881846427948e-06,3.763901293277740416e-05,-1.967708617448807231e-05
1.232897964299999956e+02,6.659110076725483542e-07,3.770590424537658677e-05,-1.420070976018906207e-05
1.234111513590000015e+02,3.602968901395797968e-06,3.662946522235870826e-05,-1.827421039342880555e-05
1.234317181619999957e+02,2.774688601493835382e-06,3.807924389839172330e-05,-2.157837748527527248e-05
1.235528908830000034e+02,2.128773182630539133e-06,3.537625372409820401e-05,-1.842189580202103054e-05
1.235733926829999945e+02,5.315255001187325031e-06,3.327913284301758294e-05,-1.856966167688370244e-05
1.236947412119999967e+02,2.928948774933814998e-06,3.636322021484375333e-05,-1.905854493379593228e-05
1.237156028280000015e+02,5.507553368806839370e-06,3.735339045524597529e-05,-1.490319371223450356e-05
1.238377427909999966e+02,2.606225758790970142e-06,3.687852323055267712e-05,-1.699900776147842866e-05
1.238578745749999968e+02,-2.080164104700088637e-06,3.260426521301269917e-05,-1.509820073843002725e-05
1.239792490049999998e+02,2.594704926013946598e-06,3.498925268650054845e-05,-1.771868616342545127e-05
1.239996251989999934e+02,8.470984175801277669e-08,3.684582710266113794e-05,-2.079149335622787806e-05
1.241207892200000060e+02,3.021624684333801469e-06,3.546967506408691447e-05,-1.837422251701355383e-05
1.241411022120000069e+02,1.861299574375152600e-06,3.510873615741730221e-05,-1.044520437717438339e-05
1.242626251479999979e+02,1.857391744852066134e-06,3.654960691928863502e-05,-1.648447662591934554e-05
1.242830752459999957e+02,3.942703083157539473e-06,3.779385089874267629e-05,-1.763812750577927019e-05
1.244044627760000026e+02,2.346312999725341971e-06,3.570359647274017777e-05,-2.011532038450241565e-05
1.244247979689999966e+02,3.826011717319488467e-06,3.912985920906066799e-05,-1.977365612983704186e-05
1.245467765249999985e+02,1.035983953624963814e-06,3.672970831394195741e-05,-1.697855740785599257e-05
1.245670761159999955e+02,-2.129728347063064712e-06,3.549119532108306792e-05,-1.994705200195312874e-05
1.246887199579999930e+02,3.417582064867019805e-06,3.522658646106720010e-05,-2.041912227869034245e-05
1.247090166490000058e+02,4.293470084667206117e-06,3.478576242923736561e-05,-1.327015906572342423e-05
1.248307012920000005e+02,2.273809164762496877e-06,3.628235161304474009e-05,-1.749442815780640175e-05
1.248514444030000021e+02,1.019862201064825091e-06,3.453757166862487783e-05,-1.974274069070816433e-05
1.249720724999999959e+02,2.343358099460601721e-06,3.592979013919830671e-05,-2.006609886884689716e-05
1.249928456119999964e+02,2.683354169130325428e-06,3.340945839881896917e-05,-2.029417157173157296e-05
1.251361142030000053e+02,1.845236495137214747e-06,3.702193498611450195e-05,-1.859054416418076005e-05
1.251591968169999944e+02,5.716175585985184295e-06,3.297215998172760173e-05,-1.623950004577637024e-05
1.252979554100000001e+02,3.146265447139740078e-06,3.583624064922332744e-05,-1.816769987344742186e-05
1.253182268000000050e+02,1.149286422878503855e-06,3.952502310276031746e-05,-1.543037444353104163e-05
1.254397733370000054e+02,2.626760303974151931e-06,3.771053552627563760e-05,-2.055976986885071122e-05
1.254601651320000002e+02,3.273675963282585269e-06,3.623525798320770762e-05,-2.276661545038223864e-05
1.255813320529999970e+02,5.031966418027877763e-06,3.578001558780670015e-05,-2.093115895986557483e-05
1.256016910470000028e+02,3.580921888351440408e-06,3.721103966236114359e-05,-1.846695691347122756e-05
1.257233732899999978e+02,3.392906114459037751e-06,3.647501170635223576e-05,-2.140664309263229928e-05
1.262947188779999976e+02,2.901614829897880541e-06,3.693517446517944312e-05,-2.282190322875977102e-05
1.263059446710000060e+02,2.637464180588722444e-06,3.649961054325103784e-05,-1.831907480955124234e-05
1.263114647130000066e+02,2.495487034320831359e-06,3.886928558349609763e-05,-1.865690648555756173e-05
1.263230674229999977e+02,3.803653642535209917e-06,3.676869571208953870e-05,-1.840511560440063942e-05
1.263239869629999959e+02,3.571296855807304704e-06,3.287522792816162110e-05,-1.897460371255874984e-05
1.263369548329999930e+02,3.584690392017364644e-06,3.657377660274506036e-05,-1.718872785568237757e-05
1.263380842819999970e+02,1.539558451622724643e-06,3.486759364604950372e-05,-1.775387823581696021e-05
1.263528936329999937e+02,4.093436524271964905e-06,3.618026077747345010e-05,-2.106305211782456014e-05
1.263555944510000018e+02,4.536700993776321593e-06,3.576690852642059541e-05,-1.893830299377441910e-05
1.264314021800000063e+02,3.017396479845047230e-06,3.552543222904205720e-05,-1.842858791351318818e-05
1.264517955750000056e+02,4.089522361755370949e-06,3.680031299591064308e-05,-1.440470069646835957e-05
1.265733240120000005e+02,3.989145159721374417e-06,3.621523380279541364e-05,-1.788618713617325115e-05
1.265935438000000062e+02,2.900515124201774924e-06,3.210054934024810972e-05,-1.832459419965744377e-05
1.267148707270000045e+02,2.780019491910934530e-06,3.579276800155639903e-05,-1.717491000890732176e-05
1.267354406299999994e+02,2.748515829443931828e-06,3.449523448944092019e-05,-1.865997165441513587e-05
1.268576490970000066e+02,3.566430136561393860e-06,3.712304830551147697e-05,-1.847051382064819722e-05
1.268784783109999950e+02,4.563105851411819511e-06,3.932800590991974347e-05,-1.611801981925964746e-05
1.269997509359999981e+02,2.156234905123710946e-06,3.566560447216033958e-05,-1.642433553934097553e-05
1.270198107169999986e+02,1.902921125292778103e-06,3.794245719909668029e-05,-1.812029331922531582e-05
1.271416074650000070e+02,2.881316468119621243e-06,3.547272980213165216e-05,-1.855552792549133842e-05
1.271619720599999965e+02,3.645321726799011574e-06,3.852849006652832054e-05,-2.141504436731338912e-05
1.272837915430000066e+02,4.005972668528556832e-06,3.517645299434662005e-05,-1.760437935590744517e-05
1.273038442870000040e+02,1.007111594080925086e-05,3.537633121013641289e-05,-2.003066539764404751e-05
1.274254384160000058e+02,3.215552121400833390e-06,3.509762287139892847e-05,-1.971293538808823099e-05
1.274453095500000046e+02,6.005225330591201781e-06,3.527304828166961617e-05,-1.642085462808609575e-05
1.275668848789999998e+02,1.819811761379241979e-06,3.760067522525787416e-05,-1.853420734405517985e-05
1.275874443489999948e+02,4.957838356494903566e-06,3.684003055095672936e-05,-1.749236881732941056e-05
1.277084854489999941e+02,2.768743410706520330e-06,3.601654767990112752e-05,-1.757003664970398240e-05
1.277288209080000030e+02,3.249842301011085780e-06,3.606524467468262210e-05,-2.418792545795441176e-05
1.278506254480000024e+02,2.720434963703155632e-06,3.582301437854766796e-05,-1.664900779724121506e-05
1.278708671020000054e+02,2.644912153482437157e-06,3.633107841014862166e-05,-2.370012998580933080e-05
1.279922162179999958e+02,2.716471627354622040e-06,3.824462592601776478e-05,-1.970780640840530862e-05
1.280124714730000051e+02,6.275891512632370277e-06,3.436360359191894853e-05,-1.849075406789780197e-05
1.281342293099999949e+02,3.736999630928039896e-06,3.452726602554321119e-05,-1.592570096254349333e-05
1.281544564630000025e+02,6.521485745906830518e-06,3.669355213642120798e-05,-1.945650875568390422e-05
1.282761146960000076e+02,3.071260079741478093e-06,3.733399212360382166e-05,-1.840986460447311920e-05
1.282966816670000014e+02,6.933174282312393850e-06,4.049634337425232403e-05,-1.451419144868851347e-05
1.284179810800000041e+02,3.510690107941627803e-06,3.688952922821044821e-05,-1.784143000841141024e-05
1.284382311349999952e+02,2.825948968529701462e-06,3.910260200500488673e-05,-1.313548088073730994e-05
1.285596406539999919e+02,2.398987859487533880e-06,3.692899644374847293e-05,-1.860843300819397297e-05
1.285799561119999908e+02,4.088481515645981078e-06,3.722947537899017235e-05,-1.382185667753220185e-05
1.287015601409999874e+02,3.630177304148674009e-06,3.525191843509674518e-05,-1.859483867883682636e-05
1.287216485870000042e+02,9.461493045091629519e-06,3.180556297302245938e-05,-1.572327017784119139e-05
1.288438216469999986e+02,3.665879368782043535e-06,3.599293231964111647e-05,-1.665855646133423113e-05
1.288641489050000075e+02,7.455839216709137466e-06,3.744841814041137911e-05,-2.193965166807175025e-05
1.289856703300000049e+02,2.904780209064483571e-06,3.691917657852173253e-05,-1.663950234651566046e-05
1.290060582909999880e+02,4.463378712534904881e-06,3.591611385345459080e-05,-1.618176549673080902e-05
1.291277909279999960e+02,3.089323639869689911e-06,3.494342267513275555e-05,-1.599815189838409745e-05
1.291479637779999905e+02,-1.218059565871953927e-06,3.780288994312286534e-05,-1.692377924919128722e-05
1.292696469120000131e+02,2.306969091296195883e-06,3.649688661098480184e-05,-2.056857347488403898e-05
1.292896475530000089e+02,1.468169502913952035e-07,3.755412399768829712e-05,-1.523553878068924483e-05
1.294116879050000080e+02,3.854096680879592790e-06,3.720673322677612519e-05,-1.705271154642105623e-05
1.294317931520000116e+02,1.206760015338659379e-06,3.955551981925964795e-05,-1.492734998464584933e-05
1.295536016920000009e+02,3.083651885390281935e-06,3.624723255634307962e-05,-1.939918547868729160e-05
1.295735797320000131e+02,2.761366963386535920e-06,3.479079604148865097e-05,-1.799011379480362313e-05
1.296955054789999906e+02,2.749600261449813774e-06,3.749431669712066683e-05,-1.925518661737442408e-05
1.297157426320000013e+02,4.628250747919082806e-06,3.444459438323974775e-05,-2.027855813503265861e-05
1.298373551619999944e+02,1.476502139121294056e-06,3.635602891445159835e-05,-1.787019520998001660e-05
1.298582030480000071e+02,-2.613603137433529146e-07,3.591329753398895581e-05,-2.027551233768463499e-05
1.299800670909999951e+02,3.032046556472778477e-06,3.495464026927948037e-05,-1.792564392089844279e-05
1.300002697429999898e+02,2.614899724721908817e-06,3.373004794120788554e-05,-1.696363836526871001e-05
1.301219972789999986e+02,2.879503741860389850e-06,3.838345706462860548e-05,-2.030753344297409630e-05
1.301420817240000076e+02,4.345215484499931734e-06,3.539028167724609454e-05,-1.797770112752915017e-05
1.302634762430000137e+02,2.813684195280075047e-06,3.643762767314910980e-05,-1.793810576200485665e-05
1.302835449879999885e+02,3.296019881963729829e-06,3.664372265338898066e-05,-1.941267997026444077e-05
1.304048241010000027e+02,2.553491294384002982e-06,3.563280403614044255e-05,-1.911190748214722170e-05
1.304252539640000066e+02,4.397068172693252381e-06,3.393822610378265515e-05,-1.537278145551682030e-05
1.305469327980000003e+02,3.791031986474991074e-06,3.625762164592743119e-05,-1.871853917837143415e-05
1.305671356489999937e+02,3.377720713615417650e-06,3.594155907630920780e-05,-1.768786609172821414e-05
1.306890459949999865e+02,3.075243532657623412e-06,3.561081886291504256e-05,-1.705677509307861828e-05
1.307093015490000028e+02,-2.998276613652706146e-07,3.833257257938385429e-05,-1.909050792455673523e-05
1.308308120739999936e+02,1.435972657054662758e-06,3.583242893218994258e-05,-1.724256426095963098e-05
1.308506586070000139e+02,3.068549185991287257e-06,3.520265221595764621e-05,-1.803248524665832818e-05
1.309725000500000078e+02,3.321545943617820949e-06,3.624510467052459699e-05,-1.798439025878906640e-05
1.309925109909999890e+02,3.434993699193000957e-06,3.480153679847717717e-05,-2.149877250194549881e-05
1.311140090149999935e+02,3.118539601564407546e-06,3.565183877944946270e-05,-1.807490438222885513e-05
1.311344178779999936e+02,5.366537719964980930e-06,3.138768374919891172e-05,-1.970898360013962185e-05
1.312556201870000052e+02,2.821956574916839538e-06,3.756414353847503917e-05,-2.086827009916306127e-05
1.312761840569999947e+02,2.990977466106414899e-06,3.633139133453369522e-05,-2.550497651100159220e-05
1.313973924660000137e+02,3.134043887257575985e-06,3.645884096622467249e-05,-2.017690539360046957e-05
1.314176509209999892e+02,2.934560552239417970e-06,3.513658642768859882e-05,-1.682411283254623752e-05
1.315393788570000027e+02,2.897192910313606205e-06,3.710125386714935780e-05,-1.981682777404785556e-05
1.315597142160000033e+02,2.480231970548629719e-06,3.772719800472259637e-05,-1.683525443077087924e-05
1.316810260299999982e+02,2.659752964973449632e-06,3.752542734146118559e-05,-1.785638183355331781e-05
1.317013112859999922e+02,5.356707796454429583e-06,3.397599756717681877e-05,-1.816855818033218887e-05
1.318230416220000052e+02,2.426180988550186249e-06,3.697847127914428761e-05,-1.777462214231491594e-05
1.318436303940000016e+02,5.406936258077621974e-06,3.555164337158203545e-05,-1.557541191577911711e-05
1.319646211920000098e+02,3.596328571438789505e-06,3.500915765762329447e-05,-1.810732334852219056e-05
1.319847107379999898e+02,5.534948408603668090e-06,3.574417829513550033e-05,-1.656147092580795852e-05
1.321060849559999895e+02,2.134863287210464400e-06,3.608693182468414540e-05,-1.796260029077530426e-05
1.321263330090000068e+02,3.566818311810493561e-06,3.797508478164673143e-05,-1.984992176294327225e-05
1.322482349549999867e+02,3.203928843140602449e-06,3.803571760654449695e-05,-1.916689276695252036e-05
1.322682326960000125e+02,2.597510442137718331e-06,3.886517584323882931e-05,-1.726226657629013395e-05
1.323896079140000097e+02,4.307746514678001829e-06,3.589518964290619072e-05,-1.871547698974609803e-05
1.324097936640000057e+02,-1.153220143169164697e-06,3.545093834400177101e-05,-2.056743949651718722e-05
1.325314925989999892e+02,3.474873304367065653e-06,3.574668467044830655e-05,-1.829857677221298775e-05
1.325519504639999866e+02,3.568202257156372047e-06,3.384900093078613596e-05,-2.752674818038940824e-05
1.326732868800000062e+02,3.184230998158455241e-06,3.606493175029754853e-05,-1.892371922731399866e-05
1.326935042320000093e+02,4.440724849700927741e-06,3.390960693359375250e-05,-1.735286712646484902e-05
1.328154068780000046e+02,3.119103610515594557e-06,3.610889613628387923e-05,-1.986074447631836436e-05
1.328354359200000090e+02,5.040644668042659653e-07,3.500103354454040840e-05,-1.111920028924942566e-05
1.329571551559999989e+02,3.190449625253677369e-06,3.647212088108062991e-05,-1.967167705297470477e-05
1.329770497910000131e+02,1.266209501773119049e-06,4.052633047103881733e-05,-1.966445744037628520e-05
1.330988700320000078e+02,3.263529762625694276e-06,3.761948049068451245e-05,-1.990214586257934949e-05
1.331390485240000032e+02,3.638662397861481065e-06,3.398770093917846983e-05,-1.498975008726120371e-05
1.332211382970000102e+02,3.883100301027298459e-06,3.705687522888184048e-05,-1.893004179000855016e-05
1.332616268040000023e+02,4.312063008546829476e-06,3.594766557216644515e-05,-1.702821105718613259e-05
1.333630360829999972e+02,3.780732676386833190e-06,3.742124736309051402e-05,-1.771413385868072834e-05
1.334034873889999915e+02,4.263626784086227845e-06,3.539792895317077522e-05,-1.810607463121414448e-05
1.335044034420000116e+02,3.610927984118461681e-06,3.709191381931305404e-05,-2.117462754249573181e-05
1.335449026500000116e+02,2.323919907212257351e-06,3.834233582019805874e-05,-1.828665286302566889e-05
1.336461760210000023e+02,3.644343465566635399e-06,3.706613481044769733e-05,-1.872933954000473433e-05
1.336870484490000024e+02,2.604914829134941392e-06,3.707452118396759028e-05,-1.500387191772461564e-05
1.337879408000000012e+02,3.414097055792808508e-06,3.546244502067565844e-05,-1.720623522996902888e-05
1.338285054119999984e+02,3.145973384380340709e-06,3.589517772197723864e-05,-1.801931858062744607e-05
1.339295981740000059e+02,3.138156235218048342e-06,3.519161939620971938e-05,-1.743692457675934140e-05
1.339704532009999980e+02,4.391641169786453324e-06,3.429879248142242665e-05,-2.223772257566452527e-05
1.340713051500000006e+02,2.657877281308174367e-06,3.583595156669617160e-05,-1.768793612718582459e-05
1.341118394599999988e+02,1.287092734128236802e-06,3.573009669780731186e-05,-1.721167415380478341e-05
1.342130501279999919e+02,2.580234408378601036e-06,3.699530065059662302e-05,-2.039827853441238928e-05
1.342535631369999862e+02,2.632698044180870236e-06,3.654718101024627571e-05,-1.272004693746567382e-05
1.343545378930000140e+02,3.599720075726509162e-06,3.488575816154480477e-05,-1.790606230497360679e-05
1.343951644079999994e+02,2.531867474317550768e-06,3.727537393569946685e-05,-1.963743716478348085e-05
1.344962317689999907e+02,3.865986317396164236e-06,3.649166524410248048e-05,-1.806842088699341320e-05
1.345369556880000061e+02,1.489414740353822798e-06,3.421582281589507975e-05,-2.111118584871292636e-05
1.346379828469999893e+02,2.468939498066902166e-06,3.634701967239380307e-05,-1.768961548805237318e-05
1.346987853120000125e+02,2.750767022371292238e-06,3.733336627483368130e-05,-1.810070127248764336e-05
1.347798545320000017e+02,2.737577259540557835e-06,3.800117671489715494e-05,-2.084281593561173020e-05
1.348406757980000066e+02,2.130493521690368568e-06,3.506339788436889805e-05,-1.992202997207641920e-05
1.349216640129999973e+02,1.815061271190643406e-06,3.519937396049499593e-05,-2.077395021915436372e-05
1.349829014009999923e+02,2.091044560074806390e-06,3.517791330814361647e-05,-2.116958349943161337e-05
1.350647736630000111e+02,4.064208269119263313e-06,3.651650249958038525e-05,-1.792929023504257681e-05
1.351482870099999900e+02,3.274273499846458491e-06,3.507393896579742937e-05,-1.842476725578308586e-05
1.352085692480000034e+02,2.869006991386413919e-06,3.522094786167144731e-05,-1.748038530349731772e-05
1.352895957709999948e+02,2.085152640938759099e-06,3.714632689952850352e-05,-1.875064820051193743e-05
1.353507545619999917e+02,5.123638734221458947e-06,3.832407295703888265e-05,-1.962398439645767753e-05
1.362966606130000002e+02,3.892819583415985308e-06,3.585982024669647546e-05,-1.959298998117447210e-05
1.363012502519999884e+02,4.052045941352844297e-06,3.378482162952423047e-05,-1.896325796842575622e-05
1.363098950030000083e+02,3.301620855927467432e-06,3.511139452457428140e-05,-1.939360648393631279e-05
1.363182806410000012e+02,2.315858006477356064e-06,3.504534959793090693e-05,-1.499847918748856230e-05
1.363266398769999910e+02,2.139726653695106622e-06,3.625917732715607140e-05,-2.086200267076492672e-05
1.363333465270000033e+02,2.401296049356460849e-06,3.596648871898651157e-05,-1.645013242959976715e-05
1.363422495920000017e+02,3.059593960642814582e-06,3.522012233734131208e-05,-1.937382370233536291e-05
1.363492888590000121e+02,3.791838884353637817e-06,3.674279451370239600e-05,-1.428011655807495649e-05
1.363573647800000117e+02,3.218266367912292424e-06,3.673732578754425110e-05,-1.755711734294891705e-05
1.363668447750000041e+02,2.731402218341827358e-06,3.632841408252715965e-05,-1.800979524850845656e-05
1.372989545060000012e+02,2.927113324403762763e-06,3.545522987842559929e-05,-1.870479434728623019e-05
1.373036508509999862e+02,2.669427916407585325e-06,3.406042158603668604e-05,-1.811857670545578518e-05
1.373129975379999905e+02,2.818058058619499429e-06,3.597423136234283603e-05,-1.864940673112869699e-05
1.373197992929999884e+02,1.091827824711799688e-06,3.575257062911987610e-05,-1.976371258497238630e-05
1.373284938470000043e+02,2.857695892453193650e-06,3.584144413471222068e-05,-2.014056444168091199e-05
1.373335791119999953e+02,3.516473621129989959e-06,3.833347558975219840e-05,-1.905272752046585416e-05
1.373403774669999962e+02,5.723569914698601069e-06,3.735674917697906570e-05,-1.465587317943573657e-05
1.373494963429999984e+02,4.222904518246651256e-06,3.522513508796691774e-05,-1.802944689989090300e-05
1.373554034510000008e+02,2.149258553981781286e-06,3.602220714092254646e-05,-1.944520026445389264e-05
1.373638907940000138e+02,2.953752502799034409e-06,3.727140128612518817e-05,-1.580331176519394362e-05
1.373717522039999892e+02,2.212250977754593195e-06,3.448304831981658769e-05,-1.990508884191513427e-05
1.373794945079999934e+02,2.374030277132988073e-06,3.714752793312073108e-05,-1.664106845855713374e-05
1.373865916780000020e+02,5.317965894937515443e-06,3.663357794284820783e-05,-1.753223091363907137e-05
1.373974027419999970e+02,3.238154202699661355e-06,3.575287759304046685e-05,-2.186966389417648748e-05
1.374024149040000111e+02,3.294184058904647841e-06,3.710271418094635422e-05,-1.632397323846817503e-05
1.374120386060000101e+02,3.782863542437553415e-06,3.458416163921356271e-05,-1.853810101747513402e-05
1.374194368919999931e+02,1.604545488953590429e-06,3.744449913501739837e-05,-1.790880560874939331e-05
1.374282497510000098e+02,2.712826803326607034e-06,3.790840506553650255e-05,-1.951144486665726198e-05
1.374350702069999954e+02,3.102161735296249694e-06,3.671886622905731138e-05,-1.807280331850052147e-05
1.374788688920000084e+02,3.541392087936401570e-06,3.630812168121338274e-05,-1.646826118230820178e-05
1.375397290680000140e+02,2.220712602138519480e-06,3.765267133712768517e-05,-1.884672045707703203e-05
1.376206081869999878e+02,2.133379131555557456e-06,3.725742399692535755e-05,-1.893261671066284442e-05
1.376815539670000135e+02,3.825550898909569207e-06,3.585314452648162694e-05,-1.760755032300949618e-05
1.377621884739999985e+02,4.212926700711250826e-06,3.661953508853912719e-05,-1.739678978919983386e-05
1.378228854410000110e+02,1.100457180291414257e-06,3.578203916549682493e-05,-1.719688177108765064e-05
1.379039348690000111e+02,2.284789457917213758e-06,3.611855804920196384e-05,-1.990338563919067812e-05
1.379646363360000123e+02,1.692005991935730093e-06,3.511019647121429863e-05,-1.466974467039108863e-05
1.380459345779999865e+02,2.064991742372512844e-06,3.528596460819244688e-05,-1.569918692111969577e-05
1.381063974330000121e+02,5.292063951492309849e-06,3.575543165206909496e-05,-1.660375148057938020e-05
1.381874727619999987e+02,5.940821766853332665e-06,3.582280874252319705e-05,-1.804894357919693506e-05
1.382480801250000013e+02,3.235867619514465547e-06,3.704792261123657438e-05,-1.958974152803421559e-05
1.383293192630000021e+02,3.832482174038887357e-06,3.591811358928680462e-05,-1.803346276283264655e-05
1.383901804379999874e+02,4.289584606885909893e-06,3.645738065242767607e-05,-2.010614275932312472e-05
1.384705873329999974e+02,4.287641122937202276e-06,3.695189654827118266e-05,-1.914056092500687176e-05
1.385316459189999989e+02,3.037931025028229019e-06,3.518121242523193290e-05,-1.821615844964981373e-05
1.386126188439999964e+02,4.857649654150009323e-06,3.745463192462921234e-05,-1.875576972961426136e-05
1.386734287159999894e+02,3.584784269332886036e-06,3.764093220233917107e-05,-1.965455561876297549e-05
1.387541256259999898e+02,1.989744231104851056e-06,3.544352054595947219e-05,-1.702644079923630062e-05
1.388153952229999959e+02,4.244481772184372103e-06,3.682532012462616251e-05,-2.131776660680771330e-05
1.388966414619999910e+02,2.747457474470138499e-06,3.744986951351166147e-05,-1.962873935699463335e-05
1.389574295330000098e+02,2.515215426683425910e-06,3.676603138446808347e-05,-2.141489535570145078e-05
1.390386424710000028e+02,3.553231060504913523e-06,3.534582257270813032e-05,-1.740054041147232573e-05
1.390990094199999874e+02,2.874996513128280975e-06,3.556812107563018946e-05,-2.140926122665405841e-05
1.391798779389999936e+02,4.307767748832702814e-06,3.548698723316193133e-05,-1.993073672056198416e-05
1.392410050279999894e+02,5.730623006820678838e-06,3.704153299331665046e-05,-1.937541514635086616e-05
1.393220262559999867e+02,2.242814376950264237e-06,3.664523065090179898e-05,-2.025991529226303653e-05
1.393829349330000014e+02,4.740727692842483811e-06,3.406588137149811011e-05,-1.916505545377731598e-05
1.394639546600000131e+02,3.091496229171753024e-06,3.583720028400421429e-05,-1.842390894889831885e-05
1.395248129359999893e+02,5.253487825393677156e-06,3.638656139373779187e-05,-1.913537830114365144e-05
1.396054820440000128e+02,5.295240506529808001e-06,3.499673604965210407e-05,-1.969178169965744567e-05
1.396665108280000140e+02,2.062502130866051004e-06,3.371836841106415220e-05,-2.003420442342758565e-05
1.397477036639999994e+02,3.055535256862640588e-06,3.632800579071044907e-05,-2.115835398435592969e-05
1.398082661239999993e+02,1.778667792677879477e-06,3.548239469528198157e-05,-1.583457142114639733e-05
1.398890694399999859e+02,2.797956392168998674e-06,3.508272469043731884e-05,-1.926080733537674535e-05
1.399500039190000109e+02,2.087916061282158192e-06,3.514787852764130128e-05,-2.237734645605087618e-05
1.400313208620000012e+02,1.602483913302421566e-06,3.663171231746673885e-05,-1.905768662691116865e-05
1.401130471259999979e+02,3.108025714755058333e-06,3.640010654926300097e-05,-1.930694282054901676e-05
1.401736476869999990e+02,5.064318329095840767e-06,3.557317256927490295e-05,-1.713330745697021936e-05
1.402551858410000136e+02,3.624652326107025434e-06,3.477017283439636560e-05,-2.001792937517166452e-05
1.403152969779999921e+02,2.464894205331802656e-06,3.677456080913544211e-05,-1.717696189880371451e-05
1.403962142990000075e+02,1.094836648553609980e-06,3.532345294952393070e-05,-1.905899196863174730e-05
1.404570971759999907e+02,2.910173684358596840e-06,3.507885038852691519e-05,-1.734167337417602837e-05
1.405379073919999939e+02,3.942888230085373142e-06,3.599404692649841431e-05,-1.822238117456436441e-05
1.405987938680000013e+02,5.228943377733230832e-06,3.524030447006225509e-05,-1.714580208063126162e-05
1.406797118899999930e+02,3.711044415831566116e-06,3.660025298595428350e-05,-1.915970593690872581e-05
1.407406591699999865e+02,1.221468392759561531e-06,3.653947114944458303e-05,-1.911768168210983834e-05
1.408215578909999977e+02,2.738617733120918377e-06,3.679739832878113306e-05,-2.001530975103378639e-05
1.408823627630000033e+02,2.691822126507759203e-06,3.647297322750091411e-05,-1.872834712266922586e-05
1.409637110070000006e+02,3.250424563884735330e-06,3.454516530036926735e-05,-1.725507378578186335e-05
1.410243630719999999e+02,1.279158238321542907e-06,3.555618822574615654e-05,-2.025195509195328229e-05
1.411051529869999968e+02,3.624180331826210205e-06,3.646980822086334252e-05,-1.670015603303909890e-05
1.411659110569999882e+02,2.476214244961738684e-06,3.613892793655395640e-05,-1.917084455490112612e-05
1.412468332789999863e+02,3.955264016985893807e-06,3.716328442096710096e-05,-1.859166771173477534e-05
1.413076937540000131e+02,4.690557718276977837e-06,3.687121570110321221e-05,-1.580426990985870806e-05
1.413887957850000134e+02,3.056128695607185683e-06,3.738743960857391502e-05,-1.888345777988434133e-05
1.414499486759999911e+02,4.575346037745476319e-06,3.529139757156372198e-05,-1.852095276117325239e-05
1.415311862140000017e+02,3.127881139516830735e-06,3.750591576099396003e-05,-1.910802423954010399e-05
1.415920339889999866e+02,3.603343293070793431e-06,3.528002798557281741e-05,-2.077442407608032771e-05
1.416737210510000011e+02,4.450925439596176177e-06,3.608681857585907348e-05,-1.835978031158447667e-05
1.417552207029999920e+02,3.246914595365524251e-06,3.546606898307800730e-05,-2.022850960493088250e-05
1.418165164010000012e+02,1.630954444408416897e-06,3.664782345294952814e-05,-1.691791862249374763e-05
1.418976613339999915e+02,3.631355240941048017e-06,3.487808406352996835e-05,-2.175697833299637161e-05
1.419584787070000118e+02,3.306154906749725700e-06,3.347676098346710039e-05,-1.785494089126587192e-05
1.420397727490000079e+02,3.209822624921798926e-06,3.632438480854034501e-05,-1.832139790058136280e-05
1.421008703360000140e+02,1.914418861269951052e-06,3.482023775577545083e-05,-1.603637486696243652e-05
1.421815527459999942e+02,3.916313871741295403e-06,3.616232573986053768e-05,-1.782200634479523004e-05
1.422421287059999884e+02,4.135828837752342036e-06,3.995923995971679824e-05,-1.586758494377136711e-05
1.423235132519999979e+02,3.077273815870285002e-06,3.664042353630066423e-05,-1.758352071046829511e-05
1.423842841229999863e+02,3.970296308398246593e-06,3.553482294082642087e-05,-1.945278644561768033e-05
1.424651857439999958e+02,2.627383545041084441e-06,3.590283691883087140e-05,-1.908558160066604913e-05
1.425260541199999977e+02,5.267575383186340827e-06,3.709726631641388224e-05,-1.849383562803268863e-05
1.426074869679999892e+02,4.087754711508751489e-06,3.689043223857879910e-05,-2.098149061203003412e-05
1.426683833449999952e+02,1.272390689700841928e-06,3.701022863388061965e-05,-1.997018605470657736e-05
1.427498854970000082e+02,1.632256433367729253e-06,3.656788170337676997e-05,-2.022382915019989416e-05
1.428111911960000100e+02,2.826122567057609833e-06,3.433792293071746685e-05,-1.988317370414734473e-05
1.428924963380000008e+02,2.079104259610176297e-06,3.594337999820709290e-05,-1.950709372758865632e-05
1.429534157159999950e+02,3.651513159275054980e-06,3.656975030899047697e-05,-1.755291968584061016e-05
1.430348448649999966e+02,4.997739940881729175e-06,3.646794855594634959e-05,-1.693103462457657321e-05
1.430955652330000021e+02,3.839211910963058487e-06,3.555159270763397553e-05,-1.760647743940353742e-05
1.431761398360000044e+02,3.055725246667861888e-06,3.720625340938568177e-05,-1.726602017879486385e-05
1.432369331079999881e+02,2.054917812347412083e-06,3.489699661731720252e-05,-1.832876205444336368e-05
1.433180578109999885e+02,4.087283834815025518e-06,3.744811415672302639e-05,-1.932873576879501692e-05
1.433784540610000136e+02,4.791199415922164840e-06,3.732321560382843243e-05,-2.009158134460449621e-05
1.434596500279999987e+02,1.263211760669946653e-06,3.759149014949798818e-05,-1.931330114603043129e-05
1.435206256069999995e+02,2.909506857395172255e-06,3.569676578044891826e-05,-1.718873232603073461e-05
1.436016361650000022e+02,4.168291762471199290e-06,3.696313500404358040e-05,-1.741841137409210714e-05
1.436625663410000016e+02,3.363671526312828246e-06,3.594119548797607432e-05,-1.798880249261856505e-05
1.437432962850000138e+02,4.927870258688926807e-06,3.516866862773895651e-05,-1.833786368370056473e-05
1.438048167910000075e+02,2.362957224249839905e-06,3.621112406253815209e-05,-1.877250671386719100e-05
1.438858762510000133e+02,4.062974452972412427e-06,3.698047995567322227e-05,-1.979037076234817956e-05
1.439467430249999893e+02,5.334254354238510206e-06,3.766458034515380714e-05,-2.093106061220169640e-05
1.440274851689999878e+02,2.809322997927665645e-06,3.554497063159942495e-05,-2.060293108224869185e-05
1.440883080410000048e+02,3.967651724815369098e-06,3.683227598667145281e-05,-1.929833441972733023e-05
1.441695198079999898e+02,4.854954034090042159e-06,3.520730733871460120e-05,-2.002851217985153492e-05
1.442302496750000103e+02,3.139818459749221959e-06,3.593343198299408370e-05,-1.754114180803299501e-05
1.443112807340000074e+02,1.298119965940713956e-06,3.677228987216949379e-05,-1.888111680746078935e-05
1.443719560979999983e+02,4.989925026893615747e-06,3.731037378311157258e-05,-2.063115835189819643e-05
1.444534686799999861e+02,4.197100922465324933e-06,3.746343851089477473e-05,-1.804132461547851898e-05
1.445139526350000096e+02,3.380014747381210629e-06,3.794136345386505538e-05,-1.810182332992554303e-05
1.452974893139999892e+02,2.614070102572441231e-06,3.641904592514038410e-05,-1.614133566617966282e-05
1.453045148569999867e+02,2.230248972773552024e-06,3.668522834777832026e-05,-1.757547110319137990e-05
1.453126054520000139e+02,3.204900026321411205e-06,3.674603700637817647e-05,-1.973310858011245993e-05
1.453183629330000031e+02,4.677956551313400897e-06,3.519027531147003290e-05,-1.788800209760666360e-05
1.453261000109999941e+02,2.292357385158538903e-06,3.689909279346466456e-05,-1.944974660873413614e-05
1.453334214690000010e+02,3.900187835097313465e-06,3.640371561050415294e-05,-1.646301895380020410e-05
1.453407648280000046e+02,2.789241448044777039e-06,3.553036153316497793e-05,-1.980253010988235971e-05
1.453473063470000000e+02,3.128077089786529772e-06,3.709725141525268535e-05,-1.765546053647995320e-05
1.453567375080000090e+02,3.996978700160980561e-06,3.520197570323944594e-05,-1.714452058076859053e-05
1.453606129970000040e+02,2.759549766778946224e-06,3.704891204833984822e-05,-1.484198123216629549e-05
1.453714717279999888e+02,4.749335348606109992e-06,3.622254431247711658e-05,-2.051298171281815049e-05
1.453870752900000127e+02,1.586653664708137583e-06,3.708385527133941799e-05,-1.831849962472916190e-05
1.454479154629999869e+02,2.546465024352073758e-06,3.422027528285980186e-05,-1.759756803512573618e-05
1.455291077290000032e+02,3.599812462925911120e-06,3.632155358791351314e-05,-1.717601120471954850e-05
1.455895664829999987e+02,2.755306661128998067e-06,3.466992378234863364e-05,-1.832322627305984974e-05
1.456707013459999871e+02,2.203051745891571105e-06,3.614475429058075197e-05,-1.857220679521560971e-05
1.457317091269999878e+02,2.160031348466873410e-06,3.760338127613067525e-05,-1.778483390808105780e-05
1.458127285850000021e+02,2.227069064974784828e-06,3.796652555465698580e-05,-1.603572666645050422e-05
1.458731025349999868e+02,4.981567710638046893e-06,3.396783173084259362e-05,-1.817081421613693691e-05
1.459543105019999985e+02,2.566623687744140649e-06,3.684477508068085210e-05,-1.906602531671524310e-05
1.460151595750000126e+02,3.947626054286956947e-06,3.653745353221893430e-05,-2.038694769144058577e-05
1.460959636219999993e+02,3.984909877181053183e-06,3.796181082725525005e-05,-1.888155043125152989e-05
1.461567807929999958e+02,3.812859952449798578e-06,3.567266166210174971e-05,-1.896482259035111049e-05
1.462379115569999897e+02,4.280827194452285866e-06,3.409138917922973911e-05,-1.737730354070663827e-05
1.462997286769999903e+02,2.160931378602981616e-06,3.699171245098114397e-05,-1.855911016464233804e-05
1.463803625159999910e+02,3.450055420398712252e-06,3.680370748043060330e-05,-1.858238875865936797e-05
1.464413217940000038e+02,2.275551110506057896e-06,3.661572933197021837e-05,-2.009351849555969803e-05
1.465219331319999867e+02,3.669793158769607738e-06,3.607472479343414674e-05,-1.901784688234329639e-05
1.465828811099999882e+02,4.399500414729118332e-06,3.531101644039154341e-05,-1.611605286598205865e-05
1.466639313700000002e+02,2.334522455930710149e-06,3.596419394016265908e-05,-2.120019644498825380e-05
1.467242544169999974e+02,2.491940930485725376e-06,3.818559348583221657e-05,-1.923247128725052250e-05
1.468054665839999871e+02,3.515951707959175165e-06,3.521029055118561282e-05,-1.604941785335541025e-05
1.468662222520000000e+02,2.900400757789612052e-06,3.638747632503509485e-05,-1.706214100122452096e-05
1.469475146240000072e+02,1.999049633741378917e-06,3.606721162796020413e-05,-2.028737217187881944e-05
1.470079595770000083e+02,1.853566989302635267e-06,3.536727726459503373e-05,-2.091554850339889850e-05
1.470894190559999970e+02,3.266310691833496403e-06,3.800234794616699552e-05,-1.530572026968002642e-05
1.471506987500000037e+02,2.578932046890258715e-06,3.952553570270538589e-05,-1.556822210550308792e-05
1.472315570000000093e+02,4.331779479980468976e-06,3.638283610343932996e-05,-1.837633252143860155e-05
1.472924313739999889e+02,2.205701172351837079e-06,3.769840896129608585e-05,-1.969009488821030202e-05
1.473731556179999984e+02,1.321920473128557198e-06,3.680677413940429985e-05,-2.022868096828461278e-05
1.474338152809999940e+02,2.796538919210433976e-06,3.490356504917144838e-05,-1.880723685026169142e-05
1.475151237540000011e+02,2.838872745633125537e-06,3.666452765464782600e-05,-2.103466242551803935e-05
1.475757581160000029e+02,4.176559299230575726e-06,3.475528061389923201e-05,-1.860874146223068611e-05
1.476570866890000104e+02,1.711972430348396321e-06,3.619036972522735989e-05,-1.632992476224899800e-05
1.477178771590000110e+02,2.101889997720718496e-06,3.695158958435058514e-05,-2.024249881505966520e-05
1.477995115470000087e+02,5.368199199438095465e-06,3.521440029144287437e-05,-1.933033317327499960e-05
1.478602156130000083e+02,3.062583133578300549e-06,3.414146602153778320e-05,-1.442259401082992952e-05
1.479411669669999867e+02,4.187323898077011172e-06,3.541790544986724731e-05,-1.858573704957962531e-05
1.480005646669999919e+02,1.629701629281044177e-06,3.773834705352783315e-05,-1.804069876670837862e-05
1.480816513279999924e+02,2.733299508690834208e-06,3.509029150009155260e-05,-1.877413690090179869e-05
1.481425052010000059e+02,2.256846427917480782e-06,3.747450411319732657e-05,-1.751588582992553980e-05
1.482233042489999946e+02,1.816099509596824797e-06,3.609361350536346318e-05,-2.044075429439545219e-05
1.482841084190000061e+02,2.547921240329742474e-06,3.370686769485474081e-05,-1.824906617403030664e-05
1.483651569790000053e+02,3.827474638819694850e-06,3.675785958766937550e-05,-1.862749904394150251e-05
1.484257610390000082e+02,2.137850224971771427e-06,3.693411648273468124e-05,-1.833978444337845405e-05
1.485069118039999978e+02,2.583824470639228846e-06,3.670855462551116870e-05,-1.686125397682190376e-05
1.485679016830000023e+02,2.787311002612114154e-06,3.748251497745514073e-05,-2.089158296585083522e-05
1.486486351279999951e+02,1.733073592185974237e-06,3.645765781402587983e-05,-1.834668070077896698e-05
1.487096878099999913e+02,2.409813553094864012e-06,3.444066047668457013e-05,-1.923957616090775114e-05
1.487907717719999994e+02,3.051190078258514362e-06,3.726384341716766846e-05,-1.800230592489242829e-05
1.488513996329999998e+02,2.895314246416092071e-06,3.598299324512482133e-05,-1.766626238822937577e-05
1.489325563980000027e+02,2.452925220131874408e-06,3.770160079002380640e-05,-1.616695374250412572e-05
1.489937051859999997e+02,3.428497537970543203e-06,3.679707944393158345e-05,-1.772062927484512913e-05
1.490746917419999988e+02,3.779493644833564919e-06,3.599507510662078920e-05,-1.967900842428207725e-05
1.491357509249999964e+02,4.378163069486618350e-06,3.705009520053863410e-05,-2.043811231851578211e-05
1.492945012810000094e+02,5.550040863454342027e-07,3.611445128917694031e-05,-1.821827888488769791e-05
1.493005372760000000e+02,2.775738015770912106e-06,3.670362234115600995e-05,-1.909325271844864415e-05
1.493384514280000133e+02,2.861104160547256413e-06,3.564682304859161224e-05,-1.722046136856079528e-05
1.494195365889999891e+02,2.135877311229705725e-06,3.658041656017303907e-05,-2.062895745038986533e-05
1.494803740609999920e+02,2.110860496759414843e-06,3.730996549129486200e-05,-1.947447806596756405e-05
1.495613548169999945e+02,2.119499817490577625e-06,3.639107048511504994e-05,-1.672587543725967825e-05
1.496221882890000074e+02,3.409538418054581058e-06,3.588031530380249203e-05,-1.553653627634048873e-05
1.497034999619999951e+02,4.025381803512573292e-06,3.643827140331268506e-05,-1.963114291429520072e-05
1.497639801159999990e+02,3.892303258180618499e-06,3.773108720779419013e-05,-2.153158634901047034e-05
1.498455653020000113e+02,3.424715995788574235e-06,3.765024840831757066e-05,-2.131659686565399512e-05
1.499061064599999895e+02,2.912345156073570271e-06,3.647326231002807672e-05,-1.609813123941422071e-05
1.499875461379999990e+02,2.756102755665779442e-06,3.718678057193756405e-05,-1.754608601331711262e-05
1.500480301929999882e+02,1.213505025953054391e-06,3.590891361236572176e-05,-1.640926003456116296e-05
1.501290382509999972e+02,3.426191955804824926e-06,3.705966770648956452e-05,-2.019280642271042414e-05
1.501900511320000078e+02,5.127653479576110691e-06,3.658685982227325416e-05,-1.964028626680374424e-05
1.502708283780000045e+02,3.241509199142456356e-06,3.704937994480133278e-05,-1.995553076267242746e-05
1.503314606399999889e+02,5.093547329306602711e-06,3.605704009532928911e-05,-1.967682838439941908e-05
1.504122813879999967e+02,5.721478164196014616e-06,3.643053770065307465e-05,-1.903926730155945239e-05
1.504729211510000084e+02,3.627732023596763748e-06,3.509273529052734682e-05,-1.858366578817367864e-05
1.505540673149999975e+02,5.870701372623444063e-06,3.657014667987823546e-05,-2.108182460069656664e-05
1.506148036820000016e+02,2.896221727132797449e-06,3.502228558063507215e-05,-1.731598228216171700e-05
1.506959499470000026e+02,4.321878030896187327e-06,3.717417120933533086e-05,-1.818641871213913381e-05
1.507563896990000103e+02,3.974216431379318286e-06,3.620182573795318741e-05,-2.111476659774780696e-05
1.508379240829999901e+02,4.282002151012420582e-06,3.518126904964446886e-05,-1.824185848236084255e-05
1.508987730549999924e+02,1.291387435048818623e-06,3.613241016864777045e-05,-1.944835186004638974e-05
1.509795893040000010e+02,5.174986273050308753e-06,3.513145744800567644e-05,-1.888908594846725765e-05
1.510402858690000016e+02,5.303039401769638675e-06,3.571622371673583910e-05,-2.049555927515030312e-05
1.511211230179999916e+02,2.711701393127441705e-06,3.604814112186432095e-05,-1.890374720096588699e-05
1.511819721909999998e+02,4.141327738761901994e-06,3.608155548572540626e-05,-1.739198416471481813e-05
1.512631024620000062e+02,2.896381542086601583e-06,3.584045469760894684e-05,-1.583250164985657306e-05
1.513236612069999865e+02,3.386491164565086409e-06,3.636982738971710703e-05,-2.095608264207840255e-05
1.514048208890000069e+02,4.360925778746605497e-06,3.749801814556121780e-05,-1.834284663200378679e-05
1.514656017449999865e+02,3.740964084863662745e-06,3.408284485340118359e-05,-1.832640916109085622e-05
1.515467715279999936e+02,3.874330967664718957e-06,3.738125860691070680e-05,-1.746473461389542133e-05
1.516075712850000059e+02,3.612948581576347585e-06,3.461379110813141212e-05,-1.933861970901489850e-05
1.516882594429999926e+02,2.243226021528244285e-06,3.612565100193023700e-05,-1.732786893844605043e-05
1.517498300389999883e+02,3.091764077544212539e-06,3.560604155063629481e-05,-2.040681242942810495e-05
1.518315745499999991e+02,3.301978111267090037e-06,3.643751442432403788e-05,-1.915568560361862523e-05
1.518929925390000051e+02,3.430504351854324446e-06,3.832063972949982137e-05,-1.910507678985596218e-05
1.519744540359999974e+02,2.639258280396461544e-06,3.438253700733184885e-05,-1.765396445989609036e-05
1.520354739050000035e+02,1.075398549437522837e-06,3.644932210445404002e-05,-1.790148615837097631e-05
1.521162856690000069e+02,2.749120816588401798e-06,3.726151585578918419e-05,-1.654954999685287768e-05
1.521767493090000016e+02,3.361986577510833786e-06,3.694700896739960101e-05,-1.816472560167313108e-05
1.522575195709999889e+02,5.066401511430740367e-06,3.589027225971222208e-05,-1.797097176313400710e-05
1.523184681360000070e+02,3.112456947565079027e-06,3.692369759082794268e-05,-2.152372598648071692e-05
1.523991976959999874e+02,3.512094914913177521e-06,3.716737627983093437e-05,-1.760957241058350194e-05
1.524601459620000128e+02,2.456356585025787343e-06,3.706318438053131072e-05,-1.901011019945145135e-05
1.525410389300000134e+02,3.920653089880943892e-06,3.642550706863403409e-05,-1.814222782850265927e-05
1.526022584080000115e+02,4.930462688207626221e-06,3.506360948085785178e-05,-1.762608736753464139e-05
1.527036105050000003e+02,3.556057438254356488e-06,3.770022690296173293e-05,-1.878426671028137802e-05
1.527443599549999931e+02,5.112022534012794577e-06,3.583385050296783794e-05,-2.271643429994583670e-05
1.528455727449999983e+02,3.150672838091850248e-06,3.800684213638305669e-05,-2.168519496917725031e-05
1.528860600810000108e+02,4.173835366964340581e-06,3.893047273159027066e-05,-1.803651005029678918e-05
1.529869572549999930e+02,4.451946541666984921e-06,3.748458623886108740e-05,-1.965762972831726371e-05
1.530280282209999996e+02,4.987352527678013395e-07,3.549549281597137902e-05,-2.102196812629700221e-05
1.531291150039999991e+02,3.046506643295288423e-06,3.553311824798583893e-05,-1.775208264589310167e-05
1.531694724339999993e+02,4.440542310476303189e-06,3.449113070964813469e-05,-1.484202593564987597e-05
1.532705983200000048e+02,1.711856946349143980e-06,3.614871203899384054e-05,-1.613895744085312202e-05
1.533111055569999905e+02,2.812980860471725807e-06,3.684537112712860547e-05,-1.989120393991470603e-05
1.534124828550000075e+02,4.439484700560570212e-06,3.548038005828857763e-05,-1.825270503759384561e-05
1.534528248839999947e+02,3.261095285415649385e-06,3.585323691368103271e-05,-1.604862362146378102e-05
1.535539498690000073e+02,3.531489893794059992e-06,3.574617207050323812e-05,-1.952177882194519322e-05
1.535944250050000051e+02,6.332235038280487716e-06,3.598517775535583992e-05,-1.884039789438248053e-05
1.536958639059999996e+02,2.813621982932091104e-06,3.540446162223815805e-05,-2.089238017797470586e-05
1.537366536579999945e+02,3.727658838033676213e-06,3.893449604511260926e-05,-1.648135185241699741e-05
1.538381636629999889e+02,2.023425698280334679e-06,3.580292165279388593e-05,-1.891121268272400431e-05
1.538787655049999898e+02,8.134331554174424089e-07,3.761862814426422148e-05,-1.776619702577591516e-05
1.539800663990000089e+02,3.655698522925377073e-06,3.661911487579345775e-05,-2.184183150529861900e-05
1.540206630410000059e+02,4.588714987039566654e-06,3.515119254589080781e-05,-1.796875447034836350e-05
1.541217270230000054e+02,4.707508161664009129e-06,3.603035211563110547e-05,-1.637578010559082424e-05
1.541624990740000101e+02,2.100633084774017438e-06,3.520043194293975781e-05,-1.565896421670913950e-05
1.542636156590000098e+02,3.798549249768257149e-06,3.532619178295135680e-05,-1.935070306062698878e-05
1.543042608030000054e+02,3.328441828489303701e-06,3.522871434688568272e-05,-1.816594451665878678e-05
1.544052571820000139e+02,3.308928757905960409e-06,3.656128048896789909e-05,-1.734378188848496047e-05
1.544459618289999980e+02,4.703079909086227727e-06,3.695370852947235370e-05,-1.945201605558395867e-05
1.545470145109999862e+02,2.050641551613807890e-06,3.647799491882324060e-05,-1.896020621061325655e-05
1.545873461390000045e+02,5.846672505140305042e-06,3.773063719272613369e-05,-1.948650479316711836e-05
1.546887569390000010e+02,2.561612799763679521e-06,3.607480823993683167e-05,-1.972405612468719978e-05
1.547291734720000136e+02,2.471541985869407867e-06,3.650793433189392556e-05,-2.032777816057205469e-05
1.548306006729999922e+02,3.602396696805954281e-06,3.713965415954589979e-05,-1.711391508579254516e-05
1.548711118100000022e+02,3.189642727375030625e-06,3.644870817661285853e-05,-2.012546211481094707e-05
1.549722067939999874e+02,2.992499992251396533e-06,3.546886444091796936e-05,-1.732297986745834638e-05
1.550129498430000012e+02,5.984702706336975042e-06,3.640397489070892179e-05,-1.810666769742965982e-05
1.551155474029999937e+02,1.026904117316007739e-06,3.735050559043884548e-05,-1.779498904943466710e-05
1.551357319180000047e+02,4.519503563642502441e-06,3.594190776348114440e-05,-1.897849440574646260e-05
1.552576793510000073e+02,1.684826612472534189e-06,3.641555607318878687e-05,-1.841959953308105905e-05
1.552776788559999943e+02,1.032015960663557043e-06,4.118779897689819571e-05,-1.927879154682159867e-05
1.553988111479999930e+02,1.503427978605031962e-06,3.738957643508911171e-05,-1.929512768983841279e-05
1.554190247649999890e+02,3.963961452245712406e-06,3.346880674362182897e-05,-2.119123637676239603e-05
1.555405729780000001e+02,4.964996501803398696e-06,3.819538354873657675e-05,-1.841581314802170075e-05
1.555610629079999967e+02,9.200191125273705583e-08,3.659493625164031834e-05,-2.079584300518036471e-05
1.556824191110000015e+02,2.322104945778847019e-06,3.626104295253754038e-05,-1.824809163808822969e-05
1.557028542390000041e+02,1.734882965683937220e-06,3.510968983173370624e-05,-2.529440224170685365e-05
1.558238286229999972e+02,3.511325269937515363e-06,3.714627325534820558e-05,-1.981209516525268830e-05
1.558441643449999958e+02,3.017487376928329754e-06,3.812577426433563419e-05,-1.727424561977386976e-05
1.559657966620000025e+02,2.189403399825096381e-06,3.636828958988190172e-05,-2.068791389465332367e-05
1.559860917830000062e+02,3.956560976803303125e-07,3.400911986827850344e-05,-1.188903003931045984e-05
1.561075639919999958e+02,3.421538323163986402e-06,3.612317740917206257e-05,-2.015275210142136012e-05
1.561278716129999964e+02,3.584153577685356356e-06,3.587924540042877129e-05,-1.838210076093674215e-05
1.562491835140000092e+02,2.755452319979667787e-06,3.648157417774200559e-05,-1.808235049247742193e-05
1.562700424630000100e+02,6.114879250526428865e-06,3.653609454631805771e-05,-1.955261230468750483e-05
1.563911018510000019e+02,4.591917619109154269e-06,3.638583719730377648e-05,-1.958113908767700510e-05
1.564115473790000124e+02,2.886582165956497155e-06,3.389528393745422331e-05,-1.668211817741394425e-05
1.565331921970000053e+02,2.667392790317535679e-06,3.792257606983185199e-05,-1.881411522626877283e-05
1.565535470199999963e+02,5.300474166870117136e-06,3.594596385955810801e-05,-2.035755515098572343e-05
1.566748566210000035e+02,2.676295861601829850e-06,3.442978560924529909e-05,-1.825978159904480288e-05
1.566954447569999900e+02,-5.799598060548306108e-07,3.542943000793456965e-05,-2.329353243112564575e-05
1.568175010950000114e+02,4.244546219706535410e-06,3.537221252918243728e-05,-1.956038922071457332e-05
1.568379963250000060e+02,1.551834959536791019e-06,3.827568292617797882e-05,-2.319966256618500124e-05
1.569591079159999936e+02,1.710499078035354746e-06,3.614431917667389242e-05,-1.870217174291611065e-05
1.569793614349999871e+02,1.830516383051872421e-06,3.638003170490265384e-05,-1.610512882471085009e-05
1.571009104480000076e+02,3.765909373760223749e-06,3.637246191501617527e-05,-1.807080060243606963e-05
1.571209834569999941e+02,2.403337508440017985e-06,3.433351814746856665e-05,-1.825092881917953760e-05
1.572433754120000060e+02,3.707618638873100319e-06,3.570423424243927021e-05,-1.872181743383408105e-05
1.572637393359999862e+02,4.731713980436325565e-06,3.445512652397155824e-05,-2.144530266523361691e-05
1.573851844440000036e+02,2.778718993067741397e-06,3.646705150604248152e-05,-1.798880249261856505e-05
1.574054459630000053e+02,3.375713154673576478e-06,3.569665253162383956e-05,-1.474413126707077556e-05
1.575267461630000128e+02,4.156247526407242366e-06,3.478502333164215334e-05,-1.915882378816605123e-05
1.575468145719999882e+02,2.764122933149337841e-06,3.236259818077087338e-05,-1.734199821949005402e-05
1.576683810860000108e+02,3.501067310571670615e-06,3.564075529575348272e-05,-1.737803965806961591e-05
1.576887433100000067e+02,5.545581132173538054e-06,3.908825218677520856e-05,-1.718081980943680226e-05
1.578103691270000013e+02,2.291167899966240020e-06,3.520709276199340945e-05,-1.605763435363769871e-05
1.578308658569999920e+02,1.150053646415471986e-06,3.536154329776764393e-05,-2.024426907300949378e-05
1.579520212500000014e+02,2.079248428344726583e-06,3.548829257488250998e-05,-2.049898505210876934e-05
1.579721180610000033e+02,1.886383444070816117e-06,3.692831993103027266e-05,-2.013532072305679869e-05
1.580944202119999886e+02,1.797369495034217935e-06,3.671683073043823453e-05,-2.085521817207337009e-05
1.581147526340000127e+02,5.816925317049026679e-06,3.541422188282013125e-05,-1.974118351936340849e-05
1.582372189929999990e+02,4.466873407363891442e-06,3.657148778438568392e-05,-1.848263889551162996e-05
1.582575378150000063e+02,2.694162353873252949e-06,3.155408799648285205e-05,-1.719766557216644679e-05
1.583796999580000033e+02,4.107774049043655303e-06,3.650514185428619475e-05,-1.852295398712158522e-05
1.584001307860000054e+02,3.858609125018120320e-06,3.597847223281860440e-05,-2.076131552457809718e-05
1.585214715879999972e+02,2.683655917644500907e-06,3.582326173782348472e-05,-1.960906386375427596e-05
1.585419513180000024e+02,2.261119335889816353e-06,3.706437945365906225e-05,-2.163045704364777180e-05
1.586637340430000052e+02,2.201389148831367735e-06,3.697465956211090274e-05,-1.982290744781494733e-05
