3.820199999999999779e-05,0.000000000000000000e+00,0.000000000000000000e+00,0.000000000000000000e+00,0.000000000000000000e+00
6.020299999999999941e-05,0.000000000000000000e+00,0.000000000000000000e+00,0.000000000000000000e+00,0.000000000000000000e+00
8.862684099999999787e-02,0.000000000000000000e+00,0.000000000000000000e+00,0.000000000000000000e+00,0.000000000000000000e+00
1.920381230000000050e-01,0.000000000000000000e+00,0.000000000000000000e+00,0.000000000000000000e+00,0.000000000000000000e+00
2.909638800000000081e-01,0.000000000000000000e+00,0.000000000000000000e+00,0.000000000000000000e+00,0.000000000000000000e+00
3.925013669999999899e-01,0.000000000000000000e+00,0.000000000000000000e+00,0.000000000000000000e+00,0.000000000000000000e+00
4.935970330000000184e-01,0.000000000000000000e+00,0.000000000000000000e+00,0.000000000000000000e+00,0.000000000000000000e+00
5.949931139999999896e-01,0.000000000000000000e+00,0.000000000000000000e+00,0.000000000000000000e+00,0.000000000000000000e+00
6.962664880000000167e-01,0.000000000000000000e+00,0.000000000000000000e+00,0.000000000000000000e+00,0.000000000000000000e+00
7.991296420000000289e-01,0.000000000000000000e+00,0.000000000000000000e+00,0.000000000000000000e+00,0.000000000000000000e+00
8.990807509999999558e-01,0.000000000000000000e+00,0.000000000000000000e+00,0.000000000000000000e+00,0.000000000000000000e+00
1.000454930000000076e+00,0.000000000000000000e+00,0.000000000000000000e+00,0.000000000000000000e+00,0.000000000000000000e+00
1.101636000000000060e+00,0.000000000000000000e+00,0.000000000000000000e+00,0.000000000000000000e+00,0.000000000000000000e+00
1.217713816000000060e+00,0.000000000000000000e+00,0.000000000000000000e+00,0.000000000000000000e+00,0.000000000000000000e+00
1.316433463000000081e+00,0.000000000000000000e+00,0.000000000000000000e+00,0.000000000000000000e+00,0.000000000000000000e+00
1.416793192000000090e+00,0.000000000000000000e+00,0.000000000000000000e+00,0.000000000000000000e+00,0.000000000000000000e+00
1.518541190000000096e+00,0.000000000000000000e+00,0.000000000000000000e+00,0.000000000000000000e+00,0.000000000000000000e+00
1.619331840000000078e+00,0.000000000000000000e+00,0.000000000000000000e+00,0.000000000000000000e+00,0.000000000000000000e+00
1.720298899000000103e+00,0.000000000000000000e+00,0.000000000000000000e+00,0.000000000000000000e+00,0.000000000000000000e+00
1.821361062999999891e+00,0.000000000000000000e+00,0.000000000000000000e+00,0.000000000000000000e+00,0.000000000000000000e+00
1.921904000999999917e+00,0.000000000000000000e+00,0.000000000000000000e+00,0.000000000000000000e+00,0.000000000000000000e+00
2.023752804999999988e+00,0.000000000000000000e+00,0.000000000000000000e+00,0.000000000000000000e+00,0.000000000000000000e+00
2.125115584000000002e+00,0.000000000000000000e+00,0.000000000000000000e+00,0.000000000000000000e+00,0.000000000000000000e+00
2.227528115000000142e+00,0.000000000000000000e+00,0.000000000000000000e+00,0.000000000000000000e+00,0.000000000000000000e+00
2.332371168999999966e+00,0.000000000000000000e+00,0.000000000000000000e+00,0.000000000000000000e+00,0.000000000000000000e+00
2.429343428000000138e+00,0.000000000000000000e+00,0.000000000000000000e+00,0.000000000000000000e+00,0.000000000000000000e+00
2.530866014999999969e+00,0.000000000000000000e+00,0.000000000000000000e+00,0.000000000000000000e+00,0.000000000000000000e+00
2.633743770000000151e+00,0.000000000000000000e+00,0.000000000000000000e+00,0.000000000000000000e+00,0.000000000000000000e+00
2.735137749999999812e+00,0.000000000000000000e+00,0.000000000000000000e+00,0.000000000000000000e+00,0.000000000000000000e+00
2.836506829000000174e+00,0.000000000000000000e+00,0.000000000000000000e+00,0.000000000000000000e+00,0.000000000000000000e+00
2.936924261000000147e+00,0.000000000000000000e+00,0.000000000000000000e+00,0.000000000000000000e+00,0.000000000000000000e+00
3.039002576000000122e+00,0.000000000000000000e+00,0.000000000000000000e+00,0.000000000000000000e+00,0.000000000000000000e+00
3.139622817999999871e+00,0.000000000000000000e+00,0.000000000000000000e+00,0.000000000000000000e+00,0.000000000000000000e+00
3.241539925000000100e+00,0.000000000000000000e+00,0.000000000000000000e+00,0.000000000000000000e+00,0.000000000000000000e+00
3.342400277999999947e+00,0.000000000000000000e+00,0.000000000000000000e+00,0.000000000000000000e+00,0.000000000000000000e+00
3.713965196000000191e+00,0.000000000000000000e+00,0.000000000000000000e+00,0.000000000000000000e+00,0.000000000000000000e+00
3.724098704000000204e+00,0.000000000000000000e+00,0.000000000000000000e+00,0.000000000000000000e+00,0.000000000000000000e+00
3.735030051999999934e+00,0.000000000000000000e+00,0.000000000000000000e+00,0.000000000000000000e+00,0.000000000000000000e+00
3.748157309999999853e+00,0.000000000000000000e+00,0.000000000000000000e+00,0.000000000000000000e+00,0.000000000000000000e+00
3.849444484999999805e+00,0.000000000000000000e+00,0.000000000000000000e+00,0.000000000000000000e+00,0.000000000000000000e+00
3.950500148000000156e+00,0.000000000000000000e+00,0.000000000000000000e+00,0.000000000000000000e+00,0.000000000000000000e+00
4.051415105000000239e+00,0.000000000000000000e+00,0.000000000000000000e+00,0.000000000000000000e+00,0.000000000000000000e+00
4.152842386999999746e+00,0.000000000000000000e+00,0.000000000000000000e+00,0.000000000000000000e+00,0.000000000000000000e+00
4.255997555999999626e+00,0.000000000000000000e+00,0.000000000000000000e+00,0.000000000000000000e+00,0.000000000000000000e+00
4.355606146999999595e+00,0.000000000000000000e+00,0.000000000000000000e+00,0.000000000000000000e+00,0.000000000000000000e+00
4.456920024000000424e+00,0.000000000000000000e+00,0.000000000000000000e+00,0.000000000000000000e+00,0.000000000000000000e+00
4.557243651000000284e+00,0.000000000000000000e+00,0.000000000000000000e+00,0.000000000000000000e+00,0.000000000000000000e+00
4.659232960999999840e+00,0.000000000000000000e+00,0.000000000000000000e+00,0.000000000000000000e+00,0.000000000000000000e+00
4.761507786000000131e+00,0.000000000000000000e+00,0.000000000000000000e+00,0.000000000000000000e+00,0.000000000000000000e+00
4.861642902999999905e+00,0.000000000000000000e+00,0.000000000000000000e+00,0.000000000000000000e+00,0.000000000000000000e+00
4.966740169000000371e+00,0.000000000000000000e+00,0.000000000000000000e+00,0.000000000000000000e+00,0.000000000000000000e+00
5.070025045000000397e+00,0.000000000000000000e+00,0.000000000000000000e+00,0.000000000000000000e+00,0.000000000000000000e+00
5.167606334000000246e+00,0.000000000000000000e+00,0.000000000000000000e+00,0.000000000000000000e+00,0.000000000000000000e+00
5.269111320000000376e+00,0.000000000000000000e+00,0.000000000000000000e+00,0.000000000000000000e+00,0.000000000000000000e+00
5.370820117000000060e+00,0.000000000000000000e+00,0.000000000000000000e+00,0.000000000000000000e+00,0.000000000000000000e+00
5.471317252000000408e+00,0.000000000000000000e+00,0.000000000000000000e+00,0.000000000000000000e+00,0.000000000000000000e+00
5.573051849999999696e+00,0.000000000000000000e+00,0.000000000000000000e+00,0.000000000000000000e+00,0.000000000000000000e+00
5.674064010999999574e+00,0.000000000000000000e+00,0.000000000000000000e+00,0.000000000000000000e+00,0.000000000000000000e+00
5.775457192000000184e+00,0.000000000000000000e+00,0.000000000000000000e+00,0.000000000000000000e+00,0.000000000000000000e+00
5.876717765999999621e+00,0.000000000000000000e+00,0.000000000000000000e+00,0.000000000000000000e+00,0.000000000000000000e+00
5.977656123000000044e+00,0.000000000000000000e+00,0.000000000000000000e+00,0.000000000000000000e+00,0.000000000000000000e+00
6.079275615000000244e+00,0.000000000000000000e+00,0.000000000000000000e+00,0.000000000000000000e+00,0.000000000000000000e+00
6.180349080000000050e+00,0.000000000000000000e+00,0.000000000000000000e+00,0.000000000000000000e+00,0.000000000000000000e+00
6.283122429999999703e+00,0.000000000000000000e+00,0.000000000000000000e+00,0.000000000000000000e+00,0.000000000000000000e+00
6.382929531000000267e+00,0.000000000000000000e+00,0.000000000000000000e+00,0.000000000000000000e+00,0.000000000000000000e+00
6.484175404000000142e+00,0.000000000000000000e+00,0.000000000000000000e+00,0.000000000000000000e+00,0.000000000000000000e+00
6.585429376999999640e+00,0.000000000000000000e+00,0.000000000000000000e+00,0.000000000000000000e+00,0.000000000000000000e+00
6.686723853000000162e+00,0.000000000000000000e+00,0.000000000000000000e+00,0.000000000000000000e+00,0.000000000000000000e+00
6.789554404999999626e+00,0.000000000000000000e+00,0.000000000000000000e+00,0.000000000000000000e+00,0.000000000000000000e+00
6.890244451000000048e+00,0.000000000000000000e+00,0.000000000000000000e+00,0.000000000000000000e+00,0.000000000000000000e+00
6.991427320999999750e+00,0.000000000000000000e+00,0.000000000000000000e+00,0.000000000000000000e+00,0.000000000000000000e+00
7.093000009999999911e+00,0.000000000000000000e+00,0.000000000000000000e+00,0.000000000000000000e+00,0.000000000000000000e+00
7.194546862000000154e+00,0.000000000000000000e+00,0.000000000000000000e+00,0.000000000000000000e+00,0.000000000000000000e+00
7.296618043999999692e+00,0.000000000000000000e+00,0.000000000000000000e+00,0.000000000000000000e+00,0.000000000000000000e+00
7.396838222999999601e+00,0.000000000000000000e+00,0.000000000000000000e+00,0.000000000000000000e+00,0.000000000000000000e+00
7.498706694000000006e+00,0.000000000000000000e+00,0.000000000000000000e+00,0.000000000000000000e+00,0.000000000000000000e+00
7.599434801000000128e+00,0.000000000000000000e+00,0.000000000000000000e+00,0.000000000000000000e+00,0.000000000000000000e+00
7.702394031999999946e+00,0.000000000000000000e+00,0.000000000000000000e+00,0.000000000000000000e+00,0.000000000000000000e+00
7.803135939999999771e+00,0.000000000000000000e+00,0.000000000000000000e+00,0.000000000000000000e+00,0.000000000000000000e+00
7.904516484000000176e+00,0.000000000000000000e+00,0.000000000000000000e+00,0.000000000000000000e+00,0.000000000000000000e+00
8.005208388999999869e+00,0.000000000000000000e+00,0.000000000000000000e+00,0.000000000000000000e+00,0.000000000000000000e+00
8.107253869999999196e+00,0.000000000000000000e+00,0.000000000000000000e+00,0.000000000000000000e+00,0.000000000000000000e+00
8.207957375999999527e+00,0.000000000000000000e+00,0.000000000000000000e+00,0.000000000000000000e+00,0.000000000000000000e+00
8.311217724000000473e+00,0.000000000000000000e+00,0.000000000000000000e+00,0.000000000000000000e+00,0.000000000000000000e+00
8.411990334000000402e+00,1.520000000000000000e+02,1.500000000000000000e+02,1.520000000000000000e+02,1.500000000000000000e+02
8.511910196000000539e+00,1.520000000000000000e+02,1.500000000000000000e+02,1.520000000000000000e+02,1.500000000000000000e+02
8.614004079000000758e+00,1.520000000000000000e+02,1.500000000000000000e+02,1.520000000000000000e+02,1.500000000000000000e+02
8.714729785999999478e+00,1.520000000000000000e+02,1.500000000000000000e+02,1.520000000000000000e+02,1.500000000000000000e+02
8.816386444999999128e+00,1.520000000000000000e+02,1.500000000000000000e+02,1.520000000000000000e+02,1.500000000000000000e+02
8.917559776999999244e+00,1.520000000000000000e+02,1.500000000000000000e+02,1.520000000000000000e+02,1.500000000000000000e+02
9.018550699000000392e+00,1.520000000000000000e+02,1.500000000000000000e+02,1.520000000000000000e+02,1.500000000000000000e+02
9.120204958000000417e+00,1.520000000000000000e+02,1.500000000000000000e+02,1.520000000000000000e+02,1.500000000000000000e+02
9.221277184999999932e+00,1.520000000000000000e+02,1.500000000000000000e+02,1.520000000000000000e+02,1.500000000000000000e+02
9.323801292000000629e+00,1.520000000000000000e+02,1.500000000000000000e+02,1.520000000000000000e+02,1.500000000000000000e+02
9.424118776000000253e+00,1.520000000000000000e+02,1.500000000000000000e+02,1.520000000000000000e+02,1.500000000000000000e+02
9.525190502999999254e+00,1.840000000000000000e+02,1.500000000000000000e+02,1.840000000000000000e+02,1.500000000000000000e+02
9.627157279000000401e+00,2.140000000000000000e+02,1.530000000000000000e+02,2.160000000000000000e+02,1.500000000000000000e+02
9.727835582999999176e+00,2.130000000000000000e+02,1.860000000000000000e+02,2.490000000000000000e+02,1.500000000000000000e+02
9.829335333999999591e+00,2.350000000000000000e+02,2.240000000000000000e+02,2.670000000000000000e+02,1.500000000000000000e+02
9.930548568000000742e+00,2.550000000000000000e+02,2.430000000000000000e+02,2.870000000000000000e+02,1.690000000000000000e+02
1.003141028199999951e+01,2.790000000000000000e+02,2.670000000000000000e+02,3.120000000000000000e+02,1.920000000000000000e+02
1.013280012699999943e+01,3.020000000000000000e+02,2.900000000000000000e+02,3.360000000000000000e+02,2.130000000000000000e+02
1.023396155800000074e+01,3.300000000000000000e+02,3.160000000000000000e+02,3.690000000000000000e+02,2.330000000000000000e+02
1.033872528999999929e+01,3.580000000000000000e+02,3.420000000000000000e+02,4.040000000000000000e+02,2.510000000000000000e+02
1.043715856899999928e+01,3.900000000000000000e+02,3.760000000000000000e+02,4.420000000000000000e+02,2.760000000000000000e+02
1.053917214800000046e+01,4.190000000000000000e+02,4.090000000000000000e+02,4.790000000000000000e+02,3.000000000000000000e+02
1.064003996299999955e+01,4.550000000000000000e+02,4.430000000000000000e+02,5.210000000000000000e+02,3.250000000000000000e+02
1.074068326599999956e+01,4.900000000000000000e+02,4.760000000000000000e+02,5.630000000000000000e+02,3.490000000000000000e+02
1.084215131400000054e+01,5.290000000000000000e+02,5.150000000000000000e+02,6.090000000000000000e+02,3.790000000000000000e+02
1.094364316399999915e+01,5.670000000000000000e+02,5.520000000000000000e+02,6.550000000000000000e+02,4.070000000000000000e+02
1.104442707399999968e+01,6.110000000000000000e+02,5.970000000000000000e+02,7.040000000000000000e+02,4.440000000000000000e+02
1.114610063399999973e+01,6.530000000000000000e+02,6.390000000000000000e+02,7.530000000000000000e+02,4.780000000000000000e+02
1.124693204699999960e+01,7.000000000000000000e+02,6.870000000000000000e+02,8.070000000000000000e+02,5.170000000000000000e+02
1.134953545900000016e+01,7.410000000000000000e+02,7.290000000000000000e+02,8.550000000000000000e+02,5.500000000000000000e+02
1.144958312800000044e+01,7.530000000000000000e+02,7.420000000000000000e+02,8.740000000000000000e+02,5.540000000000000000e+02
1.155071415799999990e+01,7.670000000000000000e+02,7.550000000000000000e+02,8.950000000000000000e+02,5.580000000000000000e+02
1.165237971800000061e+01,7.790000000000000000e+02,7.670000000000000000e+02,9.130000000000000000e+02,5.600000000000000000e+02
1.175343434300000034e+01,7.890000000000000000e+02,7.770000000000000000e+02,9.290000000000000000e+02,5.630000000000000000e+02
1.185478488500000083e+01,8.000000000000000000e+02,7.880000000000000000e+02,9.450000000000000000e+02,5.670000000000000000e+02
1.195615582799999999e+01,8.100000000000000000e+02,8.000000000000000000e+02,9.600000000000000000e+02,5.720000000000000000e+02
1.205721125400000027e+01,8.190000000000000000e+02,8.110000000000000000e+02,9.730000000000000000e+02,5.770000000000000000e+02
1.215886651199999946e+01,8.380000000000000000e+02,8.110000000000000000e+02,9.760000000000000000e+02,5.930000000000000000e+02
1.225983833299999937e+01,8.470000000000000000e+02,8.070000000000000000e+02,9.800000000000000000e+02,5.900000000000000000e+02
1.236365911300000064e+01,8.700000000000000000e+02,8.010000000000000000e+02,9.800000000000000000e+02,6.060000000000000000e+02
1.246236720699999978e+01,9.070000000000000000e+02,7.940000000000000000e+02,9.790000000000000000e+02,6.350000000000000000e+02
1.256347513599999921e+01,9.410000000000000000e+02,7.690000000000000000e+02,9.740000000000000000e+02,6.780000000000000000e+02
1.266522870000000012e+01,9.280000000000000000e+02,7.130000000000000000e+02,9.780000000000000000e+02,7.640000000000000000e+02
1.276727128099999931e+01,8.920000000000000000e+02,7.000000000000000000e+02,1.000000000000000000e+03,8.860000000000000000e+02
1.286802148900000020e+01,8.990000000000000000e+02,7.390000000000000000e+02,1.000000000000000000e+03,8.900000000000000000e+02
1.296943003400000016e+01,8.960000000000000000e+02,7.580000000000000000e+02,1.000000000000000000e+03,8.630000000000000000e+02
1.307074077400000078e+01,9.000000000000000000e+02,7.680000000000000000e+02,1.000000000000000000e+03,8.470000000000000000e+02
1.317169779399999996e+01,9.130000000000000000e+02,7.750000000000000000e+02,1.000000000000000000e+03,8.450000000000000000e+02
1.327278422100000022e+01,9.290000000000000000e+02,7.860000000000000000e+02,1.000000000000000000e+03,8.440000000000000000e+02
1.337477119899999956e+01,9.460000000000000000e+02,8.010000000000000000e+02,1.000000000000000000e+03,8.430000000000000000e+02
1.347683778000000032e+01,9.610000000000000000e+02,8.150000000000000000e+02,1.000000000000000000e+03,8.410000000000000000e+02
1.357824382499999949e+01,9.790000000000000000e+02,8.300000000000000000e+02,1.000000000000000000e+03,8.410000000000000000e+02
1.367904233700000027e+01,9.600000000000000000e+02,8.150000000000000000e+02,9.680000000000000000e+02,8.070000000000000000e+02
1.378049648400000038e+01,9.310000000000000000e+02,7.930000000000000000e+02,9.240000000000000000e+02,7.740000000000000000e+02
1.388119539000000024e+01,9.040000000000000000e+02,7.740000000000000000e+02,8.890000000000000000e+02,7.440000000000000000e+02
1.398278274499999974e+01,8.980000000000000000e+02,7.700000000000000000e+02,8.780000000000000000e+02,7.340000000000000000e+02
1.408374816499999937e+01,8.950000000000000000e+02,7.680000000000000000e+02,8.740000000000000000e+02,7.280000000000000000e+02
1.418498370100000017e+01,9.000000000000000000e+02,7.700000000000000000e+02,8.770000000000000000e+02,7.320000000000000000e+02
1.428588641800000048e+01,9.040000000000000000e+02,7.740000000000000000e+02,8.850000000000000000e+02,7.380000000000000000e+02
1.438854513299999915e+01,1.000000000000000000e+03,8.530000000000000000e+02,9.840000000000000000e+02,8.240000000000000000e+02
1.448839939099999974e+01,9.830000000000000000e+02,8.310000000000000000e+02,9.690000000000000000e+02,8.090000000000000000e+02
1.459023146000000004e+01,9.550000000000000000e+02,8.090000000000000000e+02,9.400000000000000000e+02,7.890000000000000000e+02
1.469108887500000016e+01,9.340000000000000000e+02,7.940000000000000000e+02,9.230000000000000000e+02,7.780000000000000000e+02
1.479276673500000072e+01,9.200000000000000000e+02,7.840000000000000000e+02,9.160000000000000000e+02,7.740000000000000000e+02
1.489423718299999955e+01,9.110000000000000000e+02,7.760000000000000000e+02,9.130000000000000000e+02,7.740000000000000000e+02
1.499761893800000045e+01,9.110000000000000000e+02,7.750000000000000000e+02,9.130000000000000000e+02,7.730000000000000000e+02
1.509949120899999997e+01,9.040000000000000000e+02,7.710000000000000000e+02,9.140000000000000000e+02,7.650000000000000000e+02
1.520074975300000020e+01,9.060000000000000000e+02,7.690000000000000000e+02,9.110000000000000000e+02,7.720000000000000000e+02
1.530126395499999958e+01,9.110000000000000000e+02,7.720000000000000000e+02,9.140000000000000000e+02,7.760000000000000000e+02
1.540391367600000017e+01,9.160000000000000000e+02,7.770000000000000000e+02,9.170000000000000000e+02,7.800000000000000000e+02
1.550395485199999968e+01,9.210000000000000000e+02,7.830000000000000000e+02,9.220000000000000000e+02,7.810000000000000000e+02
1.560492518000000040e+01,9.250000000000000000e+02,7.870000000000000000e+02,9.270000000000000000e+02,7.800000000000000000e+02
1.570641623699999911e+01,9.290000000000000000e+02,7.900000000000000000e+02,9.310000000000000000e+02,7.830000000000000000e+02
1.580929077000000049e+01,9.310000000000000000e+02,7.920000000000000000e+02,9.330000000000000000e+02,7.850000000000000000e+02
1.590918893799999978e+01,9.310000000000000000e+02,7.920000000000000000e+02,9.330000000000000000e+02,7.850000000000000000e+02
1.601116892199999953e+01,9.960000000000000000e+02,8.460000000000000000e+02,9.990000000000000000e+02,8.390000000000000000e+02
1.611202714399999891e+01,9.950000000000000000e+02,8.450000000000000000e+02,9.990000000000000000e+02,8.370000000000000000e+02
1.621314118000000093e+01,9.790000000000000000e+02,8.320000000000000000e+02,9.710000000000000000e+02,8.100000000000000000e+02
1.631445912699999923e+01,9.480000000000000000e+02,8.080000000000000000e+02,9.500000000000000000e+02,7.950000000000000000e+02
1.641699524199999871e+01,9.220000000000000000e+02,7.830000000000000000e+02,9.450000000000000000e+02,7.970000000000000000e+02
1.653917725100000169e+01,9.080000000000000000e+02,7.700000000000000000e+02,9.360000000000000000e+02,7.920000000000000000e+02
1.663522390500000014e+01,9.010000000000000000e+02,7.650000000000000000e+02,9.230000000000000000e+02,7.810000000000000000e+02
1.673453943999999893e+01,8.980000000000000000e+02,7.640000000000000000e+02,9.140000000000000000e+02,7.720000000000000000e+02
1.683488743299999868e+01,9.010000000000000000e+02,7.670000000000000000e+02,9.130000000000000000e+02,7.670000000000000000e+02
1.693457168899999843e+01,9.070000000000000000e+02,7.730000000000000000e+02,9.170000000000000000e+02,7.690000000000000000e+02
1.703604734500000006e+01,9.150000000000000000e+02,7.790000000000000000e+02,9.220000000000000000e+02,7.730000000000000000e+02
1.713641143899999975e+01,9.190000000000000000e+02,7.810000000000000000e+02,9.210000000000000000e+02,7.740000000000000000e+02
1.723703684699999883e+01,9.200000000000000000e+02,7.840000000000000000e+02,9.210000000000000000e+02,7.740000000000000000e+02
1.733811168100000089e+01,9.170000000000000000e+02,7.860000000000000000e+02,9.170000000000000000e+02,7.740000000000000000e+02
1.744089660999999936e+01,9.170000000000000000e+02,7.820000000000000000e+02,9.160000000000000000e+02,7.690000000000000000e+02
1.754000643399999859e+01,9.980000000000000000e+02,8.610000000000000000e+02,9.970000000000000000e+02,8.490000000000000000e+02
1.764133698199999856e+01,9.970000000000000000e+02,8.440000000000000000e+02,9.970000000000000000e+02,8.330000000000000000e+02
1.774278963600000125e+01,9.920000000000000000e+02,8.380000000000000000e+02,9.930000000000000000e+02,8.300000000000000000e+02
1.784402277799999936e+01,9.480000000000000000e+02,8.010000000000000000e+02,9.510000000000000000e+02,7.940000000000000000e+02
1.794582745299999971e+01,9.180000000000000000e+02,7.820000000000000000e+02,9.220000000000000000e+02,7.780000000000000000e+02
1.804674587699999933e+01,9.070000000000000000e+02,7.750000000000000000e+02,9.100000000000000000e+02,7.720000000000000000e+02
1.814755419600000153e+01,9.050000000000000000e+02,7.740000000000000000e+02,9.080000000000000000e+02,7.690000000000000000e+02
1.824904305300000118e+01,9.110000000000000000e+02,7.760000000000000000e+02,9.130000000000000000e+02,7.700000000000000000e+02
1.835014538800000139e+01,9.150000000000000000e+02,7.780000000000000000e+02,9.180000000000000000e+02,7.730000000000000000e+02
1.845329433699999910e+01,9.140000000000000000e+02,7.800000000000000000e+02,9.210000000000000000e+02,7.710000000000000000e+02
1.855272417899999837e+01,9.080000000000000000e+02,7.730000000000000000e+02,9.140000000000000000e+02,7.660000000000000000e+02
1.865434494300000168e+01,9.130000000000000000e+02,7.750000000000000000e+02,9.140000000000000000e+02,7.730000000000000000e+02
1.875545847800000132e+01,8.940000000000000000e+02,7.630000000000000000e+02,9.140000000000000000e+02,7.420000000000000000e+02
1.885722775099999993e+01,8.860000000000000000e+02,7.520000000000000000e+02,8.910000000000000000e+02,7.570000000000000000e+02
1.895801186799999982e+01,8.970000000000000000e+02,7.580000000000000000e+02,8.910000000000000000e+02,7.680000000000000000e+02
1.906004735499999825e+01,9.100000000000000000e+02,7.710000000000000000e+02,9.020000000000000000e+02,7.710000000000000000e+02
1.916178362500000176e+01,1.000000000000000000e+03,8.570000000000000000e+02,9.920000000000000000e+02,8.470000000000000000e+02
1.926312817399999844e+01,1.000000000000000000e+03,8.440000000000000000e+02,9.850000000000000000e+02,8.370000000000000000e+02
1.936348436700000164e+01,9.990000000000000000e+02,8.490000000000000000e+02,9.930000000000000000e+02,8.260000000000000000e+02
1.946783488299999831e+01,9.900000000000000000e+02,8.470000000000000000e+02,9.920000000000000000e+02,8.200000000000000000e+02
1.956690860499999829e+01,9.500000000000000000e+02,8.120000000000000000e+02,9.560000000000000000e+02,7.930000000000000000e+02
1.966830875699999837e+01,9.300000000000000000e+02,7.970000000000000000e+02,9.430000000000000000e+02,7.870000000000000000e+02
1.981550776099999922e+01,9.180000000000000000e+02,7.820000000000000000e+02,9.290000000000000000e+02,7.830000000000000000e+02
1.987047022499999827e+01,9.110000000000000000e+02,7.770000000000000000e+02,9.260000000000000000e+02,7.770000000000000000e+02
1.997140535000000128e+01,9.110000000000000000e+02,7.750000000000000000e+02,9.290000000000000000e+02,7.770000000000000000e+02
2.007350524099999944e+01,9.130000000000000000e+02,7.760000000000000000e+02,9.320000000000000000e+02,7.810000000000000000e+02
2.017466287899999955e+01,9.170000000000000000e+02,7.800000000000000000e+02,9.360000000000000000e+02,7.870000000000000000e+02
2.027575361399999920e+01,9.180000000000000000e+02,7.810000000000000000e+02,9.360000000000000000e+02,7.880000000000000000e+02
2.037702615799999961e+01,9.200000000000000000e+02,7.810000000000000000e+02,9.350000000000000000e+02,7.890000000000000000e+02
2.048008410199999929e+01,9.230000000000000000e+02,7.820000000000000000e+02,9.340000000000000000e+02,7.880000000000000000e+02
2.057953814500000078e+01,9.250000000000000000e+02,7.830000000000000000e+02,9.340000000000000000e+02,7.880000000000000000e+02
2.068069148300000037e+01,9.290000000000000000e+02,7.870000000000000000e+02,9.390000000000000000e+02,7.910000000000000000e+02
2.078223264300000039e+01,9.930000000000000000e+02,8.460000000000000000e+02,1.000000000000000000e+03,8.430000000000000000e+02
2.088334717800000107e+01,9.910000000000000000e+02,8.450000000000000000e+02,9.980000000000000000e+02,8.300000000000000000e+02
2.098460582199999891e+01,9.850000000000000000e+02,8.380000000000000000e+02,9.850000000000000000e+02,8.270000000000000000e+02
2.108599817300000012e+01,9.420000000000000000e+02,7.980000000000000000e+02,9.330000000000000000e+02,7.890000000000000000e+02
2.118697490099999925e+01,9.180000000000000000e+02,7.790000000000000000e+02,9.050000000000000000e+02,7.680000000000000000e+02
2.128839795400000057e+01,9.110000000000000000e+02,7.780000000000000000e+02,9.010000000000000000e+02,7.620000000000000000e+02
2.138978510500000141e+01,9.100000000000000000e+02,7.780000000000000000e+02,9.020000000000000000e+02,7.590000000000000000e+02
2.149135276599999855e+01,9.110000000000000000e+02,7.770000000000000000e+02,9.040000000000000000e+02,7.600000000000000000e+02
2.159242270000000019e+01,9.150000000000000000e+02,7.800000000000000000e+02,9.090000000000000000e+02,7.650000000000000000e+02
2.169360373900000027e+01,9.130000000000000000e+02,7.770000000000000000e+02,9.100000000000000000e+02,7.640000000000000000e+02
2.179575013199999844e+01,9.150000000000000000e+02,7.760000000000000000e+02,9.130000000000000000e+02,7.670000000000000000e+02
2.189698737499999837e+01,9.170000000000000000e+02,7.790000000000000000e+02,9.160000000000000000e+02,7.720000000000000000e+02
2.199717475899999997e+01,9.140000000000000000e+02,7.740000000000000000e+02,9.100000000000000000e+02,7.740000000000000000e+02
2.209924984799999947e+01,8.960000000000000000e+02,7.600000000000000000e+02,8.960000000000000000e+02,7.580000000000000000e+02
2.220000376400000164e+01,8.910000000000000000e+02,7.610000000000000000e+02,8.970000000000000000e+02,7.530000000000000000e+02
2.230244677399999986e+01,8.970000000000000000e+02,7.660000000000000000e+02,9.070000000000000000e+02,7.580000000000000000e+02
2.240307868200000030e+01,9.860000000000000000e+02,8.400000000000000000e+02,1.000000000000000000e+03,8.350000000000000000e+02
2.250622123100000138e+01,9.850000000000000000e+02,8.360000000000000000e+02,1.000000000000000000e+03,8.350000000000000000e+02
2.260640741499999962e+01,9.560000000000000000e+02,8.090000000000000000e+02,9.710000000000000000e+02,8.130000000000000000e+02
2.270690821699999873e+01,9.300000000000000000e+02,7.890000000000000000e+02,9.420000000000000000e+02,7.930000000000000000e+02
2.280868778900000038e+01,9.160000000000000000e+02,7.810000000000000000e+02,9.270000000000000000e+02,7.800000000000000000e+02
2.290984442699999946e+01,9.130000000000000000e+02,7.800000000000000000e+02,9.210000000000000000e+02,7.790000000000000000e+02
2.301062694499999850e+01,9.180000000000000000e+02,7.820000000000000000e+02,9.230000000000000000e+02,7.800000000000000000e+02
2.311374198400000068e+01,9.230000000000000000e+02,7.850000000000000000e+02,9.260000000000000000e+02,7.830000000000000000e+02
2.321354709199999888e+01,9.330000000000000000e+02,7.940000000000000000e+02,9.350000000000000000e+02,7.880000000000000000e+02
2.331532479999999907e+01,9.370000000000000000e+02,7.960000000000000000e+02,9.380000000000000000e+02,7.900000000000000000e+02
2.341589914700000108e+01,9.370000000000000000e+02,7.960000000000000000e+02,9.360000000000000000e+02,7.880000000000000000e+02
2.351839959200000152e+01,9.360000000000000000e+02,7.960000000000000000e+02,9.340000000000000000e+02,7.860000000000000000e+02
2.361878302899999937e+01,9.360000000000000000e+02,7.960000000000000000e+02,9.340000000000000000e+02,7.870000000000000000e+02
2.372071974500000024e+01,9.390000000000000000e+02,7.990000000000000000e+02,9.380000000000000000e+02,7.890000000000000000e+02
2.382162900899999869e+01,9.400000000000000000e+02,7.990000000000000000e+02,9.390000000000000000e+02,7.900000000000000000e+02
2.392270708199999874e+01,9.260000000000000000e+02,7.940000000000000000e+02,9.330000000000000000e+02,7.800000000000000000e+02
2.402481220700000009e+01,9.920000000000000000e+02,8.440000000000000000e+02,1.000000000000000000e+03,8.400000000000000000e+02
2.412627889899999900e+01,9.930000000000000000e+02,8.390000000000000000e+02,9.980000000000000000e+02,8.390000000000000000e+02
2.422741807499999922e+01,9.490000000000000000e+02,8.000000000000000000e+02,9.510000000000000000e+02,7.990000000000000000e+02
2.432847274599999920e+01,9.250000000000000000e+02,7.860000000000000000e+02,9.250000000000000000e+02,7.800000000000000000e+02
2.442945631299999931e+01,9.060000000000000000e+02,7.680000000000000000e+02,9.030000000000000000e+02,7.610000000000000000e+02
2.453250468699999942e+01,8.910000000000000000e+02,7.600000000000000000e+02,8.880000000000000000e+02,7.470000000000000000e+02
2.463212758499999921e+01,8.900000000000000000e+02,7.610000000000000000e+02,8.900000000000000000e+02,7.490000000000000000e+02
2.473357397599999885e+01,8.980000000000000000e+02,7.670000000000000000e+02,8.990000000000000000e+02,7.550000000000000000e+02
2.483488085999999839e+01,9.090000000000000000e+02,7.770000000000000000e+02,9.120000000000000000e+02,7.660000000000000000e+02
2.493760171699999972e+01,9.190000000000000000e+02,7.840000000000000000e+02,9.260000000000000000e+02,7.780000000000000000e+02
2.503927211999999969e+01,9.280000000000000000e+02,7.910000000000000000e+02,9.370000000000000000e+02,7.880000000000000000e+02
2.514211888299999842e+01,9.330000000000000000e+02,7.940000000000000000e+02,9.450000000000000000e+02,7.950000000000000000e+02
2.524242001500000043e+01,9.360000000000000000e+02,7.960000000000000000e+02,9.490000000000000000e+02,7.980000000000000000e+02
2.534381530399999960e+01,9.410000000000000000e+02,7.990000000000000000e+02,9.520000000000000000e+02,8.010000000000000000e+02
2.544491417800000121e+01,9.440000000000000000e+02,8.020000000000000000e+02,9.550000000000000000e+02,8.030000000000000000e+02
2.554744082399999883e+01,9.440000000000000000e+02,8.020000000000000000e+02,9.540000000000000000e+02,8.020000000000000000e+02
2.564748954399999903e+01,9.370000000000000000e+02,7.960000000000000000e+02,9.460000000000000000e+02,7.960000000000000000e+02
2.574824350000000095e+01,9.320000000000000000e+02,7.930000000000000000e+02,9.400000000000000000e+02,7.920000000000000000e+02
2.584946508000000165e+01,9.250000000000000000e+02,7.860000000000000000e+02,9.300000000000000000e+02,7.840000000000000000e+02
2.595077356399999857e+01,9.220000000000000000e+02,7.840000000000000000e+02,9.270000000000000000e+02,7.800000000000000000e+02
2.605202504500000060e+01,9.250000000000000000e+02,7.880000000000000000e+02,9.290000000000000000e+02,7.820000000000000000e+02
2.615343803500000064e+01,9.310000000000000000e+02,7.920000000000000000e+02,9.340000000000000000e+02,7.850000000000000000e+02
2.625513403900000142e+01,9.360000000000000000e+02,7.970000000000000000e+02,9.400000000000000000e+02,7.900000000000000000e+02
2.635606100400000074e+01,9.370000000000000000e+02,7.980000000000000000e+02,9.400000000000000000e+02,7.900000000000000000e+02
2.645713597600000000e+01,9.380000000000000000e+02,7.980000000000000000e+02,9.410000000000000000e+02,7.910000000000000000e+02
2.656028955500000066e+01,9.390000000000000000e+02,7.970000000000000000e+02,9.400000000000000000e+02,7.910000000000000000e+02
2.665987735099999867e+01,9.390000000000000000e+02,7.980000000000000000e+02,9.400000000000000000e+02,7.910000000000000000e+02
2.676152355299999996e+01,9.330000000000000000e+02,7.960000000000000000e+02,9.370000000000000000e+02,7.880000000000000000e+02
2.686274733300000150e+01,9.310000000000000000e+02,7.930000000000000000e+02,9.330000000000000000e+02,7.870000000000000000e+02
2.696357489200000046e+01,9.300000000000000000e+02,7.910000000000000000e+02,9.330000000000000000e+02,7.860000000000000000e+02
2.706855516499999936e+01,9.300000000000000000e+02,7.920000000000000000e+02,9.330000000000000000e+02,7.860000000000000000e+02
2.716912781099999918e+01,9.300000000000000000e+02,7.920000000000000000e+02,9.340000000000000000e+02,7.850000000000000000e+02
2.726967185599999866e+01,9.300000000000000000e+02,7.900000000000000000e+02,9.320000000000000000e+02,7.850000000000000000e+02
2.737126865500000150e+01,9.310000000000000000e+02,7.920000000000000000e+02,9.330000000000000000e+02,7.860000000000000000e+02
2.747247343400000119e+01,9.250000000000000000e+02,7.880000000000000000e+02,9.280000000000000000e+02,7.810000000000000000e+02
2.757484377300000133e+01,9.200000000000000000e+02,7.820000000000000000e+02,9.240000000000000000e+02,7.770000000000000000e+02
2.767500179800000026e+01,9.250000000000000000e+02,7.860000000000000000e+02,9.280000000000000000e+02,7.810000000000000000e+02
2.777644198899999850e+01,9.010000000000000000e+02,7.710000000000000000e+02,9.070000000000000000e+02,7.650000000000000000e+02
2.787830160200000051e+01,9.020000000000000000e+02,7.640000000000000000e+02,9.060000000000000000e+02,7.620000000000000000e+02
2.797769385499999828e+01,9.100000000000000000e+02,7.710000000000000000e+02,9.120000000000000000e+02,7.690000000000000000e+02
2.807881002999999964e+01,9.220000000000000000e+02,7.820000000000000000e+02,9.230000000000000000e+02,7.780000000000000000e+02
2.818096425699999941e+01,9.310000000000000000e+02,7.910000000000000000e+02,9.330000000000000000e+02,7.840000000000000000e+02
2.828179571700000139e+01,9.400000000000000000e+02,7.990000000000000000e+02,9.430000000000000000e+02,7.920000000000000000e+02
2.838431546300000008e+01,9.440000000000000000e+02,8.030000000000000000e+02,9.480000000000000000e+02,7.950000000000000000e+02
2.848456829399999890e+01,9.470000000000000000e+02,8.050000000000000000e+02,9.520000000000000000e+02,7.970000000000000000e+02
2.858701933600000089e+01,9.470000000000000000e+02,8.070000000000000000e+02,9.520000000000000000e+02,7.990000000000000000e+02
2.868736547099999967e+01,9.430000000000000000e+02,8.040000000000000000e+02,9.490000000000000000e+02,7.990000000000000000e+02
2.878917528099999856e+01,9.400000000000000000e+02,8.000000000000000000e+02,9.450000000000000000e+02,7.960000000000000000e+02
2.888920690000000135e+01,9.370000000000000000e+02,8.000000000000000000e+02,9.430000000000000000e+02,7.950000000000000000e+02
2.899080149899999981e+01,9.360000000000000000e+02,7.980000000000000000e+02,9.420000000000000000e+02,7.940000000000000000e+02
2.909164645999999976e+01,9.360000000000000000e+02,7.960000000000000000e+02,9.420000000000000000e+02,7.920000000000000000e+02
2.919368508100000170e+01,9.320000000000000000e+02,7.940000000000000000e+02,9.390000000000000000e+02,7.910000000000000000e+02
2.929478555500000070e+01,9.300000000000000000e+02,7.940000000000000000e+02,9.370000000000000000e+02,7.910000000000000000e+02
2.939579112399999872e+01,9.320000000000000000e+02,7.950000000000000000e+02,9.380000000000000000e+02,7.910000000000000000e+02
2.949702470400000109e+01,9.330000000000000000e+02,7.950000000000000000e+02,9.390000000000000000e+02,7.900000000000000000e+02
2.959977396200000044e+01,9.330000000000000000e+02,7.950000000000000000e+02,9.390000000000000000e+02,7.900000000000000000e+02
2.969943336200000061e+01,9.340000000000000000e+02,7.950000000000000000e+02,9.410000000000000000e+02,7.930000000000000000e+02
2.980101495999999983e+01,9.330000000000000000e+02,7.920000000000000000e+02,9.370000000000000000e+02,7.890000000000000000e+02
2.990229284300000145e+01,9.310000000000000000e+02,7.920000000000000000e+02,9.350000000000000000e+02,7.880000000000000000e+02
3.000376623600000059e+01,9.320000000000000000e+02,7.920000000000000000e+02,9.360000000000000000e+02,7.880000000000000000e+02
3.010433798200000055e+01,9.340000000000000000e+02,7.910000000000000000e+02,9.380000000000000000e+02,7.870000000000000000e+02
3.020637730400000009e+01,9.330000000000000000e+02,7.920000000000000000e+02,9.370000000000000000e+02,7.870000000000000000e+02
3.030775999200000115e+01,9.400000000000000000e+02,7.980000000000000000e+02,9.400000000000000000e+02,7.920000000000000000e+02
3.040866005499999858e+01,9.410000000000000000e+02,8.010000000000000000e+02,9.410000000000000000e+02,7.910000000000000000e+02
3.051085488500000054e+01,9.250000000000000000e+02,7.960000000000000000e+02,9.270000000000000000e+02,7.850000000000000000e+02
3.061321472299999868e+01,9.150000000000000000e+02,7.810000000000000000e+02,9.180000000000000000e+02,7.730000000000000000e+02
3.071314103699999976e+01,9.160000000000000000e+02,7.780000000000000000e+02,9.200000000000000000e+02,7.720000000000000000e+02
3.081469323299999985e+01,9.270000000000000000e+02,7.840000000000000000e+02,9.290000000000000000e+02,7.790000000000000000e+02
3.091556269499999843e+01,9.300000000000000000e+02,7.870000000000000000e+02,9.330000000000000000e+02,7.820000000000000000e+02
3.101683907800000028e+01,9.310000000000000000e+02,7.900000000000000000e+02,9.360000000000000000e+02,7.840000000000000000e+02
3.111831277099999937e+01,9.360000000000000000e+02,7.940000000000000000e+02,9.390000000000000000e+02,7.890000000000000000e+02
3.121990733599999857e+01,9.380000000000000000e+02,7.980000000000000000e+02,9.410000000000000000e+02,7.930000000000000000e+02
3.132080296499999861e+01,9.380000000000000000e+02,7.980000000000000000e+02,9.410000000000000000e+02,7.940000000000000000e+02
3.142234962699999912e+01,9.370000000000000000e+02,7.980000000000000000e+02,9.420000000000000000e+02,7.930000000000000000e+02
3.152476473400000145e+01,9.400000000000000000e+02,7.980000000000000000e+02,9.450000000000000000e+02,7.910000000000000000e+02
3.162595497799999933e+01,9.400000000000000000e+02,8.000000000000000000e+02,9.450000000000000000e+02,7.940000000000000000e+02
3.172691620999999884e+01,9.390000000000000000e+02,8.010000000000000000e+02,9.450000000000000000e+02,7.960000000000000000e+02
3.182808985300000160e+01,9.370000000000000000e+02,8.010000000000000000e+02,9.430000000000000000e+02,7.960000000000000000e+02
3.192873076900000129e+01,9.370000000000000000e+02,7.990000000000000000e+02,9.440000000000000000e+02,7.960000000000000000e+02
3.203116057599999777e+01,9.360000000000000000e+02,7.990000000000000000e+02,9.430000000000000000e+02,7.960000000000000000e+02
3.213193609900000070e+01,9.350000000000000000e+02,7.980000000000000000e+02,9.430000000000000000e+02,7.950000000000000000e+02
3.223269112100000200e+01,9.350000000000000000e+02,7.970000000000000000e+02,9.430000000000000000e+02,7.940000000000000000e+02
3.233420778200000001e+01,9.290000000000000000e+02,7.900000000000000000e+02,9.360000000000000000e+02,7.870000000000000000e+02
3.243522441700000059e+01,9.250000000000000000e+02,7.870000000000000000e+02,9.310000000000000000e+02,7.840000000000000000e+02
3.253701139100000006e+01,9.040000000000000000e+02,7.830000000000000000e+02,9.150000000000000000e+02,7.760000000000000000e+02
3.263889317000000290e+01,8.980000000000000000e+02,7.660000000000000000e+02,9.060000000000000000e+02,7.660000000000000000e+02
3.273906966300000221e+01,9.060000000000000000e+02,7.660000000000000000e+02,9.100000000000000000e+02,7.670000000000000000e+02
3.284048371800000155e+01,9.170000000000000000e+02,7.740000000000000000e+02,9.180000000000000000e+02,7.710000000000000000e+02
3.294196517700000015e+01,9.280000000000000000e+02,7.840000000000000000e+02,9.270000000000000000e+02,7.770000000000000000e+02
3.304364684600000146e+01,9.350000000000000000e+02,7.940000000000000000e+02,9.360000000000000000e+02,7.840000000000000000e+02
3.314415875600000305e+01,9.430000000000000000e+02,8.010000000000000000e+02,9.440000000000000000e+02,7.910000000000000000e+02
3.329415378099999856e+01,9.470000000000000000e+02,8.050000000000000000e+02,9.490000000000000000e+02,7.960000000000000000e+02
3.334635083399999900e+01,9.490000000000000000e+02,8.070000000000000000e+02,9.510000000000000000e+02,8.000000000000000000e+02
3.351618686799999836e+01,9.580000000000000000e+02,8.100000000000000000e+02,9.570000000000000000e+02,8.030000000000000000e+02
3.354939835599999753e+01,9.560000000000000000e+02,8.130000000000000000e+02,9.560000000000000000e+02,8.030000000000000000e+02
3.365119723099999760e+01,6.000000000000000000e+02,1.000000000000000000e+03,6.080000000000000000e+02,9.870000000000000000e+02
3.375157943399999994e+01,9.880000000000000000e+02,8.010000000000000000e+02,1.000000000000000000e+03,8.040000000000000000e+02
3.385264977199999947e+01,9.840000000000000000e+02,6.880000000000000000e+02,1.000000000000000000e+03,6.940000000000000000e+02
3.395375891199999785e+01,9.850000000000000000e+02,7.370000000000000000e+02,1.000000000000000000e+03,7.420000000000000000e+02
3.405490445299999891e+01,9.860000000000000000e+02,8.090000000000000000e+02,1.000000000000000000e+03,8.110000000000000000e+02
3.415664502500000310e+01,9.870000000000000000e+02,8.570000000000000000e+02,1.000000000000000000e+03,8.560000000000000000e+02
3.425781096800000114e+01,9.880000000000000000e+02,8.900000000000000000e+02,1.000000000000000000e+03,8.880000000000000000e+02
3.435838278100000309e+01,9.900000000000000000e+02,8.940000000000000000e+02,1.000000000000000000e+03,8.890000000000000000e+02
3.446013795300000027e+01,9.920000000000000000e+02,8.700000000000000000e+02,1.000000000000000000e+03,8.630000000000000000e+02
3.456157500999999854e+01,9.920000000000000000e+02,8.510000000000000000e+02,9.990000000000000000e+02,8.410000000000000000e+02
3.466441433800000027e+01,9.930000000000000000e+02,8.480000000000000000e+02,9.980000000000000000e+02,8.360000000000000000e+02
3.476503775300000143e+01,9.940000000000000000e+02,8.570000000000000000e+02,9.980000000000000000e+02,8.450000000000000000e+02
3.486620829600000349e+01,9.930000000000000000e+02,8.720000000000000000e+02,9.960000000000000000e+02,8.530000000000000000e+02
3.496863130300000222e+01,9.960000000000000000e+02,8.690000000000000000e+02,9.950000000000000000e+02,8.490000000000000000e+02
3.507050868200000338e+01,9.970000000000000000e+02,8.760000000000000000e+02,9.960000000000000000e+02,8.610000000000000000e+02
3.517186033400000156e+01,9.950000000000000000e+02,8.890000000000000000e+02,9.980000000000000000e+02,8.790000000000000000e+02
3.527323328699999649e+01,9.910000000000000000e+02,8.610000000000000000e+02,1.000000000000000000e+03,8.540000000000000000e+02
3.537447633400000058e+01,9.880000000000000000e+02,8.320000000000000000e+02,1.000000000000000000e+03,8.230000000000000000e+02
3.547562767600000200e+01,9.680000000000000000e+02,7.990000000000000000e+02,9.830000000000000000e+02,7.900000000000000000e+02
3.557641049899999786e+01,9.230000000000000000e+02,7.960000000000000000e+02,9.360000000000000000e+02,7.900000000000000000e+02
3.567950254000000143e+01,9.020000000000000000e+02,8.200000000000000000e+02,9.160000000000000000e+02,8.140000000000000000e+02
3.577971813399999945e+01,9.080000000000000000e+02,8.350000000000000000e+02,9.220000000000000000e+02,8.300000000000000000e+02
3.588005853500000342e+01,9.170000000000000000e+02,8.490000000000000000e+02,9.320000000000000000e+02,8.410000000000000000e+02
3.598137838600000293e+01,9.270000000000000000e+02,8.490000000000000000e+02,9.410000000000000000e+02,8.420000000000000000e+02
3.608336057000000352e+01,9.300000000000000000e+02,8.480000000000000000e+02,9.410000000000000000e+02,8.430000000000000000e+02
3.618464601899999877e+01,9.440000000000000000e+02,8.440000000000000000e+02,9.560000000000000000e+02,8.380000000000000000e+02
3.628589746600000154e+01,9.600000000000000000e+02,8.510000000000000000e+02,9.710000000000000000e+02,8.440000000000000000e+02
3.638678519500000164e+01,9.910000000000000000e+02,8.670000000000000000e+02,1.000000000000000000e+03,8.580000000000000000e+02
3.648835805800000287e+01,9.920000000000000000e+02,8.750000000000000000e+02,1.000000000000000000e+03,8.660000000000000000e+02
3.658915618200000353e+01,9.780000000000000000e+02,8.750000000000000000e+02,9.870000000000000000e+02,8.650000000000000000e+02
3.669260074099999969e+01,9.820000000000000000e+02,8.590000000000000000e+02,9.910000000000000000e+02,8.510000000000000000e+02
3.679349667000000323e+01,9.910000000000000000e+02,8.600000000000000000e+02,1.000000000000000000e+03,8.530000000000000000e+02
3.689400177899999989e+01,9.780000000000000000e+02,8.500000000000000000e+02,9.840000000000000000e+02,8.450000000000000000e+02
3.699456859099999662e+01,9.940000000000000000e+02,8.490000000000000000e+02,9.990000000000000000e+02,8.410000000000000000e+02
3.709627526199999892e+01,9.940000000000000000e+02,8.570000000000000000e+02,9.990000000000000000e+02,8.470000000000000000e+02
3.719861016400000153e+01,9.790000000000000000e+02,8.480000000000000000e+02,9.840000000000000000e+02,8.400000000000000000e+02
3.729946039099999666e+01,9.710000000000000000e+02,8.350000000000000000e+02,9.750000000000000000e+02,8.290000000000000000e+02
3.740020061199999901e+01,9.530000000000000000e+02,8.230000000000000000e+02,9.540000000000000000e+02,8.180000000000000000e+02
3.750169087100000098e+01,9.550000000000000000e+02,8.150000000000000000e+02,9.550000000000000000e+02,8.070000000000000000e+02
3.760267910499999999e+01,9.550000000000000000e+02,8.120000000000000000e+02,9.560000000000000000e+02,8.030000000000000000e+02
3.770647178099999763e+01,9.500000000000000000e+02,8.120000000000000000e+02,9.540000000000000000e+02,8.020000000000000000e+02
3.780611994699999912e+01,9.480000000000000000e+02,8.080000000000000000e+02,9.540000000000000000e+02,8.030000000000000000e+02
3.790709188000000296e+01,9.430000000000000000e+02,7.950000000000000000e+02,9.490000000000000000e+02,7.950000000000000000e+02
3.800860013999999865e+01,9.430000000000000000e+02,7.960000000000000000e+02,9.480000000000000000e+02,7.950000000000000000e+02
3.810995379199999888e+01,9.470000000000000000e+02,7.960000000000000000e+02,9.520000000000000000e+02,7.930000000000000000e+02
3.821121584000000126e+01,9.450000000000000000e+02,8.000000000000000000e+02,9.500000000000000000e+02,7.960000000000000000e+02
3.831338293299999975e+01,9.460000000000000000e+02,7.970000000000000000e+02,9.510000000000000000e+02,7.920000000000000000e+02
3.841355772600000051e+01,9.460000000000000000e+02,7.950000000000000000e+02,9.500000000000000000e+02,7.900000000000000000e+02
3.851619594299999960e+01,9.450000000000000000e+02,7.950000000000000000e+02,9.500000000000000000e+02,7.900000000000000000e+02
3.861659294700000089e+01,9.360000000000000000e+02,8.000000000000000000e+02,9.420000000000000000e+02,7.940000000000000000e+02
3.871946997700000281e+01,9.360000000000000000e+02,7.930000000000000000e+02,9.420000000000000000e+02,7.890000000000000000e+02
3.881998938699999968e+01,9.380000000000000000e+02,7.920000000000000000e+02,9.430000000000000000e+02,7.880000000000000000e+02
3.892153144899999972e+01,9.390000000000000000e+02,7.970000000000000000e+02,9.420000000000000000e+02,7.930000000000000000e+02
3.902284339900000276e+01,9.430000000000000000e+02,7.980000000000000000e+02,9.470000000000000000e+02,7.910000000000000000e+02
3.912409754600000156e+01,9.460000000000000000e+02,8.000000000000000000e+02,9.510000000000000000e+02,7.920000000000000000e+02
3.922554899800000072e+01,9.470000000000000000e+02,8.030000000000000000e+02,9.520000000000000000e+02,7.950000000000000000e+02
3.932642232599999943e+01,9.440000000000000000e+02,8.040000000000000000e+02,9.490000000000000000e+02,7.980000000000000000e+02
3.942790758600000345e+01,9.390000000000000000e+02,7.990000000000000000e+02,9.430000000000000000e+02,7.940000000000000000e+02
3.952881501600000291e+01,9.370000000000000000e+02,8.000000000000000000e+02,9.410000000000000000e+02,7.950000000000000000e+02
3.962999425900000006e+01,9.360000000000000000e+02,8.000000000000000000e+02,9.390000000000000000e+02,7.940000000000000000e+02
3.973256997600000062e+01,9.320000000000000000e+02,7.990000000000000000e+02,9.360000000000000000e+02,7.930000000000000000e+02
3.983331669700000077e+01,9.300000000000000000e+02,7.970000000000000000e+02,9.340000000000000000e+02,7.900000000000000000e+02
3.993490356200000235e+01,9.310000000000000000e+02,7.980000000000000000e+02,9.350000000000000000e+02,7.910000000000000000e+02
4.003542977200000053e+01,9.300000000000000000e+02,7.980000000000000000e+02,9.360000000000000000e+02,7.910000000000000000e+02
4.013695713399999931e+01,9.300000000000000000e+02,7.960000000000000000e+02,9.350000000000000000e+02,7.910000000000000000e+02
4.023807987499999683e+01,9.290000000000000000e+02,7.940000000000000000e+02,9.340000000000000000e+02,7.890000000000000000e+02
4.033971154200000342e+01,9.280000000000000000e+02,7.950000000000000000e+02,9.340000000000000000e+02,7.900000000000000000e+02
4.044078038100000327e+01,9.300000000000000000e+02,7.960000000000000000e+02,9.370000000000000000e+02,7.900000000000000000e+02
4.054347500299999751e+01,9.310000000000000000e+02,7.890000000000000000e+02,9.370000000000000000e+02,7.850000000000000000e+02
4.064432082999999807e+01,9.250000000000000000e+02,7.930000000000000000e+02,9.310000000000000000e+02,7.870000000000000000e+02
4.074695344900000293e+01,9.240000000000000000e+02,7.940000000000000000e+02,9.300000000000000000e+02,7.890000000000000000e+02
4.084636270099999678e+01,9.270000000000000000e+02,7.950000000000000000e+02,9.330000000000000000e+02,7.910000000000000000e+02
4.094839478899999818e+01,9.250000000000000000e+02,7.910000000000000000e+02,9.310000000000000000e+02,7.870000000000000000e+02
4.104880239300000255e+01,9.290000000000000000e+02,7.900000000000000000e+02,9.340000000000000000e+02,7.870000000000000000e+02
4.115052596499999993e+01,9.310000000000000000e+02,7.940000000000000000e+02,9.370000000000000000e+02,7.890000000000000000e+02
4.125185481700000167e+01,9.350000000000000000e+02,7.970000000000000000e+02,9.410000000000000000e+02,7.910000000000000000e+02
4.135325857200000144e+01,9.350000000000000000e+02,7.970000000000000000e+02,9.410000000000000000e+02,7.930000000000000000e+02
4.145383638500000245e+01,9.350000000000000000e+02,7.940000000000000000e+02,9.380000000000000000e+02,7.920000000000000000e+02
4.155529934300000150e+01,9.340000000000000000e+02,7.940000000000000000e+02,9.370000000000000000e+02,7.900000000000000000e+02
4.165692571000000299e+01,9.320000000000000000e+02,7.940000000000000000e+02,9.350000000000000000e+02,7.880000000000000000e+02
4.175920081099999948e+01,9.320000000000000000e+02,7.930000000000000000e+02,9.350000000000000000e+02,7.860000000000000000e+02
4.185929389900000075e+01,9.310000000000000000e+02,7.920000000000000000e+02,9.340000000000000000e+02,7.850000000000000000e+02
4.195997361700000283e+01,9.240000000000000000e+02,7.870000000000000000e+02,9.260000000000000000e+02,7.800000000000000000e+02
4.206090474799999868e+01,9.210000000000000000e+02,7.830000000000000000e+02,9.240000000000000000e+02,7.760000000000000000e+02
4.216261451900000168e+01,9.240000000000000000e+02,7.830000000000000000e+02,9.280000000000000000e+02,7.770000000000000000e+02
4.226363205500000220e+01,9.310000000000000000e+02,7.870000000000000000e+02,9.330000000000000000e+02,7.820000000000000000e+02
4.236544413099999673e+01,9.350000000000000000e+02,7.920000000000000000e+02,9.370000000000000000e+02,7.870000000000000000e+02
4.246635696100000246e+01,9.400000000000000000e+02,7.980000000000000000e+02,9.420000000000000000e+02,7.920000000000000000e+02
4.256747070200000138e+01,9.420000000000000000e+02,8.000000000000000000e+02,9.450000000000000000e+02,7.940000000000000000e+02
4.266927177800000237e+01,9.400000000000000000e+02,7.980000000000000000e+02,9.440000000000000000e+02,7.920000000000000000e+02
4.277183839399999954e+01,9.360000000000000000e+02,7.970000000000000000e+02,9.410000000000000000e+02,7.910000000000000000e+02
4.287174667200000044e+01,9.340000000000000000e+02,7.960000000000000000e+02,9.400000000000000000e+02,7.910000000000000000e+02
4.297335533799999752e+01,9.320000000000000000e+02,7.940000000000000000e+02,9.380000000000000000e+02,7.890000000000000000e+02
4.307463218699999885e+01,9.310000000000000000e+02,7.830000000000000000e+02,9.360000000000000000e+02,7.780000000000000000e+02
4.317592773700000208e+01,9.230000000000000000e+02,7.870000000000000000e+02,9.280000000000000000e+02,7.830000000000000000e+02
4.327677286299999793e+01,9.230000000000000000e+02,7.910000000000000000e+02,9.280000000000000000e+02,7.860000000000000000e+02
4.338004701599999891e+01,9.260000000000000000e+02,7.930000000000000000e+02,9.300000000000000000e+02,7.880000000000000000e+02
4.347978388500000335e+01,9.300000000000000000e+02,7.950000000000000000e+02,9.360000000000000000e+02,7.890000000000000000e+02
4.358130064600000253e+01,9.330000000000000000e+02,7.950000000000000000e+02,9.400000000000000000e+02,7.900000000000000000e+02
4.368273590300000109e+01,9.350000000000000000e+02,7.960000000000000000e+02,9.410000000000000000e+02,7.930000000000000000e+02
4.378507020699999686e+01,9.340000000000000000e+02,7.970000000000000000e+02,9.420000000000000000e+02,7.910000000000000000e+02
4.388487148000000104e+01,9.310000000000000000e+02,7.940000000000000000e+02,9.400000000000000000e+02,7.880000000000000000e+02
4.398623643300000197e+01,9.300000000000000000e+02,7.890000000000000000e+02,9.360000000000000000e+02,7.890000000000000000e+02
4.408750508199999985e+01,9.320000000000000000e+02,7.890000000000000000e+02,9.340000000000000000e+02,7.890000000000000000e+02
4.418864312299999852e+01,9.270000000000000000e+02,7.980000000000000000e+02,9.310000000000000000e+02,7.910000000000000000e+02
4.428987126999999901e+01,9.310000000000000000e+02,7.940000000000000000e+02,9.340000000000000000e+02,7.870000000000000000e+02
4.439174425000000213e+01,9.340000000000000000e+02,7.900000000000000000e+02,9.350000000000000000e+02,7.840000000000000000e+02
4.449222835700000189e+01,9.390000000000000000e+02,7.930000000000000000e+02,9.390000000000000000e+02,7.870000000000000000e+02
4.459383612399999919e+01,9.390000000000000000e+02,7.960000000000000000e+02,9.390000000000000000e+02,7.870000000000000000e+02
4.469457514500000173e+01,9.380000000000000000e+02,7.940000000000000000e+02,9.360000000000000000e+02,7.870000000000000000e+02
4.479775969199999963e+01,9.350000000000000000e+02,7.950000000000000000e+02,9.360000000000000000e+02,7.860000000000000000e+02
4.489738685599999712e+01,9.360000000000000000e+02,7.980000000000000000e+02,9.390000000000000000e+02,7.880000000000000000e+02
4.500154365400000245e+01,9.330000000000000000e+02,7.970000000000000000e+02,9.390000000000000000e+02,7.870000000000000000e+02
4.510556024499999950e+01,9.320000000000000000e+02,7.950000000000000000e+02,9.390000000000000000e+02,7.880000000000000000e+02
4.520638117000000022e+01,9.300000000000000000e+02,7.930000000000000000e+02,9.390000000000000000e+02,7.900000000000000000e+02
4.530747431000000347e+01,9.320000000000000000e+02,7.880000000000000000e+02,9.390000000000000000e+02,7.880000000000000000e+02
4.540850744600000155e+01,9.290000000000000000e+02,7.890000000000000000e+02,9.360000000000000000e+02,7.870000000000000000e+02
4.550984299800000343e+01,9.270000000000000000e+02,7.930000000000000000e+02,9.370000000000000000e+02,7.890000000000000000e+02
4.561074962800000065e+01,9.260000000000000000e+02,7.920000000000000000e+02,9.360000000000000000e+02,7.890000000000000000e+02
4.571180246499999811e+01,9.270000000000000000e+02,7.930000000000000000e+02,9.380000000000000000e+02,7.910000000000000000e+02
4.581579855500000065e+01,1.000000000000000000e+03,8.420000000000000000e+02,9.100000000000000000e+02,7.880000000000000000e+02
4.591424525699999748e+01,9.540000000000000000e+02,8.780000000000000000e+02,9.660000000000000000e+02,7.220000000000000000e+02
4.601569421500000345e+01,9.330000000000000000e+02,8.570000000000000000e+02,9.880000000000000000e+02,7.530000000000000000e+02
4.611667774899999728e+01,9.380000000000000000e+02,8.250000000000000000e+02,1.000000000000000000e+03,8.090000000000000000e+02
4.621802560100000079e+01,9.520000000000000000e+02,8.080000000000000000e+02,1.000000000000000000e+03,8.480000000000000000e+02
4.631879972400000156e+01,9.770000000000000000e+02,8.090000000000000000e+02,1.000000000000000000e+03,8.720000000000000000e+02
4.642064730300000264e+01,9.900000000000000000e+02,8.010000000000000000e+02,9.730000000000000000e+02,8.610000000000000000e+02
4.652352233500000267e+01,1.000000000000000000e+03,8.190000000000000000e+02,9.620000000000000000e+02,8.420000000000000000e+02
4.662375853000000347e+01,1.000000000000000000e+03,8.370000000000000000e+02,9.550000000000000000e+02,8.210000000000000000e+02
4.672500027699999947e+01,1.000000000000000000e+03,8.510000000000000000e+02,9.570000000000000000e+02,8.100000000000000000e+02
4.682742458500000282e+01,1.000000000000000000e+03,8.510000000000000000e+02,9.540000000000000000e+02,8.080000000000000000e+02
4.692692664199999797e+01,1.000000000000000000e+03,8.470000000000000000e+02,9.490000000000000000e+02,8.080000000000000000e+02
4.702909493700000354e+01,1.000000000000000000e+03,8.470000000000000000e+02,9.470000000000000000e+02,8.080000000000000000e+02
4.713020127699999762e+01,1.000000000000000000e+03,8.450000000000000000e+02,9.440000000000000000e+02,8.080000000000000000e+02
4.723208558099999976e+01,1.000000000000000000e+03,8.430000000000000000e+02,9.410000000000000000e+02,8.070000000000000000e+02
4.733249881100000067e+01,1.000000000000000000e+03,8.410000000000000000e+02,9.380000000000000000e+02,8.080000000000000000e+02
4.743447232199999775e+01,1.000000000000000000e+03,8.390000000000000000e+02,9.350000000000000000e+02,8.060000000000000000e+02
4.753500415799999956e+01,1.000000000000000000e+03,8.400000000000000000e+02,9.340000000000000000e+02,8.060000000000000000e+02
4.763669695400000137e+01,1.000000000000000000e+03,8.430000000000000000e+02,9.370000000000000000e+02,8.060000000000000000e+02
4.773797412900000126e+01,1.000000000000000000e+03,8.400000000000000000e+02,9.350000000000000000e+02,8.080000000000000000e+02
4.783952411799999993e+01,1.000000000000000000e+03,8.680000000000000000e+02,9.660000000000000000e+02,8.050000000000000000e+02
4.794173004099999957e+01,9.830000000000000000e+02,8.560000000000000000e+02,9.820000000000000000e+02,8.030000000000000000e+02
4.804456009599999788e+01,9.530000000000000000e+02,7.920000000000000000e+02,9.280000000000000000e+02,8.020000000000000000e+02
4.814518273699999895e+01,9.590000000000000000e+02,7.800000000000000000e+02,9.060000000000000000e+02,8.060000000000000000e+02
4.824646441200000169e+01,9.830000000000000000e+02,7.930000000000000000e+02,8.940000000000000000e+02,8.090000000000000000e+02
4.834721275900000137e+01,1.000000000000000000e+03,8.140000000000000000e+02,8.930000000000000000e+02,7.970000000000000000e+02
4.844861313999999908e+01,1.000000000000000000e+03,8.230000000000000000e+02,8.800000000000000000e+02,7.760000000000000000e+02
4.854959449900000124e+01,1.000000000000000000e+03,8.340000000000000000e+02,8.770000000000000000e+02,7.650000000000000000e+02
4.865120449100000144e+01,1.000000000000000000e+03,8.370000000000000000e+02,8.740000000000000000e+02,7.600000000000000000e+02
4.875198084000000165e+01,1.000000000000000000e+03,8.090000000000000000e+02,8.400000000000000000e+02,7.620000000000000000e+02
4.885533302200000350e+01,1.000000000000000000e+03,8.170000000000000000e+02,8.190000000000000000e+02,7.520000000000000000e+02
4.895534213100000187e+01,1.000000000000000000e+03,8.710000000000000000e+02,8.850000000000000000e+02,7.340000000000000000e+02
4.905706132899999972e+01,1.000000000000000000e+03,8.670000000000000000e+02,9.150000000000000000e+02,7.530000000000000000e+02
4.915755776299999980e+01,1.000000000000000000e+03,8.520000000000000000e+02,9.300000000000000000e+02,7.810000000000000000e+02
4.925958377599999949e+01,1.000000000000000000e+03,8.450000000000000000e+02,9.410000000000000000e+02,8.040000000000000000e+02
4.936035162400000331e+01,1.000000000000000000e+03,8.420000000000000000e+02,9.530000000000000000e+02,8.180000000000000000e+02
4.946212912499999703e+01,1.000000000000000000e+03,8.410000000000000000e+02,9.640000000000000000e+02,8.270000000000000000e+02
4.956318558800000318e+01,1.000000000000000000e+03,8.410000000000000000e+02,9.740000000000000000e+02,8.330000000000000000e+02
4.966461147100000062e+01,1.000000000000000000e+03,8.420000000000000000e+02,9.810000000000000000e+02,8.380000000000000000e+02
4.976576663899999886e+01,1.000000000000000000e+03,8.420000000000000000e+02,9.880000000000000000e+02,8.420000000000000000e+02
4.986846868800000010e+01,1.000000000000000000e+03,8.420000000000000000e+02,9.910000000000000000e+02,8.450000000000000000e+02
4.996860960299999732e+01,1.000000000000000000e+03,8.430000000000000000e+02,9.940000000000000000e+02,8.460000000000000000e+02
5.006966936700000304e+01,1.000000000000000000e+03,8.450000000000000000e+02,9.960000000000000000e+02,8.460000000000000000e+02
5.017220300700000024e+01,1.000000000000000000e+03,8.470000000000000000e+02,9.970000000000000000e+02,8.460000000000000000e+02
5.027354788499999927e+01,1.000000000000000000e+03,8.470000000000000000e+02,9.970000000000000000e+02,8.450000000000000000e+02
5.037425432999999941e+01,9.720000000000000000e+02,8.500000000000000000e+02,9.990000000000000000e+02,8.200000000000000000e+02
5.047717838999999884e+01,9.710000000000000000e+02,8.370000000000000000e+02,1.000000000000000000e+03,8.320000000000000000e+02
5.057734690699999902e+01,9.920000000000000000e+02,8.140000000000000000e+02,9.860000000000000000e+02,8.560000000000000000e+02
5.067832366599999716e+01,1.000000000000000000e+03,8.140000000000000000e+02,9.670000000000000000e+02,8.450000000000000000e+02
5.078018547100000291e+01,9.590000000000000000e+02,7.910000000000000000e+02,9.180000000000000000e+02,7.860000000000000000e+02
5.088363115899999656e+01,9.140000000000000000e+02,7.870000000000000000e+02,8.930000000000000000e+02,7.430000000000000000e+02
5.098272722000000101e+01,9.010000000000000000e+02,7.860000000000000000e+02,8.940000000000000000e+02,7.380000000000000000e+02
5.108440721600000245e+01,8.980000000000000000e+02,7.800000000000000000e+02,9.010000000000000000e+02,7.440000000000000000e+02
5.118687645199999992e+01,9.050000000000000000e+02,7.790000000000000000e+02,9.160000000000000000e+02,7.580000000000000000e+02
5.128743118900000297e+01,9.100000000000000000e+02,7.760000000000000000e+02,9.240000000000000000e+02,7.700000000000000000e+02
5.139037245099999751e+01,9.100000000000000000e+02,7.780000000000000000e+02,9.320000000000000000e+02,7.770000000000000000e+02
5.149218955399999942e+01,9.120000000000000000e+02,7.840000000000000000e+02,9.440000000000000000e+02,7.840000000000000000e+02
5.159299870400000287e+01,9.130000000000000000e+02,7.850000000000000000e+02,9.520000000000000000e+02,7.930000000000000000e+02
5.169446308799999912e+01,9.160000000000000000e+02,7.840000000000000000e+02,9.590000000000000000e+02,8.000000000000000000e+02
5.179677241699999968e+01,9.210000000000000000e+02,7.830000000000000000e+02,9.610000000000000000e+02,8.050000000000000000e+02
5.189805879200000049e+01,9.220000000000000000e+02,7.860000000000000000e+02,9.610000000000000000e+02,8.070000000000000000e+02
5.199872933500000016e+01,9.270000000000000000e+02,7.890000000000000000e+02,9.620000000000000000e+02,8.080000000000000000e+02
5.209961108899999971e+01,9.260000000000000000e+02,7.900000000000000000e+02,9.590000000000000000e+02,8.040000000000000000e+02
5.220074835599999830e+01,9.260000000000000000e+02,7.910000000000000000e+02,9.550000000000000000e+02,8.030000000000000000e+02
5.230231644599999896e+01,9.260000000000000000e+02,7.910000000000000000e+02,9.510000000000000000e+02,8.000000000000000000e+02
5.240317199900000134e+01,9.280000000000000000e+02,7.900000000000000000e+02,9.470000000000000000e+02,7.970000000000000000e+02
5.250491749799999752e+01,9.320000000000000000e+02,7.920000000000000000e+02,9.440000000000000000e+02,7.950000000000000000e+02
5.260582185300000191e+01,9.300000000000000000e+02,7.920000000000000000e+02,9.390000000000000000e+02,7.890000000000000000e+02
5.270695302000000027e+01,9.330000000000000000e+02,7.930000000000000000e+02,9.360000000000000000e+02,7.880000000000000000e+02
5.280840530399999722e+01,9.350000000000000000e+02,7.970000000000000000e+02,9.360000000000000000e+02,7.870000000000000000e+02
5.291107775100000055e+01,9.360000000000000000e+02,7.980000000000000000e+02,9.360000000000000000e+02,7.860000000000000000e+02
5.301196900600000106e+01,9.340000000000000000e+02,7.960000000000000000e+02,9.330000000000000000e+02,7.840000000000000000e+02
5.311173060099999788e+01,9.350000000000000000e+02,7.950000000000000000e+02,9.310000000000000000e+02,7.850000000000000000e+02
5.321379501700000247e+01,9.370000000000000000e+02,8.000000000000000000e+02,9.350000000000000000e+02,7.870000000000000000e+02
5.331529550300000153e+01,9.410000000000000000e+02,8.010000000000000000e+02,9.380000000000000000e+02,7.900000000000000000e+02
5.341594944599999906e+01,9.440000000000000000e+02,8.020000000000000000e+02,9.400000000000000000e+02,7.930000000000000000e+02
5.351904171500000018e+01,9.450000000000000000e+02,8.020000000000000000e+02,9.390000000000000000e+02,7.920000000000000000e+02
5.361911022700000018e+01,9.440000000000000000e+02,8.010000000000000000e+02,9.380000000000000000e+02,7.910000000000000000e+02
5.372056110999999845e+01,9.390000000000000000e+02,8.010000000000000000e+02,9.370000000000000000e+02,7.880000000000000000e+02
5.382179548300000249e+01,9.380000000000000000e+02,7.980000000000000000e+02,9.370000000000000000e+02,7.880000000000000000e+02
5.392395430300000214e+01,9.370000000000000000e+02,7.980000000000000000e+02,9.370000000000000000e+02,7.880000000000000000e+02
5.402439193400000050e+01,9.370000000000000000e+02,7.970000000000000000e+02,9.380000000000000000e+02,7.890000000000000000e+02
5.412537409299999780e+01,9.380000000000000000e+02,7.950000000000000000e+02,9.360000000000000000e+02,7.920000000000000000e+02
5.422730030200000328e+01,9.370000000000000000e+02,7.930000000000000000e+02,9.340000000000000000e+02,7.880000000000000000e+02
5.432821325799999812e+01,9.350000000000000000e+02,7.940000000000000000e+02,9.330000000000000000e+02,7.860000000000000000e+02
5.443004636100000226e+01,9.330000000000000000e+02,7.940000000000000000e+02,9.320000000000000000e+02,7.850000000000000000e+02
5.453166295399999797e+01,9.290000000000000000e+02,7.910000000000000000e+02,9.300000000000000000e+02,7.820000000000000000e+02
5.463177986800000241e+01,9.300000000000000000e+02,7.910000000000000000e+02,9.320000000000000000e+02,7.830000000000000000e+02
5.473315444800000051e+01,9.350000000000000000e+02,7.940000000000000000e+02,9.370000000000000000e+02,7.870000000000000000e+02
5.483450052599999935e+01,9.390000000000000000e+02,7.970000000000000000e+02,9.400000000000000000e+02,7.930000000000000000e+02
5.493835663499999811e+01,9.400000000000000000e+02,8.010000000000000000e+02,9.440000000000000000e+02,7.940000000000000000e+02
5.503999412799999646e+01,9.400000000000000000e+02,8.030000000000000000e+02,9.470000000000000000e+02,7.950000000000000000e+02
5.514259497199999771e+01,9.390000000000000000e+02,8.020000000000000000e+02,9.490000000000000000e+02,7.960000000000000000e+02
5.524312114800000018e+01,9.380000000000000000e+02,8.000000000000000000e+02,9.500000000000000000e+02,7.980000000000000000e+02
5.534389973500000082e+01,9.360000000000000000e+02,7.970000000000000000e+02,9.470000000000000000e+02,7.960000000000000000e+02
5.544486832999999848e+01,9.310000000000000000e+02,7.920000000000000000e+02,9.420000000000000000e+02,7.930000000000000000e+02
5.554641415599999732e+01,9.280000000000000000e+02,7.890000000000000000e+02,9.370000000000000000e+02,7.900000000000000000e+02
5.564713313899999747e+01,9.250000000000000000e+02,7.880000000000000000e+02,9.360000000000000000e+02,7.870000000000000000e+02
5.574847545400000115e+01,9.240000000000000000e+02,7.880000000000000000e+02,9.330000000000000000e+02,7.860000000000000000e+02
5.584956505600000298e+01,9.240000000000000000e+02,7.880000000000000000e+02,9.340000000000000000e+02,7.860000000000000000e+02
5.595155630499999688e+01,9.240000000000000000e+02,7.880000000000000000e+02,9.330000000000000000e+02,7.860000000000000000e+02
5.605232528999999886e+01,9.260000000000000000e+02,7.880000000000000000e+02,9.340000000000000000e+02,7.860000000000000000e+02
5.615315067899999946e+01,9.260000000000000000e+02,7.870000000000000000e+02,9.320000000000000000e+02,7.850000000000000000e+02
5.625490791499999688e+01,9.300000000000000000e+02,7.900000000000000000e+02,9.340000000000000000e+02,7.870000000000000000e+02
5.635585511000000025e+01,9.330000000000000000e+02,7.920000000000000000e+02,9.360000000000000000e+02,7.880000000000000000e+02
5.645657019299999746e+01,9.350000000000000000e+02,7.960000000000000000e+02,9.370000000000000000e+02,7.900000000000000000e+02
5.655821392400000036e+01,9.390000000000000000e+02,7.990000000000000000e+02,9.400000000000000000e+02,7.920000000000000000e+02
5.665930172600000247e+01,9.370000000000000000e+02,7.980000000000000000e+02,9.380000000000000000e+02,7.890000000000000000e+02
5.676194940799999955e+01,9.380000000000000000e+02,7.980000000000000000e+02,9.380000000000000000e+02,7.900000000000000000e+02
5.686254808500000024e+01,9.380000000000000000e+02,7.960000000000000000e+02,9.380000000000000000e+02,7.880000000000000000e+02
5.696579819800000166e+01,9.360000000000000000e+02,7.960000000000000000e+02,9.360000000000000000e+02,7.870000000000000000e+02
5.706563043500000276e+01,9.340000000000000000e+02,7.950000000000000000e+02,9.350000000000000000e+02,7.860000000000000000e+02
5.716696464999999705e+01,9.340000000000000000e+02,7.940000000000000000e+02,9.360000000000000000e+02,7.860000000000000000e+02
5.726781283999999772e+01,9.340000000000000000e+02,7.940000000000000000e+02,9.370000000000000000e+02,7.880000000000000000e+02
5.737104285200000220e+01,9.340000000000000000e+02,7.950000000000000000e+02,9.360000000000000000e+02,7.880000000000000000e+02
5.747064977800000207e+01,9.330000000000000000e+02,7.950000000000000000e+02,9.370000000000000000e+02,7.880000000000000000e+02
5.757275013200000302e+01,9.310000000000000000e+02,7.930000000000000000e+02,9.360000000000000000e+02,7.880000000000000000e+02
5.767335130899999740e+01,9.260000000000000000e+02,7.880000000000000000e+02,9.310000000000000000e+02,7.830000000000000000e+02
5.777588008499999717e+01,9.260000000000000000e+02,7.880000000000000000e+02,9.300000000000000000e+02,7.840000000000000000e+02
5.787625935100000163e+01,9.950000000000000000e+02,5.580000000000000000e+02,1.000000000000000000e+03,5.560000000000000000e+02
5.797734119500000105e+01,9.940000000000000000e+02,8.980000000000000000e+02,1.000000000000000000e+03,8.910000000000000000e+02
5.807744504699999766e+01,9.910000000000000000e+02,8.830000000000000000e+02,1.000000000000000000e+03,8.810000000000000000e+02
5.817930078799999905e+01,9.910000000000000000e+02,8.720000000000000000e+02,1.000000000000000000e+03,8.730000000000000000e+02
5.828046899400000314e+01,9.910000000000000000e+02,8.590000000000000000e+02,1.000000000000000000e+03,8.600000000000000000e+02
5.838156509699999930e+01,9.930000000000000000e+02,8.540000000000000000e+02,1.000000000000000000e+03,8.540000000000000000e+02
5.848265719900000192e+01,9.950000000000000000e+02,8.480000000000000000e+02,1.000000000000000000e+03,8.470000000000000000e+02
5.858422792599999696e+01,9.960000000000000000e+02,8.380000000000000000e+02,1.000000000000000000e+03,8.360000000000000000e+02
5.868552203899999853e+01,9.970000000000000000e+02,8.340000000000000000e+02,1.000000000000000000e+03,8.310000000000000000e+02
5.878750148700000011e+01,9.990000000000000000e+02,8.280000000000000000e+02,9.990000000000000000e+02,8.230000000000000000e+02
5.888751793299999804e+01,1.000000000000000000e+03,8.250000000000000000e+02,9.980000000000000000e+02,8.190000000000000000e+02
5.899126207199999783e+01,1.000000000000000000e+03,8.200000000000000000e+02,9.980000000000000000e+02,8.140000000000000000e+02
5.909077379299999677e+01,1.000000000000000000e+03,8.190000000000000000e+02,9.950000000000000000e+02,8.110000000000000000e+02
5.919225201500000111e+01,1.000000000000000000e+03,8.190000000000000000e+02,9.950000000000000000e+02,8.110000000000000000e+02
5.929394744799999728e+01,1.000000000000000000e+03,8.150000000000000000e+02,9.960000000000000000e+02,8.070000000000000000e+02
5.939517615799999817e+01,1.000000000000000000e+03,8.150000000000000000e+02,9.970000000000000000e+02,8.080000000000000000e+02
5.949583083699999975e+01,1.000000000000000000e+03,8.100000000000000000e+02,9.960000000000000000e+02,8.050000000000000000e+02
5.959713655099999841e+01,1.000000000000000000e+03,8.120000000000000000e+02,9.950000000000000000e+02,8.080000000000000000e+02
5.969971452899999775e+01,9.720000000000000000e+02,8.710000000000000000e+02,9.720000000000000000e+02,8.690000000000000000e+02
5.980097393999999866e+01,9.290000000000000000e+02,7.900000000000000000e+02,9.350000000000000000e+02,7.950000000000000000e+02
5.990210954500000184e+01,9.400000000000000000e+02,7.600000000000000000e+02,9.480000000000000000e+02,7.710000000000000000e+02
6.000423529999999772e+01,9.660000000000000000e+02,7.560000000000000000e+02,9.740000000000000000e+02,7.680000000000000000e+02
6.010490328099999857e+01,9.830000000000000000e+02,7.730000000000000000e+02,9.900000000000000000e+02,7.820000000000000000e+02
6.020588217699999944e+01,9.970000000000000000e+02,7.870000000000000000e+02,1.000000000000000000e+03,7.920000000000000000e+02
6.030757240999999880e+01,9.990000000000000000e+02,7.990000000000000000e+02,1.000000000000000000e+03,7.990000000000000000e+02
6.040865611200000274e+01,1.000000000000000000e+03,8.060000000000000000e+02,9.980000000000000000e+02,8.030000000000000000e+02
6.050943559800000315e+01,1.000000000000000000e+03,8.110000000000000000e+02,9.960000000000000000e+02,8.050000000000000000e+02
6.061159265500000259e+01,1.000000000000000000e+03,8.170000000000000000e+02,9.940000000000000000e+02,8.080000000000000000e+02
6.071264535499999937e+01,1.000000000000000000e+03,8.240000000000000000e+02,9.930000000000000000e+02,8.140000000000000000e+02
6.081487801600000154e+01,1.000000000000000000e+03,7.970000000000000000e+02,9.930000000000000000e+02,7.850000000000000000e+02
6.091512957500000169e+01,1.000000000000000000e+03,8.010000000000000000e+02,9.920000000000000000e+02,7.870000000000000000e+02
6.101782636000000082e+01,1.000000000000000000e+03,8.280000000000000000e+02,9.930000000000000000e+02,8.150000000000000000e+02
6.111744148599999704e+01,1.000000000000000000e+03,8.650000000000000000e+02,9.940000000000000000e+02,8.550000000000000000e+02
6.121868489599999918e+01,1.000000000000000000e+03,8.720000000000000000e+02,9.970000000000000000e+02,8.640000000000000000e+02
6.132014041699999751e+01,9.980000000000000000e+02,8.720000000000000000e+02,9.980000000000000000e+02,8.650000000000000000e+02
6.142122111900000192e+01,9.970000000000000000e+02,8.330000000000000000e+02,9.990000000000000000e+02,8.270000000000000000e+02
6.152276714399999946e+01,9.970000000000000000e+02,8.100000000000000000e+02,1.000000000000000000e+03,8.060000000000000000e+02
6.162449798000000101e+01,9.960000000000000000e+02,8.080000000000000000e+02,1.000000000000000000e+03,8.040000000000000000e+02
6.172529736700000313e+01,9.970000000000000000e+02,8.210000000000000000e+02,1.000000000000000000e+03,8.180000000000000000e+02
6.182657237800000161e+01,9.950000000000000000e+02,8.390000000000000000e+02,1.000000000000000000e+03,8.350000000000000000e+02
6.192823881000000341e+01,9.950000000000000000e+02,8.400000000000000000e+02,1.000000000000000000e+03,8.370000000000000000e+02
6.203035766499999681e+01,9.870000000000000000e+02,8.390000000000000000e+02,9.930000000000000000e+02,8.360000000000000000e+02
6.213018170200000156e+01,9.500000000000000000e+02,8.140000000000000000e+02,9.570000000000000000e+02,8.100000000000000000e+02
6.223156601899999885e+01,9.310000000000000000e+02,8.000000000000000000e+02,9.390000000000000000e+02,7.970000000000000000e+02
6.233246701200000217e+01,9.220000000000000000e+02,7.920000000000000000e+02,9.310000000000000000e+02,7.870000000000000000e+02
6.243436635599999818e+01,9.190000000000000000e+02,7.910000000000000000e+02,9.280000000000000000e+02,7.880000000000000000e+02
6.253534635199999769e+01,9.240000000000000000e+02,7.890000000000000000e+02,9.330000000000000000e+02,7.860000000000000000e+02
6.263643585399999836e+01,9.250000000000000000e+02,7.930000000000000000e+02,9.320000000000000000e+02,7.890000000000000000e+02
6.273746295299999787e+01,9.250000000000000000e+02,7.960000000000000000e+02,9.320000000000000000e+02,7.920000000000000000e+02
6.284008503399999768e+01,9.260000000000000000e+02,7.970000000000000000e+02,9.300000000000000000e+02,7.920000000000000000e+02
6.294083871899999849e+01,9.270000000000000000e+02,7.960000000000000000e+02,9.310000000000000000e+02,7.900000000000000000e+02
6.304371751299999715e+01,9.260000000000000000e+02,7.950000000000000000e+02,9.310000000000000000e+02,7.890000000000000000e+02
6.314320603299999846e+01,9.250000000000000000e+02,7.920000000000000000e+02,9.290000000000000000e+02,7.860000000000000000e+02
6.324505638000000118e+01,9.270000000000000000e+02,7.900000000000000000e+02,9.320000000000000000e+02,7.830000000000000000e+02
6.334568146499999841e+01,9.220000000000000000e+02,7.880000000000000000e+02,9.260000000000000000e+02,7.830000000000000000e+02
6.344743080800000001e+01,9.250000000000000000e+02,7.830000000000000000e+02,9.280000000000000000e+02,7.780000000000000000e+02
6.354802009099999793e+01,9.240000000000000000e+02,7.890000000000000000e+02,9.270000000000000000e+02,7.830000000000000000e+02
6.365026075899999825e+01,9.240000000000000000e+02,7.920000000000000000e+02,9.280000000000000000e+02,7.860000000000000000e+02
6.375119975999999866e+01,9.290000000000000000e+02,7.950000000000000000e+02,9.320000000000000000e+02,7.890000000000000000e+02
6.385225496700000036e+01,9.340000000000000000e+02,7.970000000000000000e+02,9.370000000000000000e+02,7.900000000000000000e+02
6.395402351100000260e+01,9.330000000000000000e+02,7.970000000000000000e+02,9.370000000000000000e+02,7.910000000000000000e+02
6.405611177100000475e+01,9.340000000000000000e+02,7.950000000000000000e+02,9.380000000000000000e+02,7.890000000000000000e+02
6.415637703800000224e+01,9.370000000000000000e+02,7.950000000000000000e+02,9.400000000000000000e+02,7.900000000000000000e+02
6.425774786099999858e+01,9.340000000000000000e+02,7.910000000000000000e+02,9.380000000000000000e+02,7.860000000000000000e+02
6.435932759499999634e+01,9.330000000000000000e+02,7.890000000000000000e+02,9.370000000000000000e+02,7.840000000000000000e+02
6.446023419399999455e+01,9.300000000000000000e+02,7.900000000000000000e+02,9.340000000000000000e+02,7.850000000000000000e+02
6.456135310499999491e+01,9.290000000000000000e+02,7.880000000000000000e+02,9.330000000000000000e+02,7.830000000000000000e+02
6.466313594899999373e+01,9.320000000000000000e+02,7.890000000000000000e+02,9.360000000000000000e+02,7.830000000000000000e+02
6.476411905300000171e+01,9.330000000000000000e+02,7.910000000000000000e+02,9.370000000000000000e+02,7.860000000000000000e+02
6.486666433700000312e+01,9.330000000000000000e+02,7.950000000000000000e+02,9.370000000000000000e+02,7.910000000000000000e+02
6.496723771899999633e+01,9.390000000000000000e+02,7.970000000000000000e+02,9.440000000000000000e+02,7.910000000000000000e+02
6.507149439100000166e+01,9.440000000000000000e+02,7.970000000000000000e+02,9.490000000000000000e+02,7.920000000000000000e+02
6.517709833199999991e+01,9.450000000000000000e+02,7.980000000000000000e+02,9.500000000000000000e+02,7.930000000000000000e+02
6.527783462300000394e+01,9.450000000000000000e+02,8.000000000000000000e+02,9.490000000000000000e+02,7.950000000000000000e+02
6.537922104700000148e+01,9.420000000000000000e+02,8.000000000000000000e+02,9.460000000000000000e+02,7.940000000000000000e+02
6.547994043699999622e+01,9.360000000000000000e+02,7.970000000000000000e+02,9.410000000000000000e+02,7.910000000000000000e+02
6.558156687299999987e+01,9.290000000000000000e+02,7.900000000000000000e+02,9.330000000000000000e+02,7.860000000000000000e+02
6.568279038900000444e+01,9.230000000000000000e+02,7.850000000000000000e+02,9.260000000000000000e+02,7.800000000000000000e+02
6.578377209200000664e+01,9.230000000000000000e+02,7.830000000000000000e+02,9.260000000000000000e+02,7.780000000000000000e+02
6.588469399299999907e+01,9.210000000000000000e+02,7.860000000000000000e+02,9.240000000000000000e+02,7.800000000000000000e+02
6.598556209000000194e+01,9.220000000000000000e+02,7.870000000000000000e+02,9.260000000000000000e+02,7.800000000000000000e+02
6.609081111300000089e+01,9.260000000000000000e+02,7.880000000000000000e+02,9.310000000000000000e+02,7.820000000000000000e+02
6.618990201900000159e+01,9.310000000000000000e+02,7.900000000000000000e+02,9.350000000000000000e+02,7.860000000000000000e+02
6.629150235400000213e+01,9.350000000000000000e+02,7.950000000000000000e+02,9.390000000000000000e+02,7.900000000000000000e+02
6.639239475300000493e+01,9.370000000000000000e+02,7.980000000000000000e+02,9.420000000000000000e+02,7.930000000000000000e+02
6.649368177200000218e+01,9.390000000000000000e+02,7.980000000000000000e+02,9.430000000000000000e+02,7.940000000000000000e+02
6.659486698599999954e+01,9.380000000000000000e+02,7.980000000000000000e+02,9.430000000000000000e+02,7.920000000000000000e+02
6.669664222999999481e+01,9.360000000000000000e+02,7.970000000000000000e+02,9.410000000000000000e+02,7.920000000000000000e+02
6.679873379000000000e+01,9.350000000000000000e+02,7.950000000000000000e+02,9.410000000000000000e+02,7.900000000000000000e+02
6.689907786099999498e+01,9.330000000000000000e+02,7.940000000000000000e+02,9.380000000000000000e+02,7.910000000000000000e+02
6.699967054399999711e+01,9.350000000000000000e+02,7.960000000000000000e+02,9.390000000000000000e+02,7.910000000000000000e+02
6.711927130700000532e+01,9.370000000000000000e+02,7.980000000000000000e+02,9.410000000000000000e+02,7.930000000000000000e+02
6.720328923600000337e+01,9.360000000000000000e+02,7.970000000000000000e+02,9.410000000000000000e+02,7.910000000000000000e+02
6.730403852700000300e+01,9.390000000000000000e+02,7.980000000000000000e+02,9.420000000000000000e+02,7.930000000000000000e+02
6.740555815800000516e+01,9.370000000000000000e+02,7.970000000000000000e+02,9.410000000000000000e+02,7.910000000000000000e+02
6.750669686999999897e+01,9.320000000000000000e+02,7.930000000000000000e+02,9.360000000000000000e+02,7.870000000000000000e+02
6.760775547699999777e+01,9.270000000000000000e+02,7.900000000000000000e+02,9.310000000000000000e+02,7.850000000000000000e+02
6.770956082200000026e+01,9.290000000000000000e+02,7.920000000000000000e+02,9.320000000000000000e+02,7.870000000000000000e+02
6.781035011599999507e+01,9.290000000000000000e+02,7.920000000000000000e+02,9.330000000000000000e+02,7.860000000000000000e+02
6.791202925499999310e+01,9.330000000000000000e+02,7.940000000000000000e+02,9.380000000000000000e+02,7.890000000000000000e+02
6.801268414199999768e+01,9.380000000000000000e+02,7.970000000000000000e+02,9.410000000000000000e+02,7.930000000000000000e+02
6.811651419199999680e+01,9.380000000000000000e+02,7.980000000000000000e+02,9.420000000000000000e+02,7.930000000000000000e+02
6.821714997700000538e+01,9.370000000000000000e+02,7.970000000000000000e+02,9.400000000000000000e+02,7.900000000000000000e+02
6.831780176300000562e+01,9.340000000000000000e+02,7.940000000000000000e+02,9.370000000000000000e+02,7.880000000000000000e+02
6.841873106399999926e+01,9.360000000000000000e+02,7.960000000000000000e+02,9.400000000000000000e+02,7.900000000000000000e+02
6.852020709299999623e+01,9.380000000000000000e+02,7.970000000000000000e+02,9.420000000000000000e+02,7.920000000000000000e+02
6.862149631200000499e+01,9.350000000000000000e+02,7.980000000000000000e+02,9.400000000000000000e+02,7.920000000000000000e+02
6.872364767499999516e+01,9.320000000000000000e+02,7.930000000000000000e+02,9.380000000000000000e+02,7.880000000000000000e+02
6.882431026199999735e+01,9.320000000000000000e+02,7.900000000000000000e+02,9.370000000000000000e+02,7.870000000000000000e+02
6.892512695700000336e+01,9.150000000000000000e+02,7.870000000000000000e+02,9.240000000000000000e+02,7.800000000000000000e+02
6.902649168000000657e+01,9.140000000000000000e+02,7.750000000000000000e+02,9.210000000000000000e+02,7.740000000000000000e+02
6.921439366200000620e+01,9.170000000000000000e+02,7.740000000000000000e+02,9.210000000000000000e+02,7.750000000000000000e+02
6.923004226800000538e+01,9.220000000000000000e+02,7.790000000000000000e+02,9.250000000000000000e+02,7.770000000000000000e+02
6.933119698100000505e+01,9.270000000000000000e+02,7.860000000000000000e+02,9.280000000000000000e+02,7.800000000000000000e+02
6.943232879200000696e+01,9.280000000000000000e+02,7.880000000000000000e+02,9.280000000000000000e+02,7.800000000000000000e+02
6.953421534100000656e+01,9.280000000000000000e+02,7.910000000000000000e+02,9.300000000000000000e+02,7.820000000000000000e+02
6.963546785900000202e+01,9.320000000000000000e+02,7.940000000000000000e+02,9.340000000000000000e+02,7.850000000000000000e+02
6.973679097999999499e+01,9.340000000000000000e+02,7.970000000000000000e+02,9.380000000000000000e+02,7.890000000000000000e+02
6.983813640200000350e+01,9.390000000000000000e+02,7.990000000000000000e+02,9.430000000000000000e+02,7.920000000000000000e+02
6.993940702000000442e+01,5.920000000000000000e+02,8.660000000000000000e+02,1.000000000000000000e+03,4.570000000000000000e+02
7.004205720900000642e+01,9.290000000000000000e+02,7.650000000000000000e+02,1.000000000000000000e+03,8.660000000000000000e+02
7.014282330100000706e+01,9.690000000000000000e+02,7.370000000000000000e+02,9.580000000000000000e+02,8.770000000000000000e+02
7.024350068900000110e+01,9.940000000000000000e+02,7.870000000000000000e+02,9.550000000000000000e+02,8.530000000000000000e+02
7.034460359800000617e+01,1.000000000000000000e+03,8.390000000000000000e+02,9.700000000000000000e+02,8.240000000000000000e+02
7.044578361199999961e+01,9.990000000000000000e+02,8.630000000000000000e+02,9.840000000000000000e+02,8.120000000000000000e+02
7.054748655199999519e+01,9.820000000000000000e+02,8.600000000000000000e+02,9.880000000000000000e+02,8.020000000000000000e+02
7.064792702799999802e+01,9.790000000000000000e+02,8.520000000000000000e+02,9.950000000000000000e+02,8.130000000000000000e+02
7.074961376699999960e+01,9.760000000000000000e+02,8.440000000000000000e+02,1.000000000000000000e+03,8.230000000000000000e+02
7.085042156199999397e+01,9.710000000000000000e+02,8.330000000000000000e+02,1.000000000000000000e+03,8.300000000000000000e+02
7.095175388299999497e+01,9.620000000000000000e+02,8.270000000000000000e+02,1.000000000000000000e+03,8.290000000000000000e+02
7.105281999100000689e+01,9.520000000000000000e+02,8.200000000000000000e+02,1.000000000000000000e+03,8.260000000000000000e+02
7.115546548000000371e+01,9.470000000000000000e+02,8.140000000000000000e+02,1.000000000000000000e+03,8.290000000000000000e+02
7.125517003400000249e+01,9.420000000000000000e+02,8.100000000000000000e+02,1.000000000000000000e+03,8.290000000000000000e+02
7.135653187600000535e+01,9.310000000000000000e+02,8.060000000000000000e+02,1.000000000000000000e+03,8.240000000000000000e+02
7.145805442699999332e+01,9.290000000000000000e+02,8.020000000000000000e+02,1.000000000000000000e+03,8.270000000000000000e+02
7.155906385100000477e+01,9.230000000000000000e+02,7.990000000000000000e+02,1.000000000000000000e+03,8.230000000000000000e+02
7.166053629900000033e+01,9.160000000000000000e+02,7.950000000000000000e+02,1.000000000000000000e+03,8.200000000000000000e+02
7.176187654000000293e+01,9.110000000000000000e+02,7.920000000000000000e+02,1.000000000000000000e+03,8.210000000000000000e+02
7.186284586099999672e+01,9.080000000000000000e+02,7.890000000000000000e+02,1.000000000000000000e+03,8.210000000000000000e+02
7.196429480800000533e+01,9.100000000000000000e+02,7.860000000000000000e+02,1.000000000000000000e+03,8.220000000000000000e+02
7.206538523599999735e+01,9.590000000000000000e+02,7.890000000000000000e+02,1.000000000000000000e+03,8.640000000000000000e+02
7.216772632900000417e+01,9.790000000000000000e+02,8.140000000000000000e+02,1.000000000000000000e+03,8.490000000000000000e+02
7.226814292199999556e+01,9.510000000000000000e+02,8.220000000000000000e+02,9.880000000000000000e+02,8.000000000000000000e+02
7.236970737500000439e+01,9.190000000000000000e+02,8.260000000000000000e+02,9.920000000000000000e+02,7.770000000000000000e+02
7.247072239899999602e+01,9.040000000000000000e+02,8.140000000000000000e+02,1.000000000000000000e+03,7.890000000000000000e+02
7.257202943900000491e+01,8.850000000000000000e+02,7.880000000000000000e+02,1.000000000000000000e+03,7.950000000000000000e+02
7.267313256699999613e+01,8.810000000000000000e+02,7.710000000000000000e+02,1.000000000000000000e+03,8.100000000000000000e+02
7.277656161699999871e+01,8.800000000000000000e+02,7.630000000000000000e+02,1.000000000000000000e+03,8.200000000000000000e+02
7.287695070799999542e+01,8.840000000000000000e+02,7.620000000000000000e+02,1.000000000000000000e+03,8.250000000000000000e+02
7.297790602999999976e+01,8.830000000000000000e+02,7.670000000000000000e+02,1.000000000000000000e+03,8.210000000000000000e+02
7.307904986100000144e+01,8.400000000000000000e+02,7.690000000000000000e+02,1.000000000000000000e+03,7.850000000000000000e+02
7.318242210699999362e+01,8.830000000000000000e+02,7.550000000000000000e+02,1.000000000000000000e+03,8.410000000000000000e+02
7.328168164000000218e+01,9.260000000000000000e+02,7.660000000000000000e+02,1.000000000000000000e+03,8.580000000000000000e+02
7.338277306800000588e+01,9.440000000000000000e+02,7.910000000000000000e+02,1.000000000000000000e+03,8.450000000000000000e+02
7.348409790899999905e+01,9.540000000000000000e+02,8.130000000000000000e+02,1.000000000000000000e+03,8.310000000000000000e+02
7.358506833100000222e+01,9.620000000000000000e+02,8.270000000000000000e+02,1.000000000000000000e+03,8.270000000000000000e+02
7.368638276999999448e+01,9.690000000000000000e+02,8.350000000000000000e+02,1.000000000000000000e+03,8.270000000000000000e+02
7.378800762599999530e+01,9.770000000000000000e+02,8.410000000000000000e+02,1.000000000000000000e+03,8.290000000000000000e+02
7.388914765699999521e+01,9.830000000000000000e+02,8.440000000000000000e+02,1.000000000000000000e+03,8.310000000000000000e+02
7.398992916900000694e+01,9.860000000000000000e+02,8.450000000000000000e+02,1.000000000000000000e+03,8.310000000000000000e+02
7.409144961900000226e+01,9.890000000000000000e+02,8.460000000000000000e+02,9.990000000000000000e+02,8.320000000000000000e+02
7.419415563100000099e+01,9.890000000000000000e+02,8.460000000000000000e+02,9.990000000000000000e+02,8.330000000000000000e+02
7.429386568799999679e+01,9.900000000000000000e+02,8.470000000000000000e+02,9.990000000000000000e+02,8.340000000000000000e+02
7.439543234100000291e+01,9.920000000000000000e+02,8.460000000000000000e+02,1.000000000000000000e+03,8.380000000000000000e+02
7.449702749499999754e+01,1.000000000000000000e+03,8.290000000000000000e+02,9.700000000000000000e+02,8.440000000000000000e+02
7.459857934699999760e+01,9.720000000000000000e+02,8.520000000000000000e+02,9.930000000000000000e+02,8.020000000000000000e+02
7.469931945700000142e+01,9.620000000000000000e+02,8.440000000000000000e+02,1.000000000000000000e+03,8.110000000000000000e+02
7.480081600600000513e+01,9.260000000000000000e+02,7.900000000000000000e+02,9.570000000000000000e+02,7.970000000000000000e+02
7.490154391500000486e+01,9.040000000000000000e+02,7.630000000000000000e+02,9.240000000000000000e+02,7.880000000000000000e+02
7.500369829900000695e+01,9.000000000000000000e+02,7.580000000000000000e+02,9.110000000000000000e+02,7.790000000000000000e+02
7.510854782100000193e+01,9.050000000000000000e+02,7.620000000000000000e+02,9.090000000000000000e+02,7.740000000000000000e+02
7.521002226900000665e+01,9.140000000000000000e+02,7.700000000000000000e+02,9.110000000000000000e+02,7.740000000000000000e+02
7.530934130599999321e+01,9.240000000000000000e+02,7.800000000000000000e+02,9.150000000000000000e+02,7.780000000000000000e+02
7.541075254999999800e+01,9.350000000000000000e+02,7.890000000000000000e+02,9.180000000000000000e+02,7.800000000000000000e+02
7.551145945899999390e+01,9.430000000000000000e+02,7.980000000000000000e+02,9.240000000000000000e+02,7.820000000000000000e+02
7.561307661399999347e+01,9.480000000000000000e+02,8.020000000000000000e+02,9.260000000000000000e+02,7.820000000000000000e+02
7.571448105800000405e+01,9.500000000000000000e+02,8.050000000000000000e+02,9.260000000000000000e+02,7.830000000000000000e+02
7.581563198999999997e+01,9.520000000000000000e+02,8.070000000000000000e+02,9.260000000000000000e+02,7.850000000000000000e+02
7.591646060399999385e+01,9.470000000000000000e+02,8.070000000000000000e+02,9.270000000000000000e+02,7.810000000000000000e+02
7.601785464799999659e+01,9.470000000000000000e+02,8.060000000000000000e+02,9.260000000000000000e+02,7.840000000000000000e+02
7.611899217900000281e+01,9.480000000000000000e+02,8.050000000000000000e+02,9.270000000000000000e+02,7.870000000000000000e+02
7.622192260200000646e+01,9.480000000000000000e+02,8.070000000000000000e+02,9.310000000000000000e+02,7.850000000000000000e+02
7.632175906499999485e+01,9.450000000000000000e+02,8.060000000000000000e+02,9.340000000000000000e+02,7.850000000000000000e+02
7.642448067799999478e+01,9.460000000000000000e+02,8.020000000000000000e+02,9.350000000000000000e+02,7.890000000000000000e+02
7.652764111300000138e+01,9.440000000000000000e+02,8.070000000000000000e+02,9.410000000000000000e+02,7.900000000000000000e+02
7.662880554500000585e+01,9.450000000000000000e+02,8.030000000000000000e+02,9.430000000000000000e+02,7.940000000000000000e+02
7.672967696199999921e+01,9.450000000000000000e+02,7.990000000000000000e+02,9.440000000000000000e+02,7.960000000000000000e+02
7.683056517999999357e+01,9.430000000000000000e+02,7.990000000000000000e+02,9.440000000000000000e+02,7.950000000000000000e+02
7.693175771299999610e+01,9.400000000000000000e+02,7.960000000000000000e+02,9.410000000000000000e+02,7.930000000000000000e+02
7.703335576700000331e+01,9.320000000000000000e+02,7.940000000000000000e+02,9.380000000000000000e+02,7.870000000000000000e+02
7.713412717900000359e+01,9.250000000000000000e+02,7.910000000000000000e+02,9.370000000000000000e+02,7.830000000000000000e+02
7.723714990700000271e+01,9.210000000000000000e+02,7.860000000000000000e+02,9.360000000000000000e+02,7.830000000000000000e+02
7.733673665700000299e+01,9.190000000000000000e+02,7.830000000000000000e+02,9.360000000000000000e+02,7.850000000000000000e+02
7.743803019599999971e+01,9.190000000000000000e+02,7.840000000000000000e+02,9.370000000000000000e+02,7.880000000000000000e+02
7.753903232000000401e+01,9.230000000000000000e+02,7.860000000000000000e+02,9.420000000000000000e+02,7.890000000000000000e+02
7.764043596400000524e+01,9.290000000000000000e+02,7.890000000000000000e+02,9.470000000000000000e+02,7.950000000000000000e+02
7.774132318200000213e+01,9.340000000000000000e+02,7.960000000000000000e+02,9.530000000000000000e+02,7.990000000000000000e+02
7.784338135999999508e+01,9.340000000000000000e+02,7.960000000000000000e+02,9.550000000000000000e+02,7.990000000000000000e+02
7.794417617300000245e+01,9.310000000000000000e+02,7.950000000000000000e+02,9.520000000000000000e+02,7.970000000000000000e+02
7.804523639900000376e+01,9.330000000000000000e+02,7.920000000000000000e+02,9.470000000000000000e+02,7.990000000000000000e+02
7.814643353300000683e+01,9.330000000000000000e+02,7.940000000000000000e+02,9.470000000000000000e+02,7.950000000000000000e+02
7.824909044199999641e+01,9.350000000000000000e+02,7.940000000000000000e+02,9.460000000000000000e+02,7.960000000000000000e+02
7.834984485299999335e+01,9.390000000000000000e+02,7.980000000000000000e+02,9.470000000000000000e+02,7.970000000000000000e+02
7.845064166599999567e+01,9.340000000000000000e+02,7.990000000000000000e+02,9.470000000000000000e+02,7.920000000000000000e+02
7.855144607900000153e+01,9.300000000000000000e+02,7.960000000000000000e+02,9.440000000000000000e+02,7.880000000000000000e+02
7.865403258499999595e+01,9.270000000000000000e+02,7.930000000000000000e+02,9.420000000000000000e+02,7.890000000000000000e+02
7.875472609199999852e+01,9.280000000000000000e+02,7.910000000000000000e+02,9.400000000000000000e+02,7.910000000000000000e+02
7.885638855000000547e+01,9.310000000000000000e+02,7.920000000000000000e+02,9.400000000000000000e+02,7.940000000000000000e+02
7.895716786200000570e+01,9.330000000000000000e+02,7.940000000000000000e+02,9.410000000000000000e+02,7.920000000000000000e+02
7.905862580900000580e+01,9.370000000000000000e+02,7.960000000000000000e+02,9.430000000000000000e+02,7.940000000000000000e+02
7.915977214000000117e+01,9.380000000000000000e+02,7.980000000000000000e+02,9.420000000000000000e+02,7.940000000000000000e+02
7.926202222999999947e+01,9.390000000000000000e+02,7.970000000000000000e+02,9.390000000000000000e+02,7.930000000000000000e+02
7.936270753899999875e+01,9.380000000000000000e+02,7.970000000000000000e+02,9.370000000000000000e+02,7.900000000000000000e+02
7.946400017899999568e+01,9.370000000000000000e+02,7.950000000000000000e+02,9.330000000000000000e+02,7.870000000000000000e+02
7.956551893099999972e+01,9.370000000000000000e+02,7.970000000000000000e+02,9.320000000000000000e+02,7.850000000000000000e+02
7.966590102399999296e+01,9.370000000000000000e+02,7.970000000000000000e+02,9.320000000000000000e+02,7.860000000000000000e+02
7.976814851400000350e+01,9.370000000000000000e+02,7.970000000000000000e+02,9.320000000000000000e+02,7.860000000000000000e+02
7.987032589999999743e+01,9.380000000000000000e+02,7.980000000000000000e+02,9.330000000000000000e+02,7.860000000000000000e+02
7.997068719199999975e+01,9.350000000000000000e+02,7.960000000000000000e+02,9.320000000000000000e+02,7.830000000000000000e+02
8.007221484500000486e+01,9.330000000000000000e+02,7.910000000000000000e+02,9.310000000000000000e+02,7.800000000000000000e+02
8.017303986100000657e+01,9.300000000000000000e+02,7.890000000000000000e+02,9.280000000000000000e+02,7.820000000000000000e+02
8.027550746199999310e+01,9.290000000000000000e+02,7.910000000000000000e+02,9.280000000000000000e+02,7.820000000000000000e+02
8.037587255500000083e+01,9.300000000000000000e+02,7.940000000000000000e+02,9.320000000000000000e+02,7.850000000000000000e+02
8.047677627500000597e+01,9.300000000000000000e+02,7.920000000000000000e+02,9.330000000000000000e+02,7.860000000000000000e+02
8.057776249900000209e+01,9.300000000000000000e+02,7.910000000000000000e+02,9.340000000000000000e+02,7.860000000000000000e+02
8.067951186300000188e+01,9.300000000000000000e+02,7.910000000000000000e+02,9.360000000000000000e+02,7.860000000000000000e+02
8.078163854700000002e+01,9.300000000000000000e+02,7.920000000000000000e+02,9.370000000000000000e+02,7.870000000000000000e+02
8.088259126900000240e+01,9.300000000000000000e+02,7.920000000000000000e+02,9.380000000000000000e+02,7.890000000000000000e+02
8.098370930100000464e+01,9.320000000000000000e+02,7.930000000000000000e+02,9.410000000000000000e+02,7.910000000000000000e+02
8.108459931999999526e+01,9.320000000000000000e+02,7.930000000000000000e+02,9.410000000000000000e+02,7.910000000000000000e+02
8.118598066500000243e+01,9.340000000000000000e+02,7.930000000000000000e+02,9.390000000000000000e+02,7.940000000000000000e+02
8.128866107700000043e+01,9.340000000000000000e+02,7.940000000000000000e+02,9.410000000000000000e+02,7.910000000000000000e+02
8.138821572800000581e+01,9.320000000000000000e+02,7.940000000000000000e+02,9.410000000000000000e+02,7.880000000000000000e+02
8.148971567899999968e+01,9.280000000000000000e+02,7.930000000000000000e+02,9.390000000000000000e+02,7.870000000000000000e+02
8.159041178799999727e+01,9.280000000000000000e+02,7.910000000000000000e+02,9.390000000000000000e+02,7.880000000000000000e+02
8.169170662899999513e+01,9.310000000000000000e+02,7.910000000000000000e+02,9.390000000000000000e+02,7.920000000000000000e+02
8.179326118299999848e+01,9.330000000000000000e+02,7.940000000000000000e+02,9.400000000000000000e+02,7.930000000000000000e+02
8.189537176499999305e+01,9.330000000000000000e+02,7.930000000000000000e+02,9.400000000000000000e+02,7.910000000000000000e+02
8.199602977300000362e+01,9.370000000000000000e+02,7.850000000000000000e+02,9.250000000000000000e+02,7.810000000000000000e+02
8.209777043600000468e+01,9.000000000000000000e+02,7.680000000000000000e+02,9.000000000000000000e+02,7.530000000000000000e+02
8.219836424000000363e+01,8.690000000000000000e+02,7.440000000000000000e+02,8.740000000000000000e+02,7.320000000000000000e+02
8.230096224800000471e+01,8.460000000000000000e+02,7.220000000000000000e+02,8.510000000000000000e+02,7.150000000000000000e+02
8.240100082399999337e+01,8.240000000000000000e+02,7.000000000000000000e+02,8.290000000000000000e+02,6.990000000000000000e+02
8.250248257399999829e+01,8.620000000000000000e+02,7.360000000000000000e+02,8.670000000000000000e+02,7.340000000000000000e+02
8.260407643000000633e+01,9.020000000000000000e+02,7.670000000000000000e+02,9.080000000000000000e+02,7.660000000000000000e+02
8.270576149000000044e+01,9.310000000000000000e+02,7.880000000000000000e+02,9.350000000000000000e+02,7.860000000000000000e+02
8.280776466700000071e+01,9.540000000000000000e+02,8.090000000000000000e+02,9.590000000000000000e+02,8.050000000000000000e+02
8.290860418399999787e+01,9.560000000000000000e+02,8.100000000000000000e+02,9.640000000000000000e+02,8.080000000000000000e+02
8.300978351899999552e+01,9.430000000000000000e+02,7.990000000000000000e+02,9.480000000000000000e+02,8.000000000000000000e+02
8.311108375999999964e+01,9.400000000000000000e+02,7.980000000000000000e+02,9.420000000000000000e+02,7.970000000000000000e+02
8.321210248600000625e+01,9.360000000000000000e+02,7.950000000000000000e+02,9.370000000000000000e+02,7.900000000000000000e+02
8.331612966800000208e+01,9.300000000000000000e+02,7.930000000000000000e+02,9.310000000000000000e+02,7.850000000000000000e+02
8.342302729799999383e+01,9.290000000000000000e+02,7.910000000000000000e+02,9.290000000000000000e+02,7.830000000000000000e+02
8.351726537300000075e+01,9.420000000000000000e+02,8.030000000000000000e+02,9.430000000000000000e+02,7.940000000000000000e+02
8.361790877999999338e+01,9.490000000000000000e+02,8.060000000000000000e+02,9.500000000000000000e+02,7.980000000000000000e+02
8.371997016000000258e+01,9.470000000000000000e+02,8.040000000000000000e+02,9.480000000000000000e+02,7.960000000000000000e+02
8.382075357399999405e+01,9.400000000000000000e+02,7.980000000000000000e+02,9.410000000000000000e+02,7.910000000000000000e+02
8.392181490199999416e+01,9.330000000000000000e+02,7.950000000000000000e+02,9.360000000000000000e+02,7.870000000000000000e+02
8.402299123699999939e+01,9.300000000000000000e+02,7.920000000000000000e+02,9.330000000000000000e+02,7.840000000000000000e+02
8.412433108000000459e+01,9.320000000000000000e+02,7.930000000000000000e+02,9.350000000000000000e+02,7.860000000000000000e+02
8.422586463199999685e+01,9.430000000000000000e+02,8.020000000000000000e+02,9.450000000000000000e+02,7.970000000000000000e+02
8.432807051999999715e+01,9.510000000000000000e+02,8.090000000000000000e+02,9.540000000000000000e+02,8.020000000000000000e+02
8.442868702500000211e+01,9.460000000000000000e+02,8.050000000000000000e+02,9.520000000000000000e+02,7.980000000000000000e+02
8.452962824700000510e+01,9.360000000000000000e+02,7.970000000000000000e+02,9.430000000000000000e+02,7.910000000000000000e+02
8.463047616500000458e+01,9.250000000000000000e+02,7.880000000000000000e+02,9.330000000000000000e+02,7.840000000000000000e+02
8.473216052499999762e+01,9.200000000000000000e+02,7.830000000000000000e+02,9.280000000000000000e+02,7.820000000000000000e+02
8.483306004499999631e+01,9.200000000000000000e+02,7.830000000000000000e+02,9.270000000000000000e+02,7.810000000000000000e+02
8.493583926300000542e+01,9.190000000000000000e+02,7.820000000000000000e+02,9.270000000000000000e+02,7.790000000000000000e+02
8.503793014400000061e+01,9.330000000000000000e+02,7.930000000000000000e+02,9.390000000000000000e+02,7.910000000000000000e+02
8.514299057899999923e+01,9.330000000000000000e+02,7.940000000000000000e+02,9.400000000000000000e+02,7.890000000000000000e+02
8.524055762700000116e+01,9.310000000000000000e+02,7.910000000000000000e+02,9.390000000000000000e+02,7.860000000000000000e+02
8.534378926799999476e+01,9.280000000000000000e+02,7.890000000000000000e+02,9.360000000000000000e+02,7.850000000000000000e+02
8.544286219299999630e+01,9.240000000000000000e+02,7.860000000000000000e+02,9.310000000000000000e+02,7.820000000000000000e+02
8.554480756700000654e+01,9.340000000000000000e+02,7.940000000000000000e+02,9.400000000000000000e+02,7.920000000000000000e+02
8.564537606999999753e+01,9.360000000000000000e+02,7.940000000000000000e+02,9.390000000000000000e+02,7.910000000000000000e+02
8.574681561799999940e+01,9.330000000000000000e+02,7.930000000000000000e+02,9.380000000000000000e+02,7.870000000000000000e+02
8.584843387499999778e+01,9.280000000000000000e+02,7.900000000000000000e+02,9.330000000000000000e+02,7.840000000000000000e+02
8.594934889600000361e+01,9.210000000000000000e+02,7.850000000000000000e+02,9.250000000000000000e+02,7.800000000000000000e+02
8.605016761199999564e+01,9.190000000000000000e+02,7.820000000000000000e+02,9.230000000000000000e+02,7.770000000000000000e+02
8.615223669200000245e+01,9.170000000000000000e+02,7.800000000000000000e+02,9.210000000000000000e+02,7.750000000000000000e+02
8.625365113899999869e+01,9.180000000000000000e+02,7.810000000000000000e+02,9.210000000000000000e+02,7.760000000000000000e+02
8.635685197799999457e+01,9.210000000000000000e+02,7.830000000000000000e+02,9.220000000000000000e+02,7.780000000000000000e+02
8.645680954899999904e+01,9.220000000000000000e+02,7.850000000000000000e+02,9.230000000000000000e+02,7.780000000000000000e+02
8.655760926400000699e+01,9.300000000000000000e+02,7.920000000000000000e+02,9.320000000000000000e+02,7.840000000000000000e+02
8.665869729400000665e+01,9.320000000000000000e+02,7.920000000000000000e+02,9.340000000000000000e+02,7.850000000000000000e+02
8.675992063099999996e+01,9.390000000000000000e+02,7.990000000000000000e+02,9.410000000000000000e+02,7.920000000000000000e+02
8.686116046799999424e+01,9.480000000000000000e+02,8.060000000000000000e+02,9.500000000000000000e+02,7.990000000000000000e+02
8.696233510300000091e+01,9.430000000000000000e+02,8.020000000000000000e+02,9.460000000000000000e+02,7.950000000000000000e+02
8.706453879000000029e+01,9.360000000000000000e+02,7.960000000000000000e+02,9.400000000000000000e+02,7.900000000000000000e+02
8.716623345099999653e+01,9.430000000000000000e+02,8.040000000000000000e+02,9.460000000000000000e+02,7.980000000000000000e+02
8.726671362499999418e+01,9.440000000000000000e+02,8.020000000000000000e+02,9.490000000000000000e+02,7.960000000000000000e+02
8.736962461699999949e+01,9.380000000000000000e+02,7.970000000000000000e+02,9.440000000000000000e+02,7.910000000000000000e+02
8.746943315100000405e+01,9.330000000000000000e+02,7.930000000000000000e+02,9.400000000000000000e+02,7.880000000000000000e+02
8.757029823800000656e+01,9.230000000000000000e+02,7.850000000000000000e+02,9.300000000000000000e+02,7.810000000000000000e+02
8.767161494900000207e+01,9.220000000000000000e+02,7.850000000000000000e+02,9.270000000000000000e+02,7.830000000000000000e+02
8.777375480199999913e+01,9.220000000000000000e+02,7.850000000000000000e+02,9.270000000000000000e+02,7.830000000000000000e+02
8.787471769500000107e+01,9.250000000000000000e+02,7.870000000000000000e+02,9.290000000000000000e+02,7.840000000000000000e+02
8.797500526000000320e+01,9.340000000000000000e+02,7.940000000000000000e+02,9.390000000000000000e+02,7.890000000000000000e+02
8.807611876100000359e+01,9.300000000000000000e+02,7.890000000000000000e+02,9.360000000000000000e+02,7.830000000000000000e+02
8.817741227000000492e+01,9.220000000000000000e+02,7.820000000000000000e+02,9.280000000000000000e+02,7.780000000000000000e+02
8.827912830200000371e+01,9.160000000000000000e+02,7.800000000000000000e+02,9.220000000000000000e+02,7.740000000000000000e+02
8.838110884600000361e+01,9.160000000000000000e+02,7.810000000000000000e+02,9.220000000000000000e+02,7.760000000000000000e+02
8.848181362600000455e+01,9.250000000000000000e+02,7.880000000000000000e+02,9.310000000000000000e+02,7.830000000000000000e+02
8.858345155300000329e+01,9.270000000000000000e+02,7.890000000000000000e+02,9.330000000000000000e+02,7.850000000000000000e+02
8.868434054200000105e+01,9.250000000000000000e+02,7.870000000000000000e+02,9.310000000000000000e+02,7.830000000000000000e+02
8.878623948300000279e+01,9.230000000000000000e+02,7.850000000000000000e+02,9.270000000000000000e+02,7.800000000000000000e+02
8.888753009200000577e+01,9.200000000000000000e+02,7.840000000000000000e+02,9.250000000000000000e+02,7.790000000000000000e+02
8.898891170599999612e+01,9.220000000000000000e+02,7.840000000000000000e+02,9.250000000000000000e+02,7.800000000000000000e+02
8.908944827700000246e+01,9.250000000000000000e+02,7.870000000000000000e+02,9.280000000000000000e+02,7.820000000000000000e+02
8.919066018200000201e+01,9.260000000000000000e+02,7.870000000000000000e+02,9.280000000000000000e+02,7.820000000000000000e+02
8.929225630700000238e+01,9.250000000000000000e+02,7.850000000000000000e+02,9.270000000000000000e+02,7.780000000000000000e+02
8.939483228299999951e+01,9.220000000000000000e+02,7.840000000000000000e+02,9.240000000000000000e+02,7.760000000000000000e+02
8.949485872699999334e+01,9.190000000000000000e+02,7.830000000000000000e+02,9.210000000000000000e+02,7.750000000000000000e+02
8.959768781600000409e+01,9.240000000000000000e+02,7.870000000000000000e+02,9.270000000000000000e+02,7.790000000000000000e+02
8.969840229599999759e+01,9.250000000000000000e+02,7.870000000000000000e+02,9.280000000000000000e+02,7.810000000000000000e+02
8.979956299900000261e+01,9.240000000000000000e+02,7.880000000000000000e+02,9.270000000000000000e+02,7.820000000000000000e+02
8.990066609800000208e+01,9.220000000000000000e+02,7.850000000000000000e+02,9.250000000000000000e+02,7.800000000000000000e+02
9.000281885200000431e+01,9.190000000000000000e+02,7.820000000000000000e+02,9.220000000000000000e+02,7.770000000000000000e+02
9.010355983300000560e+01,9.280000000000000000e+02,7.900000000000000000e+02,9.330000000000000000e+02,7.840000000000000000e+02
9.020484314200000142e+01,9.310000000000000000e+02,7.930000000000000000e+02,9.360000000000000000e+02,7.870000000000000000e+02
9.030591964100000268e+01,9.320000000000000000e+02,7.950000000000000000e+02,9.370000000000000000e+02,7.890000000000000000e+02
9.040847841599999413e+01,9.330000000000000000e+02,7.950000000000000000e+02,9.380000000000000000e+02,7.900000000000000000e+02
9.050887297900000306e+01,9.300000000000000000e+02,7.920000000000000000e+02,9.340000000000000000e+02,7.870000000000000000e+02
9.060961865999999532e+01,9.290000000000000000e+02,7.900000000000000000e+02,9.340000000000000000e+02,7.860000000000000000e+02
9.071101727500000322e+01,9.310000000000000000e+02,7.920000000000000000e+02,9.360000000000000000e+02,7.880000000000000000e+02
9.081293091700000275e+01,9.380000000000000000e+02,7.980000000000000000e+02,9.430000000000000000e+02,7.930000000000000000e+02
9.091375930300000618e+01,9.450000000000000000e+02,8.030000000000000000e+02,9.490000000000000000e+02,7.990000000000000000e+02
9.101528882399999532e+01,9.450000000000000000e+02,8.020000000000000000e+02,9.490000000000000000e+02,7.970000000000000000e+02
9.111596170200000699e+01,9.380000000000000000e+02,7.990000000000000000e+02,9.430000000000000000e+02,7.930000000000000000e+02
9.121839477000000329e+01,9.540000000000000000e+02,8.140000000000000000e+02,9.590000000000000000e+02,8.080000000000000000e+02
9.131880773400000351e+01,7.580000000000000000e+02,6.780000000000000000e+02,7.880000000000000000e+02,6.510000000000000000e+02
9.142174702900000227e+01,7.650000000000000000e+02,6.220000000000000000e+02,8.060000000000000000e+02,5.420000000000000000e+02
9.152172657100000208e+01,7.410000000000000000e+02,5.970000000000000000e+02,8.100000000000000000e+02,4.900000000000000000e+02
9.162284407100000294e+01,7.120000000000000000e+02,5.680000000000000000e+02,7.880000000000000000e+02,4.520000000000000000e+02
9.172412647999999535e+01,6.810000000000000000e+02,5.380000000000000000e+02,7.640000000000000000e+02,4.140000000000000000e+02
9.182527958299999682e+01,6.530000000000000000e+02,5.100000000000000000e+02,7.430000000000000000e+02,3.770000000000000000e+02
9.192726542799999834e+01,6.190000000000000000e+02,4.760000000000000000e+02,7.160000000000000000e+02,3.340000000000000000e+02
9.202850883499999668e+01,5.860000000000000000e+02,4.430000000000000000e+02,6.890000000000000000e+02,2.940000000000000000e+02
9.212913201000000640e+01,3.540000000000000000e+02,1.500000000000000000e+02,3.540000000000000000e+02,1.500000000000000000e+02
9.223095224700000472e+01,3.540000000000000000e+02,1.500000000000000000e+02,3.540000000000000000e+02,1.500000000000000000e+02
9.233179043299999478e+01,3.540000000000000000e+02,1.500000000000000000e+02,3.540000000000000000e+02,1.500000000000000000e+02
9.243428020400000378e+01,3.540000000000000000e+02,1.500000000000000000e+02,3.540000000000000000e+02,1.500000000000000000e+02
9.253476287200000172e+01,3.540000000000000000e+02,1.500000000000000000e+02,3.540000000000000000e+02,1.500000000000000000e+02
9.263614728599999637e+01,3.540000000000000000e+02,1.500000000000000000e+02,3.540000000000000000e+02,1.500000000000000000e+02
9.273655014999999935e+01,3.540000000000000000e+02,1.500000000000000000e+02,3.540000000000000000e+02,1.500000000000000000e+02
9.283847489199999359e+01,1.520000000000000000e+02,1.500000000000000000e+02,1.520000000000000000e+02,1.500000000000000000e+02
9.293978720299999452e+01,1.520000000000000000e+02,1.500000000000000000e+02,1.520000000000000000e+02,1.500000000000000000e+02
9.304062488900000005e+01,1.520000000000000000e+02,1.500000000000000000e+02,1.520000000000000000e+02,1.500000000000000000e+02
9.314279274300000111e+01,1.520000000000000000e+02,1.500000000000000000e+02,1.520000000000000000e+02,1.500000000000000000e+02
9.324398344799999450e+01,1.520000000000000000e+02,1.500000000000000000e+02,1.520000000000000000e+02,1.500000000000000000e+02
9.334519695299999853e+01,1.520000000000000000e+02,1.500000000000000000e+02,1.520000000000000000e+02,1.500000000000000000e+02
9.344816904900000054e+01,1.520000000000000000e+02,1.500000000000000000e+02,1.520000000000000000e+02,1.500000000000000000e+02
9.354802688499999874e+01,1.520000000000000000e+02,1.500000000000000000e+02,1.520000000000000000e+02,1.500000000000000000e+02
9.364899217699999667e+01,1.520000000000000000e+02,1.500000000000000000e+02,1.520000000000000000e+02,1.500000000000000000e+02
9.375040929300000414e+01,1.520000000000000000e+02,1.500000000000000000e+02,1.520000000000000000e+02,1.500000000000000000e+02
9.385216272700000673e+01,1.520000000000000000e+02,1.500000000000000000e+02,1.520000000000000000e+02,1.500000000000000000e+02
9.395243828399999586e+01,1.520000000000000000e+02,1.500000000000000000e+02,1.520000000000000000e+02,1.500000000000000000e+02
9.405442512899999485e+01,1.520000000000000000e+02,1.500000000000000000e+02,1.520000000000000000e+02,1.500000000000000000e+02
9.415486119499999518e+01,1.520000000000000000e+02,1.500000000000000000e+02,1.520000000000000000e+02,1.500000000000000000e+02
9.425677213599999504e+01,1.520000000000000000e+02,1.500000000000000000e+02,1.520000000000000000e+02,1.500000000000000000e+02
9.435680288099999302e+01,1.520000000000000000e+02,1.500000000000000000e+02,1.520000000000000000e+02,1.500000000000000000e+02
9.445990248299999337e+01,1.520000000000000000e+02,1.500000000000000000e+02,1.520000000000000000e+02,1.500000000000000000e+02
9.456014733899999669e+01,1.520000000000000000e+02,1.500000000000000000e+02,1.520000000000000000e+02,1.500000000000000000e+02
9.466147705000000201e+01,1.520000000000000000e+02,1.500000000000000000e+02,1.520000000000000000e+02,1.500000000000000000e+02
9.476302947300000312e+01,1.520000000000000000e+02,1.500000000000000000e+02,1.520000000000000000e+02,1.500000000000000000e+02
9.486484260999999663e+01,0.000000000000000000e+00,0.000000000000000000e+00,0.000000000000000000e+00,0.000000000000000000e+00
9.496734018099999730e+01,0.000000000000000000e+00,0.000000000000000000e+00,0.000000000000000000e+00,0.000000000000000000e+00
9.506787035099999628e+01,0.000000000000000000e+00,0.000000000000000000e+00,0.000000000000000000e+00,0.000000000000000000e+00
9.517035042199999850e+01,0.000000000000000000e+00,0.000000000000000000e+00,0.000000000000000000e+00,0.000000000000000000e+00
9.527120813400000543e+01,0.000000000000000000e+00,0.000000000000000000e+00,0.000000000000000000e+00,0.000000000000000000e+00
9.537273098699999707e+01,0.000000000000000000e+00,0.000000000000000000e+00,0.000000000000000000e+00,0.000000000000000000e+00
9.547554170700000498e+01,0.000000000000000000e+00,0.000000000000000000e+00,0.000000000000000000e+00,0.000000000000000000e+00
9.557505995600000404e+01,0.000000000000000000e+00,0.000000000000000000e+00,0.000000000000000000e+00,0.000000000000000000e+00
9.567664381299999832e+01,0.000000000000000000e+00,0.000000000000000000e+00,0.000000000000000000e+00,0.000000000000000000e+00
9.577845278099999859e+01,0.000000000000000000e+00,0.000000000000000000e+00,0.000000000000000000e+00,0.000000000000000000e+00
9.587884037599999942e+01,0.000000000000000000e+00,0.000000000000000000e+00,0.000000000000000000e+00,0.000000000000000000e+00
9.598102146300000470e+01,0.000000000000000000e+00,0.000000000000000000e+00,0.000000000000000000e+00,0.000000000000000000e+00
9.608245591200000035e+01,0.000000000000000000e+00,0.000000000000000000e+00,0.000000000000000000e+00,0.000000000000000000e+00
9.618252139000000511e+01,0.000000000000000000e+00,0.000000000000000000e+00,0.000000000000000000e+00,0.000000000000000000e+00
9.628463937399999395e+01,0.000000000000000000e+00,0.000000000000000000e+00,0.000000000000000000e+00,0.000000000000000000e+00
9.638513307399999519e+01,0.000000000000000000e+00,0.000000000000000000e+00,0.000000000000000000e+00,0.000000000000000000e+00
9.648737356399999499e+01,0.000000000000000000e+00,0.000000000000000000e+00,0.000000000000000000e+00,0.000000000000000000e+00
9.658775355900000648e+01,0.000000000000000000e+00,0.000000000000000000e+00,0.000000000000000000e+00,0.000000000000000000e+00
9.669034766699999750e+01,0.000000000000000000e+00,0.000000000000000000e+00,0.000000000000000000e+00,0.000000000000000000e+00
9.679142999799999814e+01,0.000000000000000000e+00,0.000000000000000000e+00,0.000000000000000000e+00,0.000000000000000000e+00
9.689226631600000417e+01,0.000000000000000000e+00,0.000000000000000000e+00,0.000000000000000000e+00,0.000000000000000000e+00
9.699348055299999771e+01,0.000000000000000000e+00,0.000000000000000000e+00,0.000000000000000000e+00,0.000000000000000000e+00
9.709542372800000010e+01,0.000000000000000000e+00,0.000000000000000000e+00,0.000000000000000000e+00,0.000000000000000000e+00
9.719633045000000493e+01,0.000000000000000000e+00,0.000000000000000000e+00,0.000000000000000000e+00,0.000000000000000000e+00
9.729810291600000483e+01,0.000000000000000000e+00,0.000000000000000000e+00,0.000000000000000000e+00,0.000000000000000000e+00
9.739914564400000074e+01,0.000000000000000000e+00,0.000000000000000000e+00,0.000000000000000000e+00,0.000000000000000000e+00
9.750389996500000223e+01,0.000000000000000000e+00,0.000000000000000000e+00,0.000000000000000000e+00,0.000000000000000000e+00
9.760231975799999304e+01,0.000000000000000000e+00,0.000000000000000000e+00,0.000000000000000000e+00,0.000000000000000000e+00
9.770352149400000030e+01,0.000000000000000000e+00,0.000000000000000000e+00,0.000000000000000000e+00,0.000000000000000000e+00
9.780517815499999301e+01,0.000000000000000000e+00,0.000000000000000000e+00,0.000000000000000000e+00,0.000000000000000000e+00
9.790586696500000130e+01,0.000000000000000000e+00,0.000000000000000000e+00,0.000000000000000000e+00,0.000000000000000000e+00
9.800702800000000536e+01,0.000000000000000000e+00,0.000000000000000000e+00,0.000000000000000000e+00,0.000000000000000000e+00
9.810904777899999374e+01,0.000000000000000000e+00,0.000000000000000000e+00,0.000000000000000000e+00,0.000000000000000000e+00
9.820997210100000530e+01,0.000000000000000000e+00,0.000000000000000000e+00,0.000000000000000000e+00,0.000000000000000000e+00
9.831133424600000126e+01,0.000000000000000000e+00,0.000000000000000000e+00,0.000000000000000000e+00,0.000000000000000000e+00
9.841270599099999572e+01,0.000000000000000000e+00,0.000000000000000000e+00,0.000000000000000000e+00,0.000000000000000000e+00
9.851584232800000507e+01,0.000000000000000000e+00,0.000000000000000000e+00,0.000000000000000000e+00,0.000000000000000000e+00
9.861503026100000113e+01,0.000000000000000000e+00,0.000000000000000000e+00,0.000000000000000000e+00,0.000000000000000000e+00
9.871658501599999624e+01,0.000000000000000000e+00,0.000000000000000000e+00,0.000000000000000000e+00,0.000000000000000000e+00
9.881803926599999954e+01,0.000000000000000000e+00,0.000000000000000000e+00,0.000000000000000000e+00,0.000000000000000000e+00
9.891922190100000023e+01,0.000000000000000000e+00,0.000000000000000000e+00,0.000000000000000000e+00,0.000000000000000000e+00
9.902129508299999827e+01,0.000000000000000000e+00,0.000000000000000000e+00,0.000000000000000000e+00,0.000000000000000000e+00
9.912237311299999476e+01,0.000000000000000000e+00,0.000000000000000000e+00,0.000000000000000000e+00,0.000000000000000000e+00
9.922327273499999478e+01,0.000000000000000000e+00,0.000000000000000000e+00,0.000000000000000000e+00,0.000000000000000000e+00
9.932503479999999740e+01,0.000000000000000000e+00,0.000000000000000000e+00,0.000000000000000000e+00,0.000000000000000000e+00
9.942615483299999823e+01,0.000000000000000000e+00,0.000000000000000000e+00,0.000000000000000000e+00,0.000000000000000000e+00
9.952983129800000484e+01,0.000000000000000000e+00,0.000000000000000000e+00,0.000000000000000000e+00,0.000000000000000000e+00
9.962950035500000467e+01,0.000000000000000000e+00,0.000000000000000000e+00,0.000000000000000000e+00,0.000000000000000000e+00
9.973110041200000353e+01,0.000000000000000000e+00,0.000000000000000000e+00,0.000000000000000000e+00,0.000000000000000000e+00
9.983251205999999911e+01,0.000000000000000000e+00,0.000000000000000000e+00,0.000000000000000000e+00,0.000000000000000000e+00
9.993300505999999928e+01,0.000000000000000000e+00,0.000000000000000000e+00,0.000000000000000000e+00,0.000000000000000000e+00
1.000356718719999947e+02,0.000000000000000000e+00,0.000000000000000000e+00,0.000000000000000000e+00,0.000000000000000000e+00
1.001371877250000040e+02,0.000000000000000000e+00,0.000000000000000000e+00,0.000000000000000000e+00,0.000000000000000000e+00
1.002372647039999976e+02,0.000000000000000000e+00,0.000000000000000000e+00,0.000000000000000000e+00,0.000000000000000000e+00
1.003388249589999930e+02,0.000000000000000000e+00,0.000000000000000000e+00,0.000000000000000000e+00,0.000000000000000000e+00
1.004397660820000056e+02,0.000000000000000000e+00,0.000000000000000000e+00,0.000000000000000000e+00,0.000000000000000000e+00
1.005424292950000051e+02,0.000000000000000000e+00,0.000000000000000000e+00,0.000000000000000000e+00,0.000000000000000000e+00
1.006429280950000020e+02,0.000000000000000000e+00,0.000000000000000000e+00,0.000000000000000000e+00,0.000000000000000000e+00
1.007436183049999983e+02,0.000000000000000000e+00,0.000000000000000000e+00,0.000000000000000000e+00,0.000000000000000000e+00
1.008450311529999937e+02,0.000000000000000000e+00,0.000000000000000000e+00,0.000000000000000000e+00,0.000000000000000000e+00
1.009466041090000061e+02,0.000000000000000000e+00,0.000000000000000000e+00,0.000000000000000000e+00,0.000000000000000000e+00
1.010473793240000049e+02,0.000000000000000000e+00,0.000000000000000000e+00,0.000000000000000000e+00,0.000000000000000000e+00
1.011491572900000051e+02,0.000000000000000000e+00,0.000000000000000000e+00,0.000000000000000000e+00,0.000000000000000000e+00
1.012499081039999993e+02,0.000000000000000000e+00,0.000000000000000000e+00,0.000000000000000000e+00,0.000000000000000000e+00
1.013513013500000000e+02,0.000000000000000000e+00,0.000000000000000000e+00,0.000000000000000000e+00,0.000000000000000000e+00
1.014521532689999930e+02,0.000000000000000000e+00,0.000000000000000000e+00,0.000000000000000000e+00,0.000000000000000000e+00
1.015559974420000060e+02,0.000000000000000000e+00,0.000000000000000000e+00,0.000000000000000000e+00,0.000000000000000000e+00
1.016562523300000009e+02,0.000000000000000000e+00,0.000000000000000000e+00,0.000000000000000000e+00,0.000000000000000000e+00
1.017570840479999958e+02,0.000000000000000000e+00,0.000000000000000000e+00,0.000000000000000000e+00,0.000000000000000000e+00
1.018581533769999936e+02,0.000000000000000000e+00,0.000000000000000000e+00,0.000000000000000000e+00,0.000000000000000000e+00
1.019590325970000038e+02,0.000000000000000000e+00,0.000000000000000000e+00,0.000000000000000000e+00,0.000000000000000000e+00
1.020612950889999979e+02,0.000000000000000000e+00,0.000000000000000000e+00,0.000000000000000000e+00,0.000000000000000000e+00
1.021622537129999984e+02,0.000000000000000000e+00,0.000000000000000000e+00,0.000000000000000000e+00,0.000000000000000000e+00
1.022625422029999953e+02,0.000000000000000000e+00,0.000000000000000000e+00,0.000000000000000000e+00,0.000000000000000000e+00
1.023640955580000025e+02,0.000000000000000000e+00,0.000000000000000000e+00,0.000000000000000000e+00,0.000000000000000000e+00
1.024649737780000009e+02,0.000000000000000000e+00,0.000000000000000000e+00,0.000000000000000000e+00,0.000000000000000000e+00
1.025675719869999938e+02,0.000000000000000000e+00,0.000000000000000000e+00,0.000000000000000000e+00,0.000000000000000000e+00
1.026676202640000071e+02,0.000000000000000000e+00,0.000000000000000000e+00,0.000000000000000000e+00,0.000000000000000000e+00
1.027693723290000065e+02,0.000000000000000000e+00,0.000000000000000000e+00,0.000000000000000000e+00,0.000000000000000000e+00
1.028702177469999981e+02,0.000000000000000000e+00,0.000000000000000000e+00,0.000000000000000000e+00,0.000000000000000000e+00
1.029710691660000066e+02,0.000000000000000000e+00,0.000000000000000000e+00,0.000000000000000000e+00,0.000000000000000000e+00
1.030722803029999994e+02,0.000000000000000000e+00,0.000000000000000000e+00,0.000000000000000000e+00,0.000000000000000000e+00
1.031735225420000006e+02,0.000000000000000000e+00,0.000000000000000000e+00,0.000000000000000000e+00,0.000000000000000000e+00
1.032750740980000046e+02,0.000000000000000000e+00,0.000000000000000000e+00,0.000000000000000000e+00,0.000000000000000000e+00
1.033763250380000045e+02,0.000000000000000000e+00,0.000000000000000000e+00,0.000000000000000000e+00,0.000000000000000000e+00
1.034772588630000030e+02,0.000000000000000000e+00,0.000000000000000000e+00,0.000000000000000000e+00,0.000000000000000000e+00
1.035823454020000014e+02,0.000000000000000000e+00,0.000000000000000000e+00,0.000000000000000000e+00,0.000000000000000000e+00
1.036805106829999943e+02,0.000000000000000000e+00,0.000000000000000000e+00,0.000000000000000000e+00,0.000000000000000000e+00
1.037827003729999973e+02,0.000000000000000000e+00,0.000000000000000000e+00,0.000000000000000000e+00,0.000000000000000000e+00
1.038834535879999947e+02,0.000000000000000000e+00,0.000000000000000000e+00,0.000000000000000000e+00,0.000000000000000000e+00
1.039848020329999940e+02,0.000000000000000000e+00,0.000000000000000000e+00,0.000000000000000000e+00,0.000000000000000000e+00
1.040857954610000036e+02,0.000000000000000000e+00,0.000000000000000000e+00,0.000000000000000000e+00,0.000000000000000000e+00
1.041872755140000066e+02,0.000000000000000000e+00,0.000000000000000000e+00,0.000000000000000000e+00,0.000000000000000000e+00
1.042881067330000064e+02,0.000000000000000000e+00,0.000000000000000000e+00,0.000000000000000000e+00,0.000000000000000000e+00
1.043894088760000045e+02,0.000000000000000000e+00,0.000000000000000000e+00,0.000000000000000000e+00,0.000000000000000000e+00
1.044907038190000037e+02,0.000000000000000000e+00,0.000000000000000000e+00,0.000000000000000000e+00,0.000000000000000000e+00
1.045928630070000054e+02,0.000000000000000000e+00,0.000000000000000000e+00,0.000000000000000000e+00,0.000000000000000000e+00
1.046930045900000010e+02,0.000000000000000000e+00,0.000000000000000000e+00,0.000000000000000000e+00,0.000000000000000000e+00
1.047950201710000044e+02,0.000000000000000000e+00,0.000000000000000000e+00,0.000000000000000000e+00,0.000000000000000000e+00
1.048955232729999949e+02,0.000000000000000000e+00,0.000000000000000000e+00,0.000000000000000000e+00,0.000000000000000000e+00
1.049982138879999951e+02,0.000000000000000000e+00,0.000000000000000000e+00,0.000000000000000000e+00,0.000000000000000000e+00
1.051028031019999958e+02,0.000000000000000000e+00,0.000000000000000000e+00,0.000000000000000000e+00,0.000000000000000000e+00
1.052020796399999938e+02,0.000000000000000000e+00,0.000000000000000000e+00,0.000000000000000000e+00,0.000000000000000000e+00
1.053029986640000004e+02,0.000000000000000000e+00,0.000000000000000000e+00,0.000000000000000000e+00,0.000000000000000000e+00
1.054040651950000012e+02,0.000000000000000000e+00,0.000000000000000000e+00,0.000000000000000000e+00,0.000000000000000000e+00
1.055047197049999994e+02,0.000000000000000000e+00,0.000000000000000000e+00,0.000000000000000000e+00,0.000000000000000000e+00
1.056073457170000012e+02,0.000000000000000000e+00,0.000000000000000000e+00,0.000000000000000000e+00,0.000000000000000000e+00
1.057069750739999989e+02,0.000000000000000000e+00,0.000000000000000000e+00,0.000000000000000000e+00,0.000000000000000000e+00
1.058099566040000070e+02,0.000000000000000000e+00,0.000000000000000000e+00,0.000000000000000000e+00,0.000000000000000000e+00
1.059096838659999946e+02,0.000000000000000000e+00,0.000000000000000000e+00,0.000000000000000000e+00,0.000000000000000000e+00
1.060113491280000062e+02,0.000000000000000000e+00,0.000000000000000000e+00,0.000000000000000000e+00,0.000000000000000000e+00
1.061130179910000066e+02,0.000000000000000000e+00,0.000000000000000000e+00,0.000000000000000000e+00,0.000000000000000000e+00
1.062136073970000041e+02,0.000000000000000000e+00,0.000000000000000000e+00,0.000000000000000000e+00,0.000000000000000000e+00
1.063146183260000015e+02,0.000000000000000000e+00,0.000000000000000000e+00,0.000000000000000000e+00,0.000000000000000000e+00
1.064159159689999967e+02,0.000000000000000000e+00,0.000000000000000000e+00,0.000000000000000000e+00,0.000000000000000000e+00
1.065169903999999974e+02,0.000000000000000000e+00,0.000000000000000000e+00,0.000000000000000000e+00,0.000000000000000000e+00
1.066186919649999965e+02,0.000000000000000000e+00,0.000000000000000000e+00,0.000000000000000000e+00,0.000000000000000000e+00
1.067192756710000054e+02,0.000000000000000000e+00,0.000000000000000000e+00,0.000000000000000000e+00,0.000000000000000000e+00
1.068206116159999937e+02,0.000000000000000000e+00,0.000000000000000000e+00,0.000000000000000000e+00,0.000000000000000000e+00
1.069217493510000025e+02,0.000000000000000000e+00,0.000000000000000000e+00,0.000000000000000000e+00,0.000000000000000000e+00
1.070232121030000059e+02,0.000000000000000000e+00,0.000000000000000000e+00,0.000000000000000000e+00,0.000000000000000000e+00
1.071252729849999952e+02,0.000000000000000000e+00,0.000000000000000000e+00,0.000000000000000000e+00,0.000000000000000000e+00
1.073023318500000016e+02,0.000000000000000000e+00,0.000000000000000000e+00,0.000000000000000000e+00,0.000000000000000000e+00
1.073278807720000003e+02,0.000000000000000000e+00,0.000000000000000000e+00,0.000000000000000000e+00,0.000000000000000000e+00
1.074299757569999940e+02,0.000000000000000000e+00,0.000000000000000000e+00,0.000000000000000000e+00,0.000000000000000000e+00
1.075305473629999966e+02,0.000000000000000000e+00,0.000000000000000000e+00,0.000000000000000000e+00,0.000000000000000000e+00
1.076340612209999961e+02,0.000000000000000000e+00,0.000000000000000000e+00,0.000000000000000000e+00,0.000000000000000000e+00
1.077336668760000009e+02,0.000000000000000000e+00,0.000000000000000000e+00,0.000000000000000000e+00,0.000000000000000000e+00
1.078345794990000002e+02,0.000000000000000000e+00,0.000000000000000000e+00,0.000000000000000000e+00,0.000000000000000000e+00
1.079366166810000038e+02,0.000000000000000000e+00,0.000000000000000000e+00,0.000000000000000000e+00,0.000000000000000000e+00
1.080375435050000021e+02,0.000000000000000000e+00,0.000000000000000000e+00,0.000000000000000000e+00,0.000000000000000000e+00
1.081389563540000012e+02,0.000000000000000000e+00,0.000000000000000000e+00,0.000000000000000000e+00,0.000000000000000000e+00
1.082958008720000009e+02,0.000000000000000000e+00,0.000000000000000000e+00,0.000000000000000000e+00,0.000000000000000000e+00
1.083406548939999965e+02,0.000000000000000000e+00,0.000000000000000000e+00,0.000000000000000000e+00,0.000000000000000000e+00
1.084423781590000004e+02,0.000000000000000000e+00,0.000000000000000000e+00,0.000000000000000000e+00,0.000000000000000000e+00
1.085436253000000022e+02,0.000000000000000000e+00,0.000000000000000000e+00,0.000000000000000000e+00,0.000000000000000000e+00
1.086471235570000005e+02,0.000000000000000000e+00,0.000000000000000000e+00,0.000000000000000000e+00,0.000000000000000000e+00
1.087464389980000021e+02,0.000000000000000000e+00,0.000000000000000000e+00,0.000000000000000000e+00,0.000000000000000000e+00
1.088480989600000015e+02,0.000000000000000000e+00,0.000000000000000000e+00,0.000000000000000000e+00,0.000000000000000000e+00
1.089492934969999993e+02,0.000000000000000000e+00,0.000000000000000000e+00,0.000000000000000000e+00,0.000000000000000000e+00
1.090505333379999939e+02,0.000000000000000000e+00,0.000000000000000000e+00,0.000000000000000000e+00,0.000000000000000000e+00
1.091516646719999954e+02,0.000000000000000000e+00,0.000000000000000000e+00,0.000000000000000000e+00,0.000000000000000000e+00
1.092531423249999989e+02,0.000000000000000000e+00,0.000000000000000000e+00,0.000000000000000000e+00,0.000000000000000000e+00
1.093537874339999973e+02,0.000000000000000000e+00,0.000000000000000000e+00,0.000000000000000000e+00,0.000000000000000000e+00
1.094555115999999941e+02,0.000000000000000000e+00,0.000000000000000000e+00,0.000000000000000000e+00,0.000000000000000000e+00
1.095564696250000054e+02,0.000000000000000000e+00,0.000000000000000000e+00,0.000000000000000000e+00,0.000000000000000000e+00
1.096593574510000053e+02,0.000000000000000000e+00,0.000000000000000000e+00,0.000000000000000000e+00,0.000000000000000000e+00
1.097591803180000056e+02,0.000000000000000000e+00,0.000000000000000000e+00,0.000000000000000000e+00,0.000000000000000000e+00
1.098605249630000031e+02,0.000000000000000000e+00,0.000000000000000000e+00,0.000000000000000000e+00,0.000000000000000000e+00
1.099615976949999947e+02,0.000000000000000000e+00,0.000000000000000000e+00,0.000000000000000000e+00,0.000000000000000000e+00
1.100643030110000069e+02,0.000000000000000000e+00,0.000000000000000000e+00,0.000000000000000000e+00,0.000000000000000000e+00
1.101644229930000023e+02,0.000000000000000000e+00,0.000000000000000000e+00,0.000000000000000000e+00,0.000000000000000000e+00
1.102673600210000018e+02,0.000000000000000000e+00,0.000000000000000000e+00,0.000000000000000000e+00,0.000000000000000000e+00
1.103676838140000029e+02,0.000000000000000000e+00,0.000000000000000000e+00,0.000000000000000000e+00,0.000000000000000000e+00
1.104684554300000059e+02,0.000000000000000000e+00,0.000000000000000000e+00,0.000000000000000000e+00,0.000000000000000000e+00
1.105694633579999930e+02,0.000000000000000000e+00,0.000000000000000000e+00,0.000000000000000000e+00,0.000000000000000000e+00
1.106712882289999982e+02,0.000000000000000000e+00,0.000000000000000000e+00,0.000000000000000000e+00,0.000000000000000000e+00
1.107716289220000050e+02,0.000000000000000000e+00,0.000000000000000000e+00,0.000000000000000000e+00,0.000000000000000000e+00
1.108736759039999953e+02,0.000000000000000000e+00,0.000000000000000000e+00,0.000000000000000000e+00,0.000000000000000000e+00
1.109745458250000070e+02,0.000000000000000000e+00,0.000000000000000000e+00,0.000000000000000000e+00,0.000000000000000000e+00
1.110759257729999945e+02,0.000000000000000000e+00,0.000000000000000000e+00,0.000000000000000000e+00,0.000000000000000000e+00
1.111771244109999941e+02,0.000000000000000000e+00,0.000000000000000000e+00,0.000000000000000000e+00,0.000000000000000000e+00
1.112787935159999932e+02,0.000000000000000000e+00,0.000000000000000000e+00,0.000000000000000000e+00,0.000000000000000000e+00
1.113791544240000064e+02,0.000000000000000000e+00,0.000000000000000000e+00,0.000000000000000000e+00,0.000000000000000000e+00
1.114812903220000067e+02,0.000000000000000000e+00,0.000000000000000000e+00,0.000000000000000000e+00,0.000000000000000000e+00
1.115819764470000024e+02,0.000000000000000000e+00,0.000000000000000000e+00,0.000000000000000000e+00,0.000000000000000000e+00
1.116844659629999938e+02,0.000000000000000000e+00,0.000000000000000000e+00,0.000000000000000000e+00,0.000000000000000000e+00
1.117857361180000026e+02,0.000000000000000000e+00,0.000000000000000000e+00,0.000000000000000000e+00,0.000000000000000000e+00
1.118863188370000046e+02,0.000000000000000000e+00,0.000000000000000000e+00,0.000000000000000000e+00,0.000000000000000000e+00
1.119867597490000009e+02,0.000000000000000000e+00,0.000000000000000000e+00,0.000000000000000000e+00,0.000000000000000000e+00
1.120890599559999998e+02,0.000000000000000000e+00,0.000000000000000000e+00,0.000000000000000000e+00,0.000000000000000000e+00
1.121897785820000024e+02,0.000000000000000000e+00,0.000000000000000000e+00,0.000000000000000000e+00,0.000000000000000000e+00
1.122921418920000036e+02,0.000000000000000000e+00,0.000000000000000000e+00,0.000000000000000000e+00,0.000000000000000000e+00
1.123921471820000022e+02,0.000000000000000000e+00,0.000000000000000000e+00,0.000000000000000000e+00,0.000000000000000000e+00
1.124937176520000008e+02,0.000000000000000000e+00,0.000000000000000000e+00,0.000000000000000000e+00,0.000000000000000000e+00
1.125948851010000027e+02,0.000000000000000000e+00,0.000000000000000000e+00,0.000000000000000000e+00,0.000000000000000000e+00
1.126974332209999972e+02,0.000000000000000000e+00,0.000000000000000000e+00,0.000000000000000000e+00,0.000000000000000000e+00
1.127983117550000003e+02,0.000000000000000000e+00,0.000000000000000000e+00,0.000000000000000000e+00,0.000000000000000000e+00
1.128992847939999962e+02,0.000000000000000000e+00,0.000000000000000000e+00,0.000000000000000000e+00,0.000000000000000000e+00
1.130005338480000034e+02,0.000000000000000000e+00,0.000000000000000000e+00,0.000000000000000000e+00,0.000000000000000000e+00
1.131015242879999931e+02,0.000000000000000000e+00,0.000000000000000000e+00,0.000000000000000000e+00,0.000000000000000000e+00
1.132026518349999975e+02,0.000000000000000000e+00,0.000000000000000000e+00,0.000000000000000000e+00,0.000000000000000000e+00
1.133045358210000018e+02,0.000000000000000000e+00,0.000000000000000000e+00,0.000000000000000000e+00,0.000000000000000000e+00
1.134050396359999979e+02,0.000000000000000000e+00,0.000000000000000000e+00,0.000000000000000000e+00,0.000000000000000000e+00
1.135061155799999995e+02,0.000000000000000000e+00,0.000000000000000000e+00,0.000000000000000000e+00,0.000000000000000000e+00
1.136077488530000039e+02,0.000000000000000000e+00,0.000000000000000000e+00,0.000000000000000000e+00,0.000000000000000000e+00
1.137098970520000023e+02,0.000000000000000000e+00,0.000000000000000000e+00,0.000000000000000000e+00,0.000000000000000000e+00
1.138100296490000005e+02,0.000000000000000000e+00,0.000000000000000000e+00,0.000000000000000000e+00,0.000000000000000000e+00
1.139130431920000035e+02,0.000000000000000000e+00,0.000000000000000000e+00,0.000000000000000000e+00,0.000000000000000000e+00
1.140128811729999967e+02,0.000000000000000000e+00,0.000000000000000000e+00,0.000000000000000000e+00,0.000000000000000000e+00
1.141147800600000011e+02,0.000000000000000000e+00,0.000000000000000000e+00,0.000000000000000000e+00,0.000000000000000000e+00
1.142164891369999964e+02,0.000000000000000000e+00,0.000000000000000000e+00,0.000000000000000000e+00,0.000000000000000000e+00
1.143172398640000011e+02,0.000000000000000000e+00,0.000000000000000000e+00,0.000000000000000000e+00,0.000000000000000000e+00
1.144181696020000061e+02,0.000000000000000000e+00,0.000000000000000000e+00,0.000000000000000000e+00,0.000000000000000000e+00
1.145192623469999944e+02,0.000000000000000000e+00,0.000000000000000000e+00,0.000000000000000000e+00,0.000000000000000000e+00
1.146205041999999992e+02,0.000000000000000000e+00,0.000000000000000000e+00,0.000000000000000000e+00,0.000000000000000000e+00
1.147219713639999981e+02,0.000000000000000000e+00,0.000000000000000000e+00,0.000000000000000000e+00,0.000000000000000000e+00
1.148233645250000023e+02,0.000000000000000000e+00,0.000000000000000000e+00,0.000000000000000000e+00,0.000000000000000000e+00
1.149243657659999940e+02,0.000000000000000000e+00,0.000000000000000000e+00,0.000000000000000000e+00,0.000000000000000000e+00
1.150281322470000021e+02,0.000000000000000000e+00,0.000000000000000000e+00,0.000000000000000000e+00,0.000000000000000000e+00
1.151301387390000031e+02,0.000000000000000000e+00,0.000000000000000000e+00,0.000000000000000000e+00,0.000000000000000000e+00
1.152310291739999997e+02,0.000000000000000000e+00,0.000000000000000000e+00,0.000000000000000000e+00,0.000000000000000000e+00
1.153331331710000001e+02,0.000000000000000000e+00,0.000000000000000000e+00,0.000000000000000000e+00,0.000000000000000000e+00
1.154335037790000058e+02,0.000000000000000000e+00,0.000000000000000000e+00,0.000000000000000000e+00,0.000000000000000000e+00
1.155342034049999995e+02,0.000000000000000000e+00,0.000000000000000000e+00,0.000000000000000000e+00,0.000000000000000000e+00
1.156354303570000042e+02,0.000000000000000000e+00,0.000000000000000000e+00,0.000000000000000000e+00,0.000000000000000000e+00
1.157378757710000059e+02,0.000000000000000000e+00,0.000000000000000000e+00,0.000000000000000000e+00,0.000000000000000000e+00
1.158380660699999964e+02,0.000000000000000000e+00,0.000000000000000000e+00,0.000000000000000000e+00,0.000000000000000000e+00
1.159386753910000039e+02,0.000000000000000000e+00,0.000000000000000000e+00,0.000000000000000000e+00,0.000000000000000000e+00
1.160400593509999965e+02,0.000000000000000000e+00,0.000000000000000000e+00,0.000000000000000000e+00,0.000000000000000000e+00
1.161416352210000014e+02,0.000000000000000000e+00,0.000000000000000000e+00,0.000000000000000000e+00,0.000000000000000000e+00
1.162421477369999963e+02,0.000000000000000000e+00,0.000000000000000000e+00,0.000000000000000000e+00,0.000000000000000000e+00
1.163448008619999996e+02,0.000000000000000000e+00,0.000000000000000000e+00,0.000000000000000000e+00,0.000000000000000000e+00
1.164446624450000058e+02,0.000000000000000000e+00,0.000000000000000000e+00,0.000000000000000000e+00,0.000000000000000000e+00
1.165465469300000052e+02,0.000000000000000000e+00,0.000000000000000000e+00,0.000000000000000000e+00,0.000000000000000000e+00
1.166479681919999933e+02,0.000000000000000000e+00,0.000000000000000000e+00,0.000000000000000000e+00,0.000000000000000000e+00
1.167498314770000007e+02,0.000000000000000000e+00,0.000000000000000000e+00,0.000000000000000000e+00,0.000000000000000000e+00
1.168502297870000035e+02,0.000000000000000000e+00,0.000000000000000000e+00,0.000000000000000000e+00,0.000000000000000000e+00
1.169512222270000024e+02,0.000000000000000000e+00,0.000000000000000000e+00,0.000000000000000000e+00,0.000000000000000000e+00
1.170525767860000030e+02,0.000000000000000000e+00,0.000000000000000000e+00,0.000000000000000000e+00,0.000000000000000000e+00
1.171539717459999963e+02,0.000000000000000000e+00,0.000000000000000000e+00,0.000000000000000000e+00,0.000000000000000000e+00
1.172553950089999972e+02,0.000000000000000000e+00,0.000000000000000000e+00,0.000000000000000000e+00,0.000000000000000000e+00
1.173566581630000059e+02,0.000000000000000000e+00,0.000000000000000000e+00,0.000000000000000000e+00,0.000000000000000000e+00
1.174576430019999975e+02,0.000000000000000000e+00,0.000000000000000000e+00,0.000000000000000000e+00,0.000000000000000000e+00
1.175607089479999985e+02,0.000000000000000000e+00,0.000000000000000000e+00,0.000000000000000000e+00,0.000000000000000000e+00
1.176612935680000049e+02,0.000000000000000000e+00,0.000000000000000000e+00,0.000000000000000000e+00,0.000000000000000000e+00
1.177633918639999990e+02,0.000000000000000000e+00,0.000000000000000000e+00,0.000000000000000000e+00,0.000000000000000000e+00
1.178640430869999989e+02,0.000000000000000000e+00,0.000000000000000000e+00,0.000000000000000000e+00,0.000000000000000000e+00
1.179655780549999946e+02,0.000000000000000000e+00,0.000000000000000000e+00,0.000000000000000000e+00,0.000000000000000000e+00
1.180647224140000020e+02,0.000000000000000000e+00,0.000000000000000000e+00,0.000000000000000000e+00,0.000000000000000000e+00
1.181662291800000020e+02,0.000000000000000000e+00,0.000000000000000000e+00,0.000000000000000000e+00,0.000000000000000000e+00
1.182670483120000000e+02,0.000000000000000000e+00,0.000000000000000000e+00,0.000000000000000000e+00,0.000000000000000000e+00
1.183695802299999968e+02,0.000000000000000000e+00,0.000000000000000000e+00,0.000000000000000000e+00,0.000000000000000000e+00
1.184700850459999941e+02,0.000000000000000000e+00,0.000000000000000000e+00,0.000000000000000000e+00,0.000000000000000000e+00
1.192983495640000058e+02,0.000000000000000000e+00,0.000000000000000000e+00,0.000000000000000000e+00,0.000000000000000000e+00
1.193093683470000030e+02,0.000000000000000000e+00,0.000000000000000000e+00,0.000000000000000000e+00,0.000000000000000000e+00
1.193201295199999947e+02,0.000000000000000000e+00,0.000000000000000000e+00,0.000000000000000000e+00,0.000000000000000000e+00
1.193304629739999996e+02,0.000000000000000000e+00,0.000000000000000000e+00,0.000000000000000000e+00,0.000000000000000000e+00
1.193406886230000055e+02,0.000000000000000000e+00,0.000000000000000000e+00,0.000000000000000000e+00,0.000000000000000000e+00
1.193518476130000039e+02,0.000000000000000000e+00,0.000000000000000000e+00,0.000000000000000000e+00,0.000000000000000000e+00
1.193623420739999972e+02,0.000000000000000000e+00,0.000000000000000000e+00,0.000000000000000000e+00,0.000000000000000000e+00
1.193729527389999987e+02,0.000000000000000000e+00,0.000000000000000000e+00,0.000000000000000000e+00,0.000000000000000000e+00
1.193845262480000002e+02,0.000000000000000000e+00,0.000000000000000000e+00,0.000000000000000000e+00,0.000000000000000000e+00
1.194837296040000041e+02,0.000000000000000000e+00,0.000000000000000000e+00,0.000000000000000000e+00,0.000000000000000000e+00
1.195849224469999967e+02,0.000000000000000000e+00,0.000000000000000000e+00,0.000000000000000000e+00,0.000000000000000000e+00
1.196857641750000028e+02,0.000000000000000000e+00,0.000000000000000000e+00,0.000000000000000000e+00,0.000000000000000000e+00
1.197890655110000040e+02,0.000000000000000000e+00,0.000000000000000000e+00,0.000000000000000000e+00,0.000000000000000000e+00
1.198886154820000058e+02,0.000000000000000000e+00,0.000000000000000000e+00,0.000000000000000000e+00,0.000000000000000000e+00
1.199898527280000025e+02,0.000000000000000000e+00,0.000000000000000000e+00,0.000000000000000000e+00,0.000000000000000000e+00
1.200916413970000036e+02,0.000000000000000000e+00,0.000000000000000000e+00,0.000000000000000000e+00,0.000000000000000000e+00
1.201922184139999956e+02,0.000000000000000000e+00,0.000000000000000000e+00,0.000000000000000000e+00,0.000000000000000000e+00
1.202951039320000035e+02,0.000000000000000000e+00,0.000000000000000000e+00,0.000000000000000000e+00,0.000000000000000000e+00
1.203961498689999985e+02,0.000000000000000000e+00,0.000000000000000000e+00,0.000000000000000000e+00,0.000000000000000000e+00
1.204986317689999993e+02,0.000000000000000000e+00,0.000000000000000000e+00,0.000000000000000000e+00,0.000000000000000000e+00
1.205990070760000066e+02,0.000000000000000000e+00,0.000000000000000000e+00,0.000000000000000000e+00,0.000000000000000000e+00
1.206998891060000005e+02,0.000000000000000000e+00,0.000000000000000000e+00,0.000000000000000000e+00,0.000000000000000000e+00
1.208027576230000051e+02,0.000000000000000000e+00,0.000000000000000000e+00,0.000000000000000000e+00,0.000000000000000000e+00
1.209028084159999992e+02,0.000000000000000000e+00,0.000000000000000000e+00,0.000000000000000000e+00,0.000000000000000000e+00
1.210038387529999966e+02,0.000000000000000000e+00,0.000000000000000000e+00,0.000000000000000000e+00,0.000000000000000000e+00
1.211047323829999982e+02,0.000000000000000000e+00,0.000000000000000000e+00,0.000000000000000000e+00,0.000000000000000000e+00
1.212068777679999982e+02,0.000000000000000000e+00,0.000000000000000000e+00,0.000000000000000000e+00,0.000000000000000000e+00
1.213079390059999980e+02,0.000000000000000000e+00,0.000000000000000000e+00,0.000000000000000000e+00,0.000000000000000000e+00
1.214086484280000064e+02,0.000000000000000000e+00,0.000000000000000000e+00,0.000000000000000000e+00,0.000000000000000000e+00
1.215107734120000060e+02,0.000000000000000000e+00,0.000000000000000000e+00,0.000000000000000000e+00,0.000000000000000000e+00
1.216115165359999963e+02,0.000000000000000000e+00,0.000000000000000000e+00,0.000000000000000000e+00,0.000000000000000000e+00
1.217126156749999950e+02,0.000000000000000000e+00,0.000000000000000000e+00,0.000000000000000000e+00,0.000000000000000000e+00
1.218153864880000015e+02,0.000000000000000000e+00,0.000000000000000000e+00,0.000000000000000000e+00,0.000000000000000000e+00
1.219156187890000069e+02,0.000000000000000000e+00,0.000000000000000000e+00,0.000000000000000000e+00,0.000000000000000000e+00
1.220167606309999968e+02,0.000000000000000000e+00,0.000000000000000000e+00,0.000000000000000000e+00,0.000000000000000000e+00
1.221178869710000043e+02,0.000000000000000000e+00,0.000000000000000000e+00,0.000000000000000000e+00,0.000000000000000000e+00
1.222203046679999972e+02,0.000000000000000000e+00,0.000000000000000000e+00,0.000000000000000000e+00,0.000000000000000000e+00
1.223202008549999960e+02,0.000000000000000000e+00,0.000000000000000000e+00,0.000000000000000000e+00,0.000000000000000000e+00
1.224221394310000051e+02,0.000000000000000000e+00,0.000000000000000000e+00,0.000000000000000000e+00,0.000000000000000000e+00
1.225233059730000065e+02,0.000000000000000000e+00,0.000000000000000000e+00,0.000000000000000000e+00,0.000000000000000000e+00
1.226237861850000002e+02,0.000000000000000000e+00,0.000000000000000000e+00,0.000000000000000000e+00,0.000000000000000000e+00
1.227256778590000010e+02,0.000000000000000000e+00,0.000000000000000000e+00,0.000000000000000000e+00,0.000000000000000000e+00
1.228277321409999985e+02,0.000000000000000000e+00,0.000000000000000000e+00,0.000000000000000000e+00,0.000000000000000000e+00
1.229282136530000002e+02,0.000000000000000000e+00,0.000000000000000000e+00,0.000000000000000000e+00,0.000000000000000000e+00
1.230294674990000061e+02,0.000000000000000000e+00,0.000000000000000000e+00,0.000000000000000000e+00,0.000000000000000000e+00
1.231307462460000011e+02,0.000000000000000000e+00,0.000000000000000000e+00,0.000000000000000000e+00,0.000000000000000000e+00
1.232319865919999984e+02,0.000000000000000000e+00,0.000000000000000000e+00,0.000000000000000000e+00,0.000000000000000000e+00
1.233329137239999937e+02,0.000000000000000000e+00,0.000000000000000000e+00,0.000000000000000000e+00,0.000000000000000000e+00
1.234348705010000060e+02,0.000000000000000000e+00,0.000000000000000000e+00,0.000000000000000000e+00,0.000000000000000000e+00
1.235352281069999947e+02,0.000000000000000000e+00,0.000000000000000000e+00,0.000000000000000000e+00,0.000000000000000000e+00
1.236369682750000010e+02,0.000000000000000000e+00,0.000000000000000000e+00,0.000000000000000000e+00,0.000000000000000000e+00
1.237395556790000057e+02,0.000000000000000000e+00,0.000000000000000000e+00,0.000000000000000000e+00,0.000000000000000000e+00
1.238413758500000057e+02,0.000000000000000000e+00,0.000000000000000000e+00,0.000000000000000000e+00,0.000000000000000000e+00
1.239422301790000063e+02,0.000000000000000000e+00,0.000000000000000000e+00,0.000000000000000000e+00,0.000000000000000000e+00
1.240425756850000027e+02,0.000000000000000000e+00,0.000000000000000000e+00,0.000000000000000000e+00,0.000000000000000000e+00
1.241436432229999980e+02,0.000000000000000000e+00,0.000000000000000000e+00,0.000000000000000000e+00,0.000000000000000000e+00
1.242451544810000001e+02,0.000000000000000000e+00,0.000000000000000000e+00,0.000000000000000000e+00,0.000000000000000000e+00
1.243465327320000000e+02,0.000000000000000000e+00,0.000000000000000000e+00,0.000000000000000000e+00,0.000000000000000000e+00
1.244480238889999981e+02,0.000000000000000000e+00,0.000000000000000000e+00,0.000000000000000000e+00,0.000000000000000000e+00
1.245492270329999940e+02,0.000000000000000000e+00,0.000000000000000000e+00,0.000000000000000000e+00,0.000000000000000000e+00
1.246513906189999972e+02,0.000000000000000000e+00,0.000000000000000000e+00,0.000000000000000000e+00,0.000000000000000000e+00
1.247520460380000031e+02,0.000000000000000000e+00,0.000000000000000000e+00,0.000000000000000000e+00,0.000000000000000000e+00
1.248553137730000060e+02,0.000000000000000000e+00,0.000000000000000000e+00,0.000000000000000000e+00,0.000000000000000000e+00
1.249546157329999971e+02,0.000000000000000000e+00,0.000000000000000000e+00,0.000000000000000000e+00,0.000000000000000000e+00
1.250578531670000046e+02,0.000000000000000000e+00,0.000000000000000000e+00,0.000000000000000000e+00,0.000000000000000000e+00
1.251611798039999996e+02,0.000000000000000000e+00,0.000000000000000000e+00,0.000000000000000000e+00,0.000000000000000000e+00
1.252604215620000048e+02,0.000000000000000000e+00,0.000000000000000000e+00,0.000000000000000000e+00,0.000000000000000000e+00
1.253613163920000062e+02,0.000000000000000000e+00,0.000000000000000000e+00,0.000000000000000000e+00,0.000000000000000000e+00
1.254631032610000005e+02,0.000000000000000000e+00,0.000000000000000000e+00,0.000000000000000000e+00,0.000000000000000000e+00
1.255637363799999946e+02,0.000000000000000000e+00,0.000000000000000000e+00,0.000000000000000000e+00,0.000000000000000000e+00
1.256651575340000022e+02,0.000000000000000000e+00,0.000000000000000000e+00,0.000000000000000000e+00,0.000000000000000000e+00
1.262985343459999967e+02,0.000000000000000000e+00,0.000000000000000000e+00,0.000000000000000000e+00,0.000000000000000000e+00
1.263098966449999949e+02,0.000000000000000000e+00,0.000000000000000000e+00,0.000000000000000000e+00,0.000000000000000000e+00
1.263202852010000043e+02,0.000000000000000000e+00,0.000000000000000000e+00,0.000000000000000000e+00,0.000000000000000000e+00
1.263305592520000005e+02,0.000000000000000000e+00,0.000000000000000000e+00,0.000000000000000000e+00,0.000000000000000000e+00
1.263408190020000035e+02,0.000000000000000000e+00,0.000000000000000000e+00,0.000000000000000000e+00,0.000000000000000000e+00
1.263520558959999960e+02,0.000000000000000000e+00,0.000000000000000000e+00,0.000000000000000000e+00,0.000000000000000000e+00
1.263738903550000003e+02,0.000000000000000000e+00,0.000000000000000000e+00,0.000000000000000000e+00,0.000000000000000000e+00
1.264749924940000056e+02,0.000000000000000000e+00,0.000000000000000000e+00,0.000000000000000000e+00,0.000000000000000000e+00
1.265760490309999966e+02,0.000000000000000000e+00,0.000000000000000000e+00,0.000000000000000000e+00,0.000000000000000000e+00
1.266780658109999962e+02,0.000000000000000000e+00,0.000000000000000000e+00,0.000000000000000000e+00,0.000000000000000000e+00
1.267794341620000012e+02,0.000000000000000000e+00,0.000000000000000000e+00,0.000000000000000000e+00,0.000000000000000000e+00
1.268826402939999980e+02,0.000000000000000000e+00,0.000000000000000000e+00,0.000000000000000000e+00,0.000000000000000000e+00
1.269824330760000066e+02,0.000000000000000000e+00,0.000000000000000000e+00,0.000000000000000000e+00,0.000000000000000000e+00
1.270835694170000068e+02,0.000000000000000000e+00,0.000000000000000000e+00,0.000000000000000000e+00,0.000000000000000000e+00
1.271849803700000052e+02,0.000000000000000000e+00,0.000000000000000000e+00,0.000000000000000000e+00,0.000000000000000000e+00
1.272864151800000059e+02,0.000000000000000000e+00,0.000000000000000000e+00,0.000000000000000000e+00,0.000000000000000000e+00
1.273875859460000015e+02,0.000000000000000000e+00,0.000000000000000000e+00,0.000000000000000000e+00,0.000000000000000000e+00
1.274891320320000005e+02,0.000000000000000000e+00,0.000000000000000000e+00,0.000000000000000000e+00,0.000000000000000000e+00
1.275898068719999969e+02,0.000000000000000000e+00,0.000000000000000000e+00,0.000000000000000000e+00,0.000000000000000000e+00
1.276915970700000003e+02,0.000000000000000000e+00,0.000000000000000000e+00,0.000000000000000000e+00,0.000000000000000000e+00
1.277923779160000066e+02,0.000000000000000000e+00,0.000000000000000000e+00,0.000000000000000000e+00,0.000000000000000000e+00
1.278952394700000070e+02,0.000000000000000000e+00,0.000000000000000000e+00,0.000000000000000000e+00,0.000000000000000000e+00
1.279952278749999977e+02,0.000000000000000000e+00,0.000000000000000000e+00,0.000000000000000000e+00,0.000000000000000000e+00
1.280961525280000046e+02,0.000000000000000000e+00,0.000000000000000000e+00,0.000000000000000000e+00,0.000000000000000000e+00
1.281982246420000138e+02,0.000000000000000000e+00,0.000000000000000000e+00,0.000000000000000000e+00,0.000000000000000000e+00
1.282993492049999986e+02,0.000000000000000000e+00,0.000000000000000000e+00,0.000000000000000000e+00,0.000000000000000000e+00
1.284001297510000086e+02,0.000000000000000000e+00,0.000000000000000000e+00,0.000000000000000000e+00,0.000000000000000000e+00
1.285021952639999938e+02,0.000000000000000000e+00,0.000000000000000000e+00,0.000000000000000000e+00,0.000000000000000000e+00
1.286027016959999969e+02,0.000000000000000000e+00,0.000000000000000000e+00,0.000000000000000000e+00,0.000000000000000000e+00
1.287041529759999889e+02,0.000000000000000000e+00,0.000000000000000000e+00,0.000000000000000000e+00,0.000000000000000000e+00
1.288061595860000068e+02,0.000000000000000000e+00,0.000000000000000000e+00,0.000000000000000000e+00,0.000000000000000000e+00
1.289084314099999915e+02,0.000000000000000000e+00,0.000000000000000000e+00,0.000000000000000000e+00,0.000000000000000000e+00
1.290090511470000081e+02,0.000000000000000000e+00,0.000000000000000000e+00,0.000000000000000000e+00,0.000000000000000000e+00
1.291112447669999881e+02,0.000000000000000000e+00,0.000000000000000000e+00,0.000000000000000000e+00,0.000000000000000000e+00
1.292115517880000084e+02,0.000000000000000000e+00,0.000000000000000000e+00,0.000000000000000000e+00,0.000000000000000000e+00
1.293130123690000062e+02,0.000000000000000000e+00,0.000000000000000000e+00,0.000000000000000000e+00,0.000000000000000000e+00
1.294142233370000099e+02,0.000000000000000000e+00,0.000000000000000000e+00,0.000000000000000000e+00,0.000000000000000000e+00
1.295160150359999989e+02,0.000000000000000000e+00,0.000000000000000000e+00,0.000000000000000000e+00,0.000000000000000000e+00
1.296173912129999906e+02,0.000000000000000000e+00,0.000000000000000000e+00,0.000000000000000000e+00,0.000000000000000000e+00
1.297183809699999983e+02,0.000000000000000000e+00,0.000000000000000000e+00,0.000000000000000000e+00,0.000000000000000000e+00
1.298201132650000034e+02,0.000000000000000000e+00,0.000000000000000000e+00,0.000000000000000000e+00,0.000000000000000000e+00
1.299233276379999893e+02,0.000000000000000000e+00,0.000000000000000000e+00,0.000000000000000000e+00,0.000000000000000000e+00
1.300240261790000034e+02,0.000000000000000000e+00,0.000000000000000000e+00,0.000000000000000000e+00,0.000000000000000000e+00
1.301245913140000141e+02,0.000000000000000000e+00,0.000000000000000000e+00,0.000000000000000000e+00,0.000000000000000000e+00
1.302257544800000062e+02,0.000000000000000000e+00,0.000000000000000000e+00,0.000000000000000000e+00,0.000000000000000000e+00
1.303267448359999889e+02,0.000000000000000000e+00,0.000000000000000000e+00,0.000000000000000000e+00,0.000000000000000000e+00
1.304278173970000125e+02,0.000000000000000000e+00,0.000000000000000000e+00,0.000000000000000000e+00,0.000000000000000000e+00
1.305295548930000109e+02,0.000000000000000000e+00,0.000000000000000000e+00,0.000000000000000000e+00,0.000000000000000000e+00
1.306308286649999957e+02,0.000000000000000000e+00,0.000000000000000000e+00,0.000000000000000000e+00,0.000000000000000000e+00
1.307320169319999934e+02,0.000000000000000000e+00,0.000000000000000000e+00,0.000000000000000000e+00,0.000000000000000000e+00
1.308337536269999930e+02,0.000000000000000000e+00,0.000000000000000000e+00,0.000000000000000000e+00,0.000000000000000000e+00
1.309365003759999979e+02,0.000000000000000000e+00,0.000000000000000000e+00,0.000000000000000000e+00,0.000000000000000000e+00
1.310360547580000059e+02,0.000000000000000000e+00,0.000000000000000000e+00,0.000000000000000000e+00,0.000000000000000000e+00
1.311372347239999954e+02,0.000000000000000000e+00,0.000000000000000000e+00,0.000000000000000000e+00,0.000000000000000000e+00
1.312385906000000091e+02,0.000000000000000000e+00,0.000000000000000000e+00,0.000000000000000000e+00,0.000000000000000000e+00
1.313393431449999866e+02,0.000000000000000000e+00,0.000000000000000000e+00,0.000000000000000000e+00,0.000000000000000000e+00
1.314403596029999903e+02,0.000000000000000000e+00,0.000000000000000000e+00,0.000000000000000000e+00,0.000000000000000000e+00
1.315420602970000061e+02,0.000000000000000000e+00,0.000000000000000000e+00,0.000000000000000000e+00,0.000000000000000000e+00
1.316430491529999927e+02,0.000000000000000000e+00,0.000000000000000000e+00,0.000000000000000000e+00,0.000000000000000000e+00
1.317449438570000098e+02,0.000000000000000000e+00,0.000000000000000000e+00,0.000000000000000000e+00,0.000000000000000000e+00
1.318460445199999924e+02,0.000000000000000000e+00,0.000000000000000000e+00,0.000000000000000000e+00,0.000000000000000000e+00
1.319487635669999861e+02,0.000000000000000000e+00,0.000000000000000000e+00,0.000000000000000000e+00,0.000000000000000000e+00
1.320485545610000031e+02,0.000000000000000000e+00,0.000000000000000000e+00,0.000000000000000000e+00,0.000000000000000000e+00
1.321493421069999954e+02,0.000000000000000000e+00,0.000000000000000000e+00,0.000000000000000000e+00,0.000000000000000000e+00
1.322510959040000103e+02,0.000000000000000000e+00,0.000000000000000000e+00,0.000000000000000000e+00,0.000000000000000000e+00
1.323517168410000124e+02,0.000000000000000000e+00,0.000000000000000000e+00,0.000000000000000000e+00,0.000000000000000000e+00
1.324533930339999870e+02,0.000000000000000000e+00,0.000000000000000000e+00,0.000000000000000000e+00,0.000000000000000000e+00
1.325548201130000052e+02,0.000000000000000000e+00,0.000000000000000000e+00,0.000000000000000000e+00,0.000000000000000000e+00
1.326554952539999874e+02,0.000000000000000000e+00,0.000000000000000000e+00,0.000000000000000000e+00,0.000000000000000000e+00
1.327569488350000029e+02,0.000000000000000000e+00,0.000000000000000000e+00,0.000000000000000000e+00,0.000000000000000000e+00
1.328582872099999861e+02,0.000000000000000000e+00,0.000000000000000000e+00,0.000000000000000000e+00,0.000000000000000000e+00
1.329602846189999923e+02,0.000000000000000000e+00,0.000000000000000000e+00,0.000000000000000000e+00,0.000000000000000000e+00
1.330616256940000142e+02,0.000000000000000000e+00,0.000000000000000000e+00,0.000000000000000000e+00,0.000000000000000000e+00
1.331626256510000132e+02,0.000000000000000000e+00,0.000000000000000000e+00,0.000000000000000000e+00,0.000000000000000000e+00
1.332643308449999893e+02,0.000000000000000000e+00,0.000000000000000000e+00,0.000000000000000000e+00,0.000000000000000000e+00
1.333657813259999898e+02,0.000000000000000000e+00,0.000000000000000000e+00,0.000000000000000000e+00,0.000000000000000000e+00
1.334666914789999907e+02,0.000000000000000000e+00,0.000000000000000000e+00,0.000000000000000000e+00,0.000000000000000000e+00
1.335676956359999963e+02,0.000000000000000000e+00,0.000000000000000000e+00,0.000000000000000000e+00,0.000000000000000000e+00
1.336688758029999917e+02,0.000000000000000000e+00,0.000000000000000000e+00,0.000000000000000000e+00,0.000000000000000000e+00
1.337703332840000030e+02,0.000000000000000000e+00,0.000000000000000000e+00,0.000000000000000000e+00,0.000000000000000000e+00
1.338717671640000049e+02,0.000000000000000000e+00,0.000000000000000000e+00,0.000000000000000000e+00,0.000000000000000000e+00
1.339741688940000017e+02,0.000000000000000000e+00,0.000000000000000000e+00,0.000000000000000000e+00,0.000000000000000000e+00
1.340745559190000051e+02,0.000000000000000000e+00,0.000000000000000000e+00,0.000000000000000000e+00,0.000000000000000000e+00
1.341754256700000099e+02,0.000000000000000000e+00,0.000000000000000000e+00,0.000000000000000000e+00,0.000000000000000000e+00
1.342764719300000138e+02,0.000000000000000000e+00,0.000000000000000000e+00,0.000000000000000000e+00,0.000000000000000000e+00
1.343774046830000088e+02,0.000000000000000000e+00,0.000000000000000000e+00,0.000000000000000000e+00,0.000000000000000000e+00
1.344784155410000039e+02,0.000000000000000000e+00,0.000000000000000000e+00,0.000000000000000000e+00,0.000000000000000000e+00
1.345810478839999860e+02,0.000000000000000000e+00,0.000000000000000000e+00,0.000000000000000000e+00,0.000000000000000000e+00
1.346811577949999901e+02,0.000000000000000000e+00,0.000000000000000000e+00,0.000000000000000000e+00,0.000000000000000000e+00
1.347824809690000052e+02,0.000000000000000000e+00,0.000000000000000000e+00,0.000000000000000000e+00,0.000000000000000000e+00
1.348841244589999917e+02,0.000000000000000000e+00,0.000000000000000000e+00,0.000000000000000000e+00,0.000000000000000000e+00
1.349861219690000098e+02,0.000000000000000000e+00,0.000000000000000000e+00,0.000000000000000000e+00,0.000000000000000000e+00
1.350910806320000006e+02,0.000000000000000000e+00,0.000000000000000000e+00,0.000000000000000000e+00,0.000000000000000000e+00
1.351937031740000066e+02,0.000000000000000000e+00,0.000000000000000000e+00,0.000000000000000000e+00,0.000000000000000000e+00
1.352921998070000029e+02,0.000000000000000000e+00,0.000000000000000000e+00,0.000000000000000000e+00,0.000000000000000000e+00
1.353937900070000069e+02,0.000000000000000000e+00,0.000000000000000000e+00,0.000000000000000000e+00,0.000000000000000000e+00
1.363037450829999955e+02,0.000000000000000000e+00,0.000000000000000000e+00,0.000000000000000000e+00,0.000000000000000000e+00
1.363140140179999946e+02,0.000000000000000000e+00,0.000000000000000000e+00,0.000000000000000000e+00,0.000000000000000000e+00
1.363258125339999935e+02,0.000000000000000000e+00,0.000000000000000000e+00,0.000000000000000000e+00,0.000000000000000000e+00
1.363376622520000012e+02,0.000000000000000000e+00,0.000000000000000000e+00,0.000000000000000000e+00,0.000000000000000000e+00
1.363484550150000132e+02,0.000000000000000000e+00,0.000000000000000000e+00,0.000000000000000000e+00,0.000000000000000000e+00
1.363623011379999923e+02,0.000000000000000000e+00,0.000000000000000000e+00,0.000000000000000000e+00,0.000000000000000000e+00
1.372954640240000117e+02,0.000000000000000000e+00,0.000000000000000000e+00,0.000000000000000000e+00,0.000000000000000000e+00
1.373064907989999881e+02,0.000000000000000000e+00,0.000000000000000000e+00,0.000000000000000000e+00,0.000000000000000000e+00
1.373165196219999871e+02,0.000000000000000000e+00,0.000000000000000000e+00,0.000000000000000000e+00,0.000000000000000000e+00
1.373271561770000062e+02,0.000000000000000000e+00,0.000000000000000000e+00,0.000000000000000000e+00,0.000000000000000000e+00
1.373372681049999926e+02,0.000000000000000000e+00,0.000000000000000000e+00,0.000000000000000000e+00,0.000000000000000000e+00
1.373482762790000038e+02,0.000000000000000000e+00,0.000000000000000000e+00,0.000000000000000000e+00,0.000000000000000000e+00
1.373588548310000022e+02,0.000000000000000000e+00,0.000000000000000000e+00,0.000000000000000000e+00,0.000000000000000000e+00
1.373707864529999938e+02,0.000000000000000000e+00,0.000000000000000000e+00,0.000000000000000000e+00,0.000000000000000000e+00
1.373822710530000109e+02,0.000000000000000000e+00,0.000000000000000000e+00,0.000000000000000000e+00,0.000000000000000000e+00
1.373939710630000093e+02,0.000000000000000000e+00,0.000000000000000000e+00,0.000000000000000000e+00,0.000000000000000000e+00
1.374051831479999919e+02,0.000000000000000000e+00,0.000000000000000000e+00,0.000000000000000000e+00,0.000000000000000000e+00
1.374159585099999958e+02,0.000000000000000000e+00,0.000000000000000000e+00,0.000000000000000000e+00,0.000000000000000000e+00
1.374269127819999881e+02,0.000000000000000000e+00,0.000000000000000000e+00,0.000000000000000000e+00,0.000000000000000000e+00
1.374394175340000004e+02,0.000000000000000000e+00,0.000000000000000000e+00,0.000000000000000000e+00,0.000000000000000000e+00
1.375225881730000026e+02,0.000000000000000000e+00,0.000000000000000000e+00,0.000000000000000000e+00,0.000000000000000000e+00
1.376233183289999999e+02,0.000000000000000000e+00,0.000000000000000000e+00,0.000000000000000000e+00,0.000000000000000000e+00
1.377249422310000000e+02,0.000000000000000000e+00,0.000000000000000000e+00,0.000000000000000000e+00,0.000000000000000000e+00
1.378255527800000095e+02,0.000000000000000000e+00,0.000000000000000000e+00,0.000000000000000000e+00,0.000000000000000000e+00
1.379267781609999872e+02,0.000000000000000000e+00,0.000000000000000000e+00,0.000000000000000000e+00,0.000000000000000000e+00
1.380302166580000005e+02,0.000000000000000000e+00,0.000000000000000000e+00,0.000000000000000000e+00,0.000000000000000000e+00
1.381289379090000011e+02,0.000000000000000000e+00,0.000000000000000000e+00,0.000000000000000000e+00,0.000000000000000000e+00
1.382309642319999909e+02,0.000000000000000000e+00,0.000000000000000000e+00,0.000000000000000000e+00,0.000000000000000000e+00
1.383318657959999882e+02,0.000000000000000000e+00,0.000000000000000000e+00,0.000000000000000000e+00,0.000000000000000000e+00
1.384332658859999867e+02,0.000000000000000000e+00,0.000000000000000000e+00,0.000000000000000000e+00,0.000000000000000000e+00
1.385343964630000073e+02,0.000000000000000000e+00,0.000000000000000000e+00,0.000000000000000000e+00,0.000000000000000000e+00
1.386357652510000094e+02,0.000000000000000000e+00,0.000000000000000000e+00,0.000000000000000000e+00,0.000000000000000000e+00
1.387369419300000004e+02,0.000000000000000000e+00,0.000000000000000000e+00,0.000000000000000000e+00,0.000000000000000000e+00
1.388383498210000084e+02,0.000000000000000000e+00,0.000000000000000000e+00,0.000000000000000000e+00,0.000000000000000000e+00
1.389401051300000063e+02,0.000000000000000000e+00,0.000000000000000000e+00,0.000000000000000000e+00,0.000000000000000000e+00
1.390419496430000095e+02,0.000000000000000000e+00,0.000000000000000000e+00,0.000000000000000000e+00,0.000000000000000000e+00
1.391418589559999930e+02,0.000000000000000000e+00,0.000000000000000000e+00,0.000000000000000000e+00,0.000000000000000000e+00
1.392441648930000042e+02,0.000000000000000000e+00,0.000000000000000000e+00,0.000000000000000000e+00,0.000000000000000000e+00
1.393453553729999896e+02,0.000000000000000000e+00,0.000000000000000000e+00,0.000000000000000000e+00,0.000000000000000000e+00
1.394468406679999930e+02,0.000000000000000000e+00,0.000000000000000000e+00,0.000000000000000000e+00,0.000000000000000000e+00
1.395476633279999987e+02,0.000000000000000000e+00,0.000000000000000000e+00,0.000000000000000000e+00,0.000000000000000000e+00
1.396495988460000035e+02,0.000000000000000000e+00,0.000000000000000000e+00,0.000000000000000000e+00,0.000000000000000000e+00
1.397502562980000107e+02,0.000000000000000000e+00,0.000000000000000000e+00,0.000000000000000000e+00,0.000000000000000000e+00
1.398512296659999947e+02,0.000000000000000000e+00,0.000000000000000000e+00,0.000000000000000000e+00,0.000000000000000000e+00
1.399528318669999862e+02,0.000000000000000000e+00,0.000000000000000000e+00,0.000000000000000000e+00,0.000000000000000000e+00
1.400569331979999959e+02,0.000000000000000000e+00,0.000000000000000000e+00,0.000000000000000000e+00,0.000000000000000000e+00
1.401567262039999946e+02,0.000000000000000000e+00,0.000000000000000000e+00,0.000000000000000000e+00,0.000000000000000000e+00
1.402577417749999995e+02,0.000000000000000000e+00,0.000000000000000000e+00,0.000000000000000000e+00,0.000000000000000000e+00
1.403582642190000058e+02,0.000000000000000000e+00,0.000000000000000000e+00,0.000000000000000000e+00,0.000000000000000000e+00
1.404601096330000018e+02,0.000000000000000000e+00,0.000000000000000000e+00,0.000000000000000000e+00,0.000000000000000000e+00
1.405606930810000108e+02,0.000000000000000000e+00,0.000000000000000000e+00,0.000000000000000000e+00,0.000000000000000000e+00
1.406629293150000137e+02,0.000000000000000000e+00,0.000000000000000000e+00,0.000000000000000000e+00,0.000000000000000000e+00
1.407635552650000079e+02,0.000000000000000000e+00,0.000000000000000000e+00,0.000000000000000000e+00,0.000000000000000000e+00
1.408649539550000043e+02,0.000000000000000000e+00,0.000000000000000000e+00,0.000000000000000000e+00,0.000000000000000000e+00
1.409664991530000009e+02,0.000000000000000000e+00,0.000000000000000000e+00,0.000000000000000000e+00,0.000000000000000000e+00
1.410684165700000108e+02,0.000000000000000000e+00,0.000000000000000000e+00,0.000000000000000000e+00,0.000000000000000000e+00
1.411686348990000113e+02,0.000000000000000000e+00,0.000000000000000000e+00,0.000000000000000000e+00,0.000000000000000000e+00
1.412699563850000004e+02,0.000000000000000000e+00,0.000000000000000000e+00,0.000000000000000000e+00,0.000000000000000000e+00
1.413711457640000049e+02,0.000000000000000000e+00,0.000000000000000000e+00,0.000000000000000000e+00,0.000000000000000000e+00
1.414730194789999871e+02,0.000000000000000000e+00,0.000000000000000000e+00,0.000000000000000000e+00,0.000000000000000000e+00
1.415749844990000099e+02,0.000000000000000000e+00,0.000000000000000000e+00,0.000000000000000000e+00,0.000000000000000000e+00
1.416773185380000086e+02,0.000000000000000000e+00,0.000000000000000000e+00,0.000000000000000000e+00,0.000000000000000000e+00
1.417791944539999918e+02,0.000000000000000000e+00,0.000000000000000000e+00,0.000000000000000000e+00,0.000000000000000000e+00
1.418806520470000123e+02,0.000000000000000000e+00,0.000000000000000000e+00,0.000000000000000000e+00,0.000000000000000000e+00
1.419819179300000087e+02,0.000000000000000000e+00,0.000000000000000000e+00,0.000000000000000000e+00,0.000000000000000000e+00
1.420849125039999876e+02,0.000000000000000000e+00,0.000000000000000000e+00,0.000000000000000000e+00,0.000000000000000000e+00
1.421846994100000074e+02,0.000000000000000000e+00,0.000000000000000000e+00,0.000000000000000000e+00,0.000000000000000000e+00
1.422862303070000110e+02,0.000000000000000000e+00,0.000000000000000000e+00,0.000000000000000000e+00,0.000000000000000000e+00
1.423869562620000124e+02,0.000000000000000000e+00,0.000000000000000000e+00,0.000000000000000000e+00,0.000000000000000000e+00
1.424887210720000041e+02,0.000000000000000000e+00,0.000000000000000000e+00,0.000000000000000000e+00,0.000000000000000000e+00
1.425896156359999907e+02,0.000000000000000000e+00,0.000000000000000000e+00,0.000000000000000000e+00,0.000000000000000000e+00
1.426922854919999963e+02,0.000000000000000000e+00,0.000000000000000000e+00,0.000000000000000000e+00,0.000000000000000000e+00
1.427939863979999870e+02,0.000000000000000000e+00,0.000000000000000000e+00,0.000000000000000000e+00,0.000000000000000000e+00
1.428954497919999937e+02,0.000000000000000000e+00,0.000000000000000000e+00,0.000000000000000000e+00,0.000000000000000000e+00
1.429970819940000126e+02,0.000000000000000000e+00,0.000000000000000000e+00,0.000000000000000000e+00,0.000000000000000000e+00
1.430993971329999965e+02,0.000000000000000000e+00,0.000000000000000000e+00,0.000000000000000000e+00,0.000000000000000000e+00
1.431992685429999881e+02,0.000000000000000000e+00,0.000000000000000000e+00,0.000000000000000000e+00,0.000000000000000000e+00
1.433005559560000108e+02,0.000000000000000000e+00,0.000000000000000000e+00,0.000000000000000000e+00,0.000000000000000000e+00
1.434016186929999890e+02,0.000000000000000000e+00,0.000000000000000000e+00,0.000000000000000000e+00,0.000000000000000000e+00
1.435028248369999915e+02,0.000000000000000000e+00,0.000000000000000000e+00,0.000000000000000000e+00,0.000000000000000000e+00
1.436043476970000086e+02,0.000000000000000000e+00,0.000000000000000000e+00,0.000000000000000000e+00,0.000000000000000000e+00
1.437063680809999937e+02,0.000000000000000000e+00,0.000000000000000000e+00,0.000000000000000000e+00,0.000000000000000000e+00
1.438075416240000095e+02,0.000000000000000000e+00,0.000000000000000000e+00,0.000000000000000000e+00,0.000000000000000000e+00
1.439092460930000072e+02,0.000000000000000000e+00,0.000000000000000000e+00,0.000000000000000000e+00,0.000000000000000000e+00
1.440099294110000017e+02,0.000000000000000000e+00,0.000000000000000000e+00,0.000000000000000000e+00,0.000000000000000000e+00
1.441133488639999882e+02,0.000000000000000000e+00,0.000000000000000000e+00,0.000000000000000000e+00,0.000000000000000000e+00
1.442131002369999919e+02,0.000000000000000000e+00,0.000000000000000000e+00,0.000000000000000000e+00,0.000000000000000000e+00
1.443138106570000048e+02,0.000000000000000000e+00,0.000000000000000000e+00,0.000000000000000000e+00,0.000000000000000000e+00
1.444151441079999927e+02,0.000000000000000000e+00,0.000000000000000000e+00,0.000000000000000000e+00,0.000000000000000000e+00
1.445167086700000141e+02,0.000000000000000000e+00,0.000000000000000000e+00,0.000000000000000000e+00,0.000000000000000000e+00
1.453012644979999948e+02,0.000000000000000000e+00,0.000000000000000000e+00,0.000000000000000000e+00,0.000000000000000000e+00
1.453116804070000114e+02,0.000000000000000000e+00,0.000000000000000000e+00,0.000000000000000000e+00,0.000000000000000000e+00
1.453219628090000128e+02,0.000000000000000000e+00,0.000000000000000000e+00,0.000000000000000000e+00,0.000000000000000000e+00
1.453324844230000110e+02,0.000000000000000000e+00,0.000000000000000000e+00,0.000000000000000000e+00,0.000000000000000000e+00
1.453432359489999897e+02,0.000000000000000000e+00,0.000000000000000000e+00,0.000000000000000000e+00,0.000000000000000000e+00
1.453535434519999967e+02,0.000000000000000000e+00,0.000000000000000000e+00,0.000000000000000000e+00,0.000000000000000000e+00
1.453640152639999883e+02,0.000000000000000000e+00,0.000000000000000000e+00,0.000000000000000000e+00,0.000000000000000000e+00
1.453753489169999966e+02,0.000000000000000000e+00,0.000000000000000000e+00,0.000000000000000000e+00,0.000000000000000000e+00
1.454303574049999952e+02,0.000000000000000000e+00,0.000000000000000000e+00,0.000000000000000000e+00,0.000000000000000000e+00
1.455316938549999861e+02,0.000000000000000000e+00,0.000000000000000000e+00,0.000000000000000000e+00,0.000000000000000000e+00
1.456329797040000074e+02,0.000000000000000000e+00,0.000000000000000000e+00,0.000000000000000000e+00,0.000000000000000000e+00
1.457346524710000040e+02,0.000000000000000000e+00,0.000000000000000000e+00,0.000000000000000000e+00,0.000000000000000000e+00
1.458351071779999870e+02,0.000000000000000000e+00,0.000000000000000000e+00,0.000000000000000000e+00,0.000000000000000000e+00
1.459364377290000050e+02,0.000000000000000000e+00,0.000000000000000000e+00,0.000000000000000000e+00,0.000000000000000000e+00
1.460380045910000035e+02,0.000000000000000000e+00,0.000000000000000000e+00,0.000000000000000000e+00,0.000000000000000000e+00
1.461409678210000038e+02,0.000000000000000000e+00,0.000000000000000000e+00,0.000000000000000000e+00,0.000000000000000000e+00
1.462405584859999976e+02,0.000000000000000000e+00,0.000000000000000000e+00,0.000000000000000000e+00,0.000000000000000000e+00
1.463428238820000047e+02,0.000000000000000000e+00,0.000000000000000000e+00,0.000000000000000000e+00,0.000000000000000000e+00
1.464439010199999984e+02,0.000000000000000000e+00,0.000000000000000000e+00,0.000000000000000000e+00,0.000000000000000000e+00
1.465448724530000106e+02,0.000000000000000000e+00,0.000000000000000000e+00,0.000000000000000000e+00,0.000000000000000000e+00
1.466468380340000124e+02,0.000000000000000000e+00,0.000000000000000000e+00,0.000000000000000000e+00,0.000000000000000000e+00
1.467476512599999978e+02,0.000000000000000000e+00,0.000000000000000000e+00,0.000000000000000000e+00,0.000000000000000000e+00
1.468485603889999993e+02,0.000000000000000000e+00,0.000000000000000000e+00,0.000000000000000000e+00,0.000000000000000000e+00
1.469503850639999882e+02,0.000000000000000000e+00,0.000000000000000000e+00,0.000000000000000000e+00,0.000000000000000000e+00
1.470508295710000084e+02,0.000000000000000000e+00,0.000000000000000000e+00,0.000000000000000000e+00,0.000000000000000000e+00
1.471554494819999945e+02,0.000000000000000000e+00,0.000000000000000000e+00,0.000000000000000000e+00,0.000000000000000000e+00
1.472545329229999993e+02,0.000000000000000000e+00,0.000000000000000000e+00,0.000000000000000000e+00,0.000000000000000000e+00
1.473556749640000021e+02,0.000000000000000000e+00,0.000000000000000000e+00,0.000000000000000000e+00,0.000000000000000000e+00
1.474572181249999971e+02,0.000000000000000000e+00,0.000000000000000000e+00,0.000000000000000000e+00,0.000000000000000000e+00
1.475588428890000046e+02,0.000000000000000000e+00,0.000000000000000000e+00,0.000000000000000000e+00,0.000000000000000000e+00
1.476599787300000060e+02,0.000000000000000000e+00,0.000000000000000000e+00,0.000000000000000000e+00,0.000000000000000000e+00
1.477613152810000088e+02,0.000000000000000000e+00,0.000000000000000000e+00,0.000000000000000000e+00,0.000000000000000000e+00
1.478629106440000101e+02,0.000000000000000000e+00,0.000000000000000000e+00,0.000000000000000000e+00,0.000000000000000000e+00
1.479639071779999995e+02,0.000000000000000000e+00,0.000000000000000000e+00,0.000000000000000000e+00,0.000000000000000000e+00
1.480641195720000098e+02,0.000000000000000000e+00,0.000000000000000000e+00,0.000000000000000000e+00,0.000000000000000000e+00
1.481668037880000099e+02,0.000000000000000000e+00,0.000000000000000000e+00,0.000000000000000000e+00,0.000000000000000000e+00
1.482667960729999947e+02,0.000000000000000000e+00,0.000000000000000000e+00,0.000000000000000000e+00,0.000000000000000000e+00
1.483676392000000135e+02,0.000000000000000000e+00,0.000000000000000000e+00,0.000000000000000000e+00,0.000000000000000000e+00
1.484691380579999986e+02,0.000000000000000000e+00,0.000000000000000000e+00,0.000000000000000000e+00,0.000000000000000000e+00
1.485706968199999949e+02,0.000000000000000000e+00,0.000000000000000000e+00,0.000000000000000000e+00,0.000000000000000000e+00
1.486715022449999992e+02,0.000000000000000000e+00,0.000000000000000000e+00,0.000000000000000000e+00,0.000000000000000000e+00
1.487742875659999982e+02,0.000000000000000000e+00,0.000000000000000000e+00,0.000000000000000000e+00,0.000000000000000000e+00
1.488741782460000138e+02,0.000000000000000000e+00,0.000000000000000000e+00,0.000000000000000000e+00,0.000000000000000000e+00
1.489762209310000003e+02,0.000000000000000000e+00,0.000000000000000000e+00,0.000000000000000000e+00,0.000000000000000000e+00
1.490775876840000080e+02,0.000000000000000000e+00,0.000000000000000000e+00,0.000000000000000000e+00,0.000000000000000000e+00
1.492928355990000000e+02,0.000000000000000000e+00,0.000000000000000000e+00,0.000000000000000000e+00,0.000000000000000000e+00
1.493033194109999897e+02,0.000000000000000000e+00,0.000000000000000000e+00,0.000000000000000000e+00,0.000000000000000000e+00
1.493816934399999923e+02,0.000000000000000000e+00,0.000000000000000000e+00,0.000000000000000000e+00,0.000000000000000000e+00
1.494837324249999995e+02,0.000000000000000000e+00,0.000000000000000000e+00,0.000000000000000000e+00,0.000000000000000000e+00
1.495847200590000057e+02,0.000000000000000000e+00,0.000000000000000000e+00,0.000000000000000000e+00,0.000000000000000000e+00
1.496853326739999943e+02,0.000000000000000000e+00,0.000000000000000000e+00,0.000000000000000000e+00,0.000000000000000000e+00
1.497899916869999970e+02,0.000000000000000000e+00,0.000000000000000000e+00,0.000000000000000000e+00,0.000000000000000000e+00
1.498883905939999863e+02,0.000000000000000000e+00,0.000000000000000000e+00,0.000000000000000000e+00,0.000000000000000000e+00
1.499900857629999962e+02,0.000000000000000000e+00,0.000000000000000000e+00,0.000000000000000000e+00,0.000000000000000000e+00
1.500911964020000084e+02,0.000000000000000000e+00,0.000000000000000000e+00,0.000000000000000000e+00,0.000000000000000000e+00
1.501945307500000126e+02,0.000000000000000000e+00,0.000000000000000000e+00,0.000000000000000000e+00,0.000000000000000000e+00
1.502939599080000050e+02,0.000000000000000000e+00,0.000000000000000000e+00,0.000000000000000000e+00,0.000000000000000000e+00
1.503951130499999920e+02,0.000000000000000000e+00,0.000000000000000000e+00,0.000000000000000000e+00,0.000000000000000000e+00
1.504961814870000012e+02,0.000000000000000000e+00,0.000000000000000000e+00,0.000000000000000000e+00,0.000000000000000000e+00
1.505974043319999964e+02,0.000000000000000000e+00,0.000000000000000000e+00,0.000000000000000000e+00,0.000000000000000000e+00
1.506987265820000061e+02,0.000000000000000000e+00,0.000000000000000000e+00,0.000000000000000000e+00,0.000000000000000000e+00
1.508012694919999888e+02,0.000000000000000000e+00,0.000000000000000000e+00,0.000000000000000000e+00,0.000000000000000000e+00
1.509011746730000141e+02,0.000000000000000000e+00,0.000000000000000000e+00,0.000000000000000000e+00,0.000000000000000000e+00
1.510026844319999952e+02,0.000000000000000000e+00,0.000000000000000000e+00,0.000000000000000000e+00,0.000000000000000000e+00
1.511037052670000094e+02,0.000000000000000000e+00,0.000000000000000000e+00,0.000000000000000000e+00,0.000000000000000000e+00
1.512060692679999931e+02,0.000000000000000000e+00,0.000000000000000000e+00,0.000000000000000000e+00,0.000000000000000000e+00
1.513062701329999982e+02,0.000000000000000000e+00,0.000000000000000000e+00,0.000000000000000000e+00,0.000000000000000000e+00
1.514073513159999891e+02,0.000000000000000000e+00,0.000000000000000000e+00,0.000000000000000000e+00,0.000000000000000000e+00
1.515093095439999900e+02,0.000000000000000000e+00,0.000000000000000000e+00,0.000000000000000000e+00,0.000000000000000000e+00
1.516102462199999934e+02,0.000000000000000000e+00,0.000000000000000000e+00,0.000000000000000000e+00,0.000000000000000000e+00
1.517122302489999868e+02,0.000000000000000000e+00,0.000000000000000000e+00,0.000000000000000000e+00,0.000000000000000000e+00
1.518143930859999955e+02,0.000000000000000000e+00,0.000000000000000000e+00,0.000000000000000000e+00,0.000000000000000000e+00
1.519166803299999913e+02,0.000000000000000000e+00,0.000000000000000000e+00,0.000000000000000000e+00,0.000000000000000000e+00
1.520181638340000063e+02,0.000000000000000000e+00,0.000000000000000000e+00,0.000000000000000000e+00,0.000000000000000000e+00
1.521190595079999923e+02,0.000000000000000000e+00,0.000000000000000000e+00,0.000000000000000000e+00,0.000000000000000000e+00
1.522214900589999900e+02,0.000000000000000000e+00,0.000000000000000000e+00,0.000000000000000000e+00,0.000000000000000000e+00
1.523212070740000001e+02,0.000000000000000000e+00,0.000000000000000000e+00,0.000000000000000000e+00,0.000000000000000000e+00
1.524222639559999948e+02,0.000000000000000000e+00,0.000000000000000000e+00,0.000000000000000000e+00,0.000000000000000000e+00
1.525237802620000025e+02,0.000000000000000000e+00,0.000000000000000000e+00,0.000000000000000000e+00,0.000000000000000000e+00
1.526261201080000092e+02,0.000000000000000000e+00,0.000000000000000000e+00,0.000000000000000000e+00,0.000000000000000000e+00
1.527270726849999960e+02,0.000000000000000000e+00,0.000000000000000000e+00,0.000000000000000000e+00,0.000000000000000000e+00
1.528280648639999981e+02,0.000000000000000000e+00,0.000000000000000000e+00,0.000000000000000000e+00,0.000000000000000000e+00
1.529288564329999929e+02,0.000000000000000000e+00,0.000000000000000000e+00,0.000000000000000000e+00,0.000000000000000000e+00
1.530305360469999982e+02,0.000000000000000000e+00,0.000000000000000000e+00,0.000000000000000000e+00,0.000000000000000000e+00
1.531315929289999929e+02,0.000000000000000000e+00,0.000000000000000000e+00,0.000000000000000000e+00,0.000000000000000000e+00
1.532339525769999966e+02,0.000000000000000000e+00,0.000000000000000000e+00,0.000000000000000000e+00,0.000000000000000000e+00
1.533340876119999905e+02,0.000000000000000000e+00,0.000000000000000000e+00,0.000000000000000000e+00,0.000000000000000000e+00
1.534354557100000136e+02,0.000000000000000000e+00,0.000000000000000000e+00,0.000000000000000000e+00,0.000000000000000000e+00
1.535366611999999975e+02,0.000000000000000000e+00,0.000000000000000000e+00,0.000000000000000000e+00,0.000000000000000000e+00
1.536375495739999906e+02,0.000000000000000000e+00,0.000000000000000000e+00,0.000000000000000000e+00,0.000000000000000000e+00
1.537398663189999866e+02,0.000000000000000000e+00,0.000000000000000000e+00,0.000000000000000000e+00,0.000000000000000000e+00
1.538409831040000029e+02,0.000000000000000000e+00,0.000000000000000000e+00,0.000000000000000000e+00,0.000000000000000000e+00
1.539421166900000060e+02,0.000000000000000000e+00,0.000000000000000000e+00,0.000000000000000000e+00,0.000000000000000000e+00
1.540440245149999896e+02,0.000000000000000000e+00,0.000000000000000000e+00,0.000000000000000000e+00,0.000000000000000000e+00
1.541448341850000077e+02,0.000000000000000000e+00,0.000000000000000000e+00,0.000000000000000000e+00,0.000000000000000000e+00
1.542471302300000104e+02,0.000000000000000000e+00,0.000000000000000000e+00,0.000000000000000000e+00,0.000000000000000000e+00
1.543473787709999954e+02,0.000000000000000000e+00,0.000000000000000000e+00,0.000000000000000000e+00,0.000000000000000000e+00
1.544488622750000104e+02,0.000000000000000000e+00,0.000000000000000000e+00,0.000000000000000000e+00,0.000000000000000000e+00
1.545494226319999882e+02,0.000000000000000000e+00,0.000000000000000000e+00,0.000000000000000000e+00,0.000000000000000000e+00
1.546515737690000094e+02,0.000000000000000000e+00,0.000000000000000000e+00,0.000000000000000000e+00,0.000000000000000000e+00
1.547518313109999895e+02,0.000000000000000000e+00,0.000000000000000000e+00,0.000000000000000000e+00,0.000000000000000000e+00
1.548537545369999862e+02,0.000000000000000000e+00,0.000000000000000000e+00,0.000000000000000000e+00,0.000000000000000000e+00
1.549547546160000024e+02,0.000000000000000000e+00,0.000000000000000000e+00,0.000000000000000000e+00,0.000000000000000000e+00
1.550576420909999911e+02,0.000000000000000000e+00,0.000000000000000000e+00,0.000000000000000000e+00,0.000000000000000000e+00
1.551607910779999884e+02,0.000000000000000000e+00,0.000000000000000000e+00,0.000000000000000000e+00,0.000000000000000000e+00
1.552606899019999958e+02,0.000000000000000000e+00,0.000000000000000000e+00,0.000000000000000000e+00,0.000000000000000000e+00
1.553611860560000082e+02,0.000000000000000000e+00,0.000000000000000000e+00,0.000000000000000000e+00,0.000000000000000000e+00
1.554621946359999924e+02,0.000000000000000000e+00,0.000000000000000000e+00,0.000000000000000000e+00,0.000000000000000000e+00
1.555636815400000046e+02,0.000000000000000000e+00,0.000000000000000000e+00,0.000000000000000000e+00,0.000000000000000000e+00
1.556648171260000026e+02,0.000000000000000000e+00,0.000000000000000000e+00,0.000000000000000000e+00,0.000000000000000000e+00
1.557660555170000123e+02,0.000000000000000000e+00,0.000000000000000000e+00,0.000000000000000000e+00,0.000000000000000000e+00
1.558681176499999879e+02,0.000000000000000000e+00,0.000000000000000000e+00,0.000000000000000000e+00,0.000000000000000000e+00
1.559687765120000051e+02,0.000000000000000000e+00,0.000000000000000000e+00,0.000000000000000000e+00,0.000000000000000000e+00
1.560695598800000141e+02,0.000000000000000000e+00,0.000000000000000000e+00,0.000000000000000000e+00,0.000000000000000000e+00
1.561709173780000128e+02,0.000000000000000000e+00,0.000000000000000000e+00,0.000000000000000000e+00,0.000000000000000000e+00
1.562740512640000077e+02,0.000000000000000000e+00,0.000000000000000000e+00,0.000000000000000000e+00,0.000000000000000000e+00
1.563734493629999918e+02,0.000000000000000000e+00,0.000000000000000000e+00,0.000000000000000000e+00,0.000000000000000000e+00
1.564752676839999879e+02,0.000000000000000000e+00,0.000000000000000000e+00,0.000000000000000000e+00,0.000000000000000000e+00
1.565762668630000007e+02,0.000000000000000000e+00,0.000000000000000000e+00,0.000000000000000000e+00,0.000000000000000000e+00
1.566773047439999971e+02,0.000000000000000000e+00,0.000000000000000000e+00,0.000000000000000000e+00,0.000000000000000000e+00
1.567802534219999870e+02,0.000000000000000000e+00,0.000000000000000000e+00,0.000000000000000000e+00,0.000000000000000000e+00
1.568812946029999864e+02,0.000000000000000000e+00,0.000000000000000000e+00,0.000000000000000000e+00,0.000000000000000000e+00
1.569819606659999920e+02,0.000000000000000000e+00,0.000000000000000000e+00,0.000000000000000000e+00,0.000000000000000000e+00
1.570832608599999958e+02,0.000000000000000000e+00,0.000000000000000000e+00,0.000000000000000000e+00,0.000000000000000000e+00
1.571855806060000020e+02,0.000000000000000000e+00,0.000000000000000000e+00,0.000000000000000000e+00,0.000000000000000000e+00
1.572877706449999948e+02,0.000000000000000000e+00,0.000000000000000000e+00,0.000000000000000000e+00,0.000000000000000000e+00
1.573879905850000114e+02,0.000000000000000000e+00,0.000000000000000000e+00,0.000000000000000000e+00,0.000000000000000000e+00
1.574891780739999945e+02,0.000000000000000000e+00,0.000000000000000000e+00,0.000000000000000000e+00,0.000000000000000000e+00
1.575897792330000016e+02,0.000000000000000000e+00,0.000000000000000000e+00,0.000000000000000000e+00,0.000000000000000000e+00
1.576919117690000007e+02,0.000000000000000000e+00,0.000000000000000000e+00,0.000000000000000000e+00,0.000000000000000000e+00
1.577927328400000135e+02,0.000000000000000000e+00,0.000000000000000000e+00,0.000000000000000000e+00,0.000000000000000000e+00
1.578948157730000048e+02,0.000000000000000000e+00,0.000000000000000000e+00,0.000000000000000000e+00,0.000000000000000000e+00
1.579957313479999925e+02,0.000000000000000000e+00,0.000000000000000000e+00,0.000000000000000000e+00,0.000000000000000000e+00
1.580973235579999994e+02,0.000000000000000000e+00,0.000000000000000000e+00,0.000000000000000000e+00,0.000000000000000000e+00
1.581997440080000104e+02,0.000000000000000000e+00,0.000000000000000000e+00,0.000000000000000000e+00,0.000000000000000000e+00
1.583037254379999865e+02,0.000000000000000000e+00,0.000000000000000000e+00,0.000000000000000000e+00,0.000000000000000000e+00
1.584030870349999987e+02,0.000000000000000000e+00,0.000000000000000000e+00,0.000000000000000000e+00,0.000000000000000000e+00
1.585043528269999911e+02,0.000000000000000000e+00,0.000000000000000000e+00,0.000000000000000000e+00,0.000000000000000000e+00
1.586059829380000110e+02,0.000000000000000000e+00,0.000000000000000000e+00,0.000000000000000000e+00,0.000000000000000000e+00
